# Two Dipoles. Viscous opposite moments. $\\Reyn=1$, $x(0)=3$
# Commit: 2026-08-08-4-g5e9f416
# KinematicViscosity: 1
# TauMode: ConstPi32 τ = 1/π^(3/2)
# Date: 2026-08-14 01:33:44
time,d1_rx,d1_mx,d2_rx,d2_mx,sum_zeta_square,linear_impulse_x,linear_impulse_y,linear_impulse_z,angular_impulse_x,angular_impulse_y,angular_impulse_z
0.000000,0.000000,1.000000,3.000000,-1.000000,2.000000,0.000000,0.000000,0.000000,0.000000,0.000000,0.000000
0.100000,0.011366,1.000578,2.988634,-1.000578,2.002311,0.000000,0.000000,0.000000,0.000000,0.000000,0.000000
0.200000,0.022723,1.001171,2.977277,-1.001171,2.004688,0.000000,0.000000,0.000000,0.000000,0.000000,0.000000
0.300000,0.034070,1.001782,2.965930,-1.001782,2.007134,0.000000,0.000000,0.000000,0.000000,0.000000,0.000000
0.400000,0.045407,1.002409,2.954593,-1.002409,2.009648,0.000000,0.000000,0.000000,0.000000,0.000000,0.000000
0.500000,0.056734,1.003054,2.943266,-1.003054,2.012233,0.000000,0.000000,0.000000,0.000000,0.000000,0.000000
0.600000,0.068049,1.003716,2.931951,-1.003716,2.014891,0.000000,0.000000,0.000000,0.000000,0.000000,0.000000
0.700000,0.079353,1.004396,2.920647,-1.004396,2.017621,0.000000,0.000000,0.000000,0.000000,0.000000,0.000000
0.800000,0.090644,1.005094,2.909356,-1.005094,2.020426,0.000000,0.000000,0.000000,0.000000,0.000000,0.000000
0.900000,0.101921,1.005810,2.898079,-1.005810,2.023306,0.000000,0.000000,0.000000,0.000000,0.000000,0.000000
1.000000,0.113185,1.006544,2.886815,-1.006544,2.026263,0.000000,0.000000,0.000000,0.000000,0.000000,0.000000
1.100000,0.124433,1.007297,2.875567,-1.007297,2.029295,0.000000,0.000000,0.000000,0.000000,0.000000,0.000000
1.200000,0.135666,1.008069,2.864334,-1.008069,2.032405,0.000000,0.000000,0.000000,0.000000,0.000000,0.000000
1.300000,0.146881,1.008859,2.853119,-1.008859,2.035591,0.000000,0.000000,0.000000,0.000000,0.000000,0.000000
1.400000,0.158078,1.009667,2.841922,-1.009667,2.038854,0.000000,0.000000,0.000000,0.000000,0.000000,0.000000
1.500000,0.169256,1.010493,2.830744,-1.010493,2.042193,0.000000,0.000000,0.000000,0.000000,0.000000,0.000000
1.600000,0.180413,1.011337,2.819587,-1.011337,2.045606,0.000000,0.000000,0.000000,0.000000,0.000000,0.000000
1.700000,0.191548,1.012199,2.808452,-1.012199,2.049092,0.000000,0.000000,0.000000,0.000000,0.000000,0.000000
1.800000,0.202660,1.013077,2.797340,-1.013077,2.052650,0.000000,0.000000,0.000000,0.000000,0.000000,0.000000
1.900000,0.213746,1.013971,2.786254,-1.013971,2.056275,0.000000,0.000000,0.000000,0.000000,0.000000,0.000000
2.000000,0.224805,1.014881,2.775195,-1.014881,2.059965,0.000000,0.000000,0.000000,0.000000,0.000000,0.000000
2.100000,0.235835,1.015804,2.764165,-1.015804,2.063716,0.000000,0.000000,0.000000,0.000000,0.000000,0.000000
2.200000,0.246835,1.016741,2.753165,-1.016741,2.067524,0.000000,0.000000,0.000000,0.000000,0.000000,0.000000
2.300000,0.257801,1.017689,2.742199,-1.017689,2.071381,0.000000,0.000000,0.000000,0.000000,0.000000,0.000000
2.400000,0.268732,1.018647,2.731268,-1.018647,2.075283,0.000000,0.000000,0.000000,0.000000,0.000000,0.000000
2.500000,0.279626,1.019613,2.720374,-1.019613,2.079221,0.000000,0.000000,0.000000,0.000000,0.000000,0.000000
2.600000,0.290480,1.020585,2.709520,-1.020585,2.083186,0.000000,0.000000,0.000000,0.000000,0.000000,0.000000
2.700000,0.301290,1.021560,2.698710,-1.021560,2.087169,0.000000,0.000000,0.000000,0.000000,0.000000,0.000000
2.800000,0.312055,1.022536,2.687945,-1.022536,2.091159,0.000000,0.000000,0.000000,0.000000,0.000000,0.000000
2.900000,0.322771,1.023510,2.677229,-1.023510,2.095144,0.000000,0.000000,0.000000,0.000000,0.000000,0.000000
3.000000,0.333434,1.024478,2.666566,-1.024478,2.099110,0.000000,0.000000,0.000000,0.000000,0.000000,0.000000
3.100000,0.344043,1.025437,2.655957,-1.025437,2.103041,0.000000,0.000000,0.000000,0.000000,0.000000,0.000000
3.200000,0.354592,1.026382,2.645408,-1.026382,2.106922,0.000000,0.000000,0.000000,0.000000,0.000000,0.000000
3.300000,0.365078,1.027310,2.634922,-1.027310,2.110733,0.000000,0.000000,0.000000,0.000000,0.000000,0.000000
3.400000,0.375498,1.028216,2.624502,-1.028216,2.114455,0.000000,0.000000,0.000000,0.000000,0.000000,0.000000
3.500000,0.385847,1.029094,2.614153,-1.029094,2.118067,0.000000,0.000000,0.000000,0.000000,0.000000,0.000000
3.600000,0.396122,1.029938,2.603878,-1.029938,2.121545,0.000000,0.000000,0.000000,0.000000,0.000000,0.000000
3.700000,0.406317,1.030743,2.593683,-1.030743,2.124863,0.000000,0.000000,0.000000,0.000000,0.000000,0.000000
3.800000,0.416428,1.031503,2.583572,-1.031503,2.127996,0.000000,0.000000,0.000000,0.000000,0.000000,0.000000
3.900000,0.426451,1.032210,2.573549,-1.032210,2.130915,0.000000,0.000000,0.000000,0.000000,0.000000,0.000000
4.000000,0.436381,1.032858,2.563619,-1.032858,2.133590,0.000000,0.000000,0.000000,0.000000,0.000000,0.000000
4.100000,0.446213,1.033438,2.553787,-1.033438,2.135989,0.000000,0.000000,0.000000,0.000000,0.000000,0.000000
4.200000,0.455942,1.033943,2.544058,-1.033943,2.138078,0.000000,0.000000,0.000000,0.000000,0.000000,0.000000
4.300000,0.465563,1.034365,2.534437,-1.034365,2.139823,0.000000,0.000000,0.000000,0.000000,0.000000,0.000000
4.400000,0.475072,1.034695,2.524928,-1.034695,2.141188,0.000000,0.000000,0.000000,0.000000,0.000000,0.000000
4.500000,0.484462,1.034924,2.515538,-1.034924,2.142136,0.000000,0.000000,0.000000,0.000000,0.000000,0.000000
4.600000,0.493730,1.035043,2.506270,-1.035043,2.142629,0.000000,0.000000,0.000000,0.000000,0.000000,0.000000
4.700000,0.502869,1.035043,2.497131,-1.035043,2.142628,0.000000,0.000000,0.000000,0.000000,0.000000,0.000000
4.800000,0.511875,1.034914,2.488125,-1.034914,2.142094,0.000000,0.000000,0.000000,0.000000,0.000000,0.000000
4.900000,0.520743,1.034647,2.479257,-1.034647,2.140987,0.000000,0.000000,0.000000,0.000000,0.000000,0.000000
5.000000,0.529468,1.034231,2.470532,-1.034231,2.139268,0.000000,0.000000,0.000000,0.000000,0.000000,0.000000
5.100000,0.538046,1.033658,2.461954,-1.033658,2.136899,0.000000,0.000000,0.000000,0.000000,0.000000,0.000000
5.200000,0.546471,1.032918,2.453529,-1.032918,2.133841,0.000000,0.000000,0.000000,0.000000,0.000000,0.000000
5.300000,0.554739,1.032002,2.445261,-1.032002,2.130057,0.000000,0.000000,0.000000,0.000000,0.000000,0.000000
5.400000,0.562846,1.030900,2.437154,-1.030900,2.125511,0.000000,0.000000,0.000000,0.000000,0.000000,0.000000
5.500000,0.570788,1.029604,2.429212,-1.029604,2.120171,0.000000,0.000000,0.000000,0.000000,0.000000,0.000000
5.600000,0.578561,1.028106,2.421439,-1.028106,2.114004,0.000000,0.000000,0.000000,0.000000,0.000000,0.000000
5.700000,0.586162,1.026397,2.413838,-1.026397,2.106982,0.000000,0.000000,0.000000,0.000000,0.000000,0.000000
5.800000,0.593587,1.024470,2.406413,-1.024470,2.099078,0.000000,0.000000,0.000000,0.000000,0.000000,0.000000
5.900000,0.600833,1.022319,2.399167,-1.022319,2.090270,0.000000,0.000000,0.000000,0.000000,0.000000,0.000000
6.000000,0.607898,1.019936,2.392102,-1.019936,2.080539,0.000000,0.000000,0.000000,0.000000,0.000000,0.000000
6.100000,0.614779,1.017317,2.385221,-1.017317,2.069869,0.000000,0.000000,0.000000,0.000000,0.000000,0.000000
6.200000,0.621475,1.014457,2.378525,-1.014457,2.058248,0.000000,0.000000,0.000000,0.000000,0.000000,0.000000
6.300000,0.627983,1.011353,2.372017,-1.011353,2.045669,0.000000,0.000000,0.000000,0.000000,0.000000,0.000000
6.400000,0.634302,1.008000,2.365698,-1.008000,2.032130,0.000000,0.000000,0.000000,0.000000,0.000000,0.000000
6.500000,0.640432,1.004398,2.359568,-1.004398,2.017630,0.000000,0.000000,0.000000,0.000000,0.000000,0.000000
6.600000,0.646371,1.000544,2.353629,-1.000544,2.002177,0.000000,0.000000,0.000000,0.000000,0.000000,0.000000
6.700000,0.652119,0.996439,2.347881,-0.996439,1.985781,0.000000,0.000000,0.000000,0.000000,0.000000,0.000000
6.800000,0.657676,0.992083,2.342324,-0.992083,1.968456,0.000000,0.000000,0.000000,0.000000,0.000000,0.000000
6.900000,0.663043,0.987477,2.336957,-0.987477,1.950222,0.000000,0.000000,0.000000,0.000000,0.000000,0.000000
7.000000,0.668220,0.982625,2.331780,-0.982625,1.931102,0.000000,0.000000,0.000000,0.000000,0.000000,0.000000
7.100000,0.673208,0.977528,2.326792,-0.977528,1.911123,0.000000,0.000000,0.000000,0.000000,0.000000,0.000000
7.200000,0.678008,0.972192,2.321992,-0.972192,1.890316,0.000000,0.000000,0.000000,0.000000,0.000000,0.000000
7.300000,0.682622,0.966622,2.317378,-0.966622,1.868716,0.000000,0.000000,0.000000,0.000000,0.000000,0.000000
7.400000,0.687052,0.960823,2.312948,-0.960823,1.846361,0.000000,0.000000,0.000000,0.000000,0.000000,0.000000
7.500000,0.691299,0.954801,2.308701,-0.954801,1.823291,0.000000,0.000000,0.000000,0.000000,0.000000,0.000000
7.600000,0.695366,0.948565,2.304634,-0.948565,1.799549,0.000000,0.000000,0.000000,0.000000,0.000000,0.000000
7.700000,0.699255,0.942120,2.300745,-0.942120,1.775182,0.000000,0.000000,0.000000,0.000000,0.000000,0.000000
7.800000,0.702970,0.935477,2.297030,-0.935477,1.750236,0.000000,0.000000,0.000000,0.000000,0.000000,0.000000
7.900000,0.706511,0.928644,2.293489,-0.928644,1.724759,0.000000,0.000000,0.000000,0.000000,0.000000,0.000000
8.000000,0.709884,0.921630,2.290116,-0.921630,1.698803,0.000000,0.000000,0.000000,0.000000,0.000000,0.000000
8.100000,0.713090,0.914445,2.286910,-0.914445,1.672418,0.000000,0.000000,0.000000,0.000000,0.000000,0.000000
8.200000,0.716134,0.907098,2.283866,-0.907098,1.645654,0.000000,0.000000,0.000000,0.000000,0.000000,0.000000
8.300000,0.719018,0.899601,2.280982,-0.899601,1.618563,0.000000,0.000000,0.000000,0.000000,0.000000,0.000000
8.400000,0.721746,0.891963,2.278254,-0.891963,1.591195,0.000000,0.000000,0.000000,0.000000,0.000000,0.000000
8.500000,0.724321,0.884195,2.275679,-0.884195,1.563602,0.000000,0.000000,0.000000,0.000000,0.000000,0.000000
8.600000,0.726748,0.876308,2.273252,-0.876308,1.535832,0.000000,0.000000,0.000000,0.000000,0.000000,0.000000
8.700000,0.729030,0.868313,2.270970,-0.868313,1.507933,0.000000,0.000000,0.000000,0.000000,0.000000,0.000000
8.800000,0.731170,0.860219,2.268830,-0.860219,1.479954,0.000000,0.000000,0.000000,0.000000,0.000000,0.000000
8.900000,0.733172,0.852038,2.266828,-0.852038,1.451938,0.000000,0.000000,0.000000,0.000000,0.000000,0.000000
9.000000,0.735041,0.843780,2.264959,-0.843780,1.423931,0.000000,0.000000,0.000000,0.000000,0.000000,0.000000
9.100000,0.736779,0.835456,2.263221,-0.835456,1.395974,0.000000,0.000000,0.000000,0.000000,0.000000,0.000000
9.200000,0.738392,0.827075,2.261608,-0.827075,1.368107,0.000000,0.000000,0.000000,0.000000,0.000000,0.000000
9.300000,0.739881,0.818648,2.260119,-0.818648,1.340368,0.000000,0.000000,0.000000,0.000000,0.000000,0.000000
9.400000,0.741252,0.810183,2.258748,-0.810183,1.312793,0.000000,0.000000,0.000000,0.000000,0.000000,0.000000
9.500000,0.742508,0.801691,2.257492,-0.801691,1.285415,0.000000,0.000000,0.000000,0.000000,0.000000,0.000000
9.600000,0.743653,0.793179,2.256347,-0.793179,1.258267,0.000000,0.000000,0.000000,0.000000,0.000000,0.000000
9.700000,0.744689,0.784658,2.255311,-0.784658,1.231376,0.000000,0.000000,0.000000,0.000000,0.000000,0.000000
9.800000,0.745622,0.776135,2.254378,-0.776135,1.204770,0.000000,0.000000,0.000000,0.000000,0.000000,0.000000
9.900000,0.746454,0.767618,2.253546,-0.767618,1.178474,0.000000,0.000000,0.000000,0.000000,0.000000,0.000000
10.000000,0.747189,0.759114,2.252811,-0.759114,1.152509,0.000000,0.000000,0.000000,0.000000,0.000000,0.000000
10.100000,0.747830,0.750632,2.252170,-0.750632,1.126897,0.000000,0.000000,0.000000,0.000000,0.000000,0.000000
10.200000,0.748381,0.742177,2.251619,-0.742177,1.101654,0.000000,0.000000,0.000000,0.000000,0.000000,0.000000
10.300000,0.748845,0.733757,2.251155,-0.733757,1.076799,0.000000,0.000000,0.000000,0.000000,0.000000,0.000000
10.400000,0.749226,0.725377,2.250774,-0.725377,1.052344,0.000000,0.000000,0.000000,0.000000,0.000000,0.000000
10.500000,0.749525,0.717043,2.250475,-0.717043,1.028302,0.000000,0.000000,0.000000,0.000000,0.000000,0.000000
10.600000,0.749748,0.708761,2.250252,-0.708761,1.004684,0.000000,0.000000,0.000000,0.000000,0.000000,0.000000
10.700000,0.749896,0.700535,2.250104,-0.700535,0.981499,0.000000,0.000000,0.000000,0.000000,0.000000,0.000000
10.800000,0.749972,0.692370,2.250028,-0.692370,0.958753,0.000000,0.000000,0.000000,0.000000,0.000000,0.000000
10.900000,0.749980,0.684271,2.250020,-0.684271,0.936453,0.000000,0.000000,0.000000,0.000000,0.000000,0.000000
11.000000,0.749922,0.676241,2.250078,-0.676241,0.914603,0.000000,0.000000,0.000000,0.000000,0.000000,0.000000
11.100000,0.749800,0.668283,2.250200,-0.668283,0.893205,0.000000,0.000000,0.000000,0.000000,0.000000,0.000000
11.200000,0.749619,0.660402,2.250381,-0.660402,0.872263,0.000000,0.000000,0.000000,0.000000,0.000000,0.000000
11.300000,0.749379,0.652601,2.250621,-0.652601,0.851775,0.000000,0.000000,0.000000,0.000000,0.000000,0.000000
11.400000,0.749084,0.644881,2.250916,-0.644881,0.831743,0.000000,0.000000,0.000000,0.000000,0.000000,0.000000
11.500000,0.748736,0.637246,2.251264,-0.637246,0.812164,0.000000,0.000000,0.000000,0.000000,0.000000,0.000000
11.600000,0.748338,0.629697,2.251662,-0.629697,0.793036,0.000000,0.000000,0.000000,0.000000,0.000000,0.000000
11.700000,0.747891,0.622236,2.252109,-0.622236,0.774356,0.000000,0.000000,0.000000,0.000000,0.000000,0.000000
11.800000,0.747398,0.614866,2.252602,-0.614866,0.756120,0.000000,0.000000,0.000000,0.000000,0.000000,0.000000
11.900000,0.746860,0.607587,2.253140,-0.607587,0.738324,0.000000,0.000000,0.000000,0.000000,0.000000,0.000000
12.000000,0.746281,0.600401,2.253719,-0.600401,0.720963,0.000000,0.000000,0.000000,0.000000,0.000000,0.000000
12.100000,0.745662,0.593309,2.254338,-0.593309,0.704030,0.000000,0.000000,0.000000,0.000000,0.000000,0.000000
12.200000,0.745004,0.586311,2.254996,-0.586311,0.687521,0.000000,0.000000,0.000000,0.000000,0.000000,0.000000
12.300000,0.744311,0.579408,2.255689,-0.579408,0.671428,0.000000,0.000000,0.000000,0.000000,0.000000,0.000000
12.400000,0.743582,0.572601,2.256418,-0.572601,0.655744,0.000000,0.000000,0.000000,0.000000,0.000000,0.000000
12.500000,0.742822,0.565890,2.257178,-0.565890,0.640463,0.000000,0.000000,0.000000,0.000000,0.000000,0.000000
12.600000,0.742030,0.559275,2.257970,-0.559275,0.625577,0.000000,0.000000,0.000000,0.000000,0.000000,0.000000
12.700000,0.741208,0.552756,2.258792,-0.552756,0.611079,0.000000,0.000000,0.000000,0.000000,0.000000,0.000000
12.800000,0.740359,0.546333,2.259641,-0.546333,0.596960,0.000000,0.000000,0.000000,0.000000,0.000000,0.000000
12.900000,0.739483,0.540006,2.260517,-0.540006,0.583214,0.000000,0.000000,0.000000,0.000000,0.000000,0.000000
13.000000,0.738582,0.533775,2.261418,-0.533775,0.569831,0.000000,0.000000,0.000000,0.000000,0.000000,0.000000
13.100000,0.737657,0.527638,2.262343,-0.527638,0.556803,0.000000,0.000000,0.000000,0.000000,0.000000,0.000000
13.200000,0.736710,0.521595,2.263290,-0.521595,0.544124,0.000000,0.000000,0.000000,0.000000,0.000000,0.000000
13.300000,0.735742,0.515647,2.264258,-0.515647,0.531783,0.000000,0.000000,0.000000,0.000000,0.000000,0.000000
13.400000,0.734754,0.509791,2.265246,-0.509791,0.519774,0.000000,0.000000,0.000000,0.000000,0.000000,0.000000
13.500000,0.733748,0.504028,2.266252,-0.504028,0.508088,0.000000,0.000000,0.000000,0.000000,0.000000,0.000000
13.600000,0.732724,0.498356,2.267276,-0.498356,0.496718,0.000000,0.000000,0.000000,0.000000,0.000000,0.000000
13.700000,0.731683,0.492775,2.268317,-0.492775,0.485654,0.000000,0.000000,0.000000,0.000000,0.000000,0.000000
13.800000,0.730627,0.487283,2.269373,-0.487283,0.474890,0.000000,0.000000,0.000000,0.000000,0.000000,0.000000
13.900000,0.729557,0.481880,2.270443,-0.481880,0.464417,0.000000,0.000000,0.000000,0.000000,0.000000,0.000000
14.000000,0.728473,0.476565,2.271527,-0.476565,0.454228,0.000000,0.000000,0.000000,0.000000,0.000000,0.000000
14.100000,0.727377,0.471336,2.272623,-0.471336,0.444315,0.000000,0.000000,0.000000,0.000000,0.000000,0.000000
14.200000,0.726269,0.466192,2.273731,-0.466192,0.434670,0.000000,0.000000,0.000000,0.000000,0.000000,0.000000
14.300000,0.725150,0.461133,2.274850,-0.461133,0.425287,0.000000,0.000000,0.000000,0.000000,0.000000,0.000000
14.400000,0.724021,0.456156,2.275979,-0.456156,0.416157,0.000000,0.000000,0.000000,0.000000,0.000000,0.000000
14.500000,0.722883,0.451262,2.277117,-0.451262,0.407275,0.000000,0.000000,0.000000,0.000000,0.000000,0.000000
14.600000,0.721736,0.446448,2.278264,-0.446448,0.398632,0.000000,0.000000,0.000000,0.000000,0.000000,0.000000
14.700000,0.720581,0.441714,2.279419,-0.441714,0.390223,0.000000,0.000000,0.000000,0.000000,0.000000,0.000000
14.800000,0.719420,0.437058,2.280580,-0.437058,0.382040,0.000000,0.000000,0.000000,0.000000,0.000000,0.000000
14.900000,0.718251,0.432480,2.281749,-0.432480,0.374077,0.000000,0.000000,0.000000,0.000000,0.000000,0.000000
15.000000,0.717077,0.427977,2.282923,-0.427977,0.366328,0.000000,0.000000,0.000000,0.000000,0.000000,0.000000
15.100000,0.715898,0.423548,2.284102,-0.423548,0.358786,0.000000,0.000000,0.000000,0.000000,0.000000,0.000000
15.200000,0.714714,0.419193,2.285286,-0.419193,0.351446,0.000000,0.000000,0.000000,0.000000,0.000000,0.000000
15.300000,0.713526,0.414911,2.286474,-0.414911,0.344302,0.000000,0.000000,0.000000,0.000000,0.000000,0.000000
15.400000,0.712334,0.410699,2.287666,-0.410699,0.337347,0.000000,0.000000,0.000000,0.000000,0.000000,0.000000
15.500000,0.711139,0.406557,2.288861,-0.406557,0.330576,0.000000,0.000000,0.000000,0.000000,0.000000,0.000000
15.600000,0.709941,0.402483,2.290059,-0.402483,0.323985,0.000000,0.000000,0.000000,0.000000,0.000000,0.000000
15.700000,0.708741,0.398477,2.291259,-0.398477,0.317567,0.000000,0.000000,0.000000,0.000000,0.000000,0.000000
15.800000,0.707540,0.394536,2.292460,-0.394536,0.311318,0.000000,0.000000,0.000000,0.000000,0.000000,0.000000
15.900000,0.706336,0.390661,2.293664,-0.390661,0.305232,0.000000,0.000000,0.000000,0.000000,0.000000,0.000000
16.000000,0.705132,0.386849,2.294868,-0.386849,0.299305,0.000000,0.000000,0.000000,0.000000,0.000000,0.000000
16.100000,0.703927,0.383100,2.296073,-0.383100,0.293531,0.000000,0.000000,0.000000,0.000000,0.000000,0.000000
16.200000,0.702722,0.379412,2.297278,-0.379412,0.287908,0.000000,0.000000,0.000000,0.000000,0.000000,0.000000
16.300000,0.701517,0.375785,2.298483,-0.375785,0.282429,0.000000,0.000000,0.000000,0.000000,0.000000,0.000000
16.400000,0.700312,0.372217,2.299688,-0.372217,0.277091,0.000000,0.000000,0.000000,0.000000,0.000000,0.000000
16.500000,0.699108,0.368707,2.300892,-0.368707,0.271889,0.000000,0.000000,0.000000,0.000000,0.000000,0.000000
16.600000,0.697904,0.365253,2.302096,-0.365253,0.266820,0.000000,0.000000,0.000000,0.000000,0.000000,0.000000
16.700000,0.696702,0.361856,2.303298,-0.361856,0.261880,0.000000,0.000000,0.000000,0.000000,0.000000,0.000000
16.800000,0.695502,0.358514,2.304498,-0.358514,0.257064,0.000000,0.000000,0.000000,0.000000,0.000000,0.000000
16.900000,0.694303,0.355225,2.305697,-0.355225,0.252369,0.000000,0.000000,0.000000,0.000000,0.000000,0.000000
17.000000,0.693106,0.351989,2.306894,-0.351989,0.247792,0.000000,0.000000,0.000000,0.000000,0.000000,0.000000
17.100000,0.691911,0.348805,2.308089,-0.348805,0.243329,0.000000,0.000000,0.000000,0.000000,0.000000,0.000000
17.200000,0.690718,0.345671,2.309282,-0.345671,0.238977,0.000000,0.000000,0.000000,0.000000,0.000000,0.000000
17.300000,0.689528,0.342587,2.310472,-0.342587,0.234732,0.000000,0.000000,0.000000,0.000000,0.000000,0.000000
17.400000,0.688341,0.339552,2.311659,-0.339552,0.230592,0.000000,0.000000,0.000000,0.000000,0.000000,0.000000
17.500000,0.687157,0.336565,2.312843,-0.336565,0.226553,0.000000,0.000000,0.000000,0.000000,0.000000,0.000000
17.600000,0.685976,0.333625,2.314024,-0.333625,0.222612,0.000000,0.000000,0.000000,0.000000,0.000000,0.000000
17.700000,0.684798,0.330731,2.315202,-0.330731,0.218766,0.000000,0.000000,0.000000,0.000000,0.000000,0.000000
17.800000,0.683623,0.327882,2.316377,-0.327882,0.215014,0.000000,0.000000,0.000000,0.000000,0.000000,0.000000
17.900000,0.682452,0.325078,2.317548,-0.325078,0.211351,0.000000,0.000000,0.000000,0.000000,0.000000,0.000000
18.000000,0.681285,0.322316,2.318715,-0.322316,0.207776,0.000000,0.000000,0.000000,0.000000,0.000000,0.000000
18.100000,0.680122,0.319598,2.319878,-0.319598,0.204285,0.000000,0.000000,0.000000,0.000000,0.000000,0.000000
18.200000,0.678962,0.316921,2.321038,-0.316921,0.200877,0.000000,0.000000,0.000000,0.000000,0.000000,0.000000
18.300000,0.677807,0.314285,2.322193,-0.314285,0.197550,0.000000,0.000000,0.000000,0.000000,0.000000,0.000000
18.400000,0.676655,0.311689,2.323345,-0.311689,0.194300,0.000000,0.000000,0.000000,0.000000,0.000000,0.000000
18.500000,0.675508,0.309132,2.324492,-0.309132,0.191125,0.000000,0.000000,0.000000,0.000000,0.000000,0.000000
18.600000,0.674365,0.306614,2.325635,-0.306614,0.188024,0.000000,0.000000,0.000000,0.000000,0.000000,0.000000
18.700000,0.673227,0.304134,2.326773,-0.304134,0.184995,0.000000,0.000000,0.000000,0.000000,0.000000,0.000000
18.800000,0.672093,0.301691,2.327907,-0.301691,0.182035,0.000000,0.000000,0.000000,0.000000,0.000000,0.000000
18.900000,0.670963,0.299284,2.329037,-0.299284,0.179142,0.000000,0.000000,0.000000,0.000000,0.000000,0.000000
19.000000,0.669839,0.296913,2.330161,-0.296913,0.176315,0.000000,0.000000,0.000000,0.000000,0.000000,0.000000
19.100000,0.668719,0.294578,2.331281,-0.294578,0.173552,0.000000,0.000000,0.000000,0.000000,0.000000,0.000000
19.200000,0.667603,0.292276,2.332397,-0.292276,0.170850,0.000000,0.000000,0.000000,0.000000,0.000000,0.000000
19.300000,0.666493,0.290008,2.333507,-0.290008,0.168209,0.000000,0.000000,0.000000,0.000000,0.000000,0.000000
19.400000,0.665387,0.287773,2.334613,-0.287773,0.165627,0.000000,0.000000,0.000000,0.000000,0.000000,0.000000
19.500000,0.664286,0.285571,2.335714,-0.285571,0.163101,0.000000,0.000000,0.000000,0.000000,0.000000,0.000000
19.600000,0.663190,0.283400,2.336810,-0.283400,0.160631,0.000000,0.000000,0.000000,0.000000,0.000000,0.000000
19.700000,0.662099,0.281260,2.337901,-0.281260,0.158215,0.000000,0.000000,0.000000,0.000000,0.000000,0.000000
19.800000,0.661013,0.279151,2.338987,-0.279151,0.155851,0.000000,0.000000,0.000000,0.000000,0.000000,0.000000
19.900000,0.659932,0.277073,2.340068,-0.277073,0.153538,0.000000,0.000000,0.000000,0.000000,0.000000,0.000000
20.000000,0.658857,0.275023,2.341143,-0.275023,0.151275,0.000000,0.000000,0.000000,0.000000,0.000000,0.000000
20.100000,0.657786,0.273002,2.342214,-0.273002,0.149061,0.000000,0.000000,0.000000,0.000000,0.000000,0.000000
20.200000,0.656720,0.271010,2.343280,-0.271010,0.146893,0.000000,0.000000,0.000000,0.000000,0.000000,0.000000
20.300000,0.655660,0.269046,2.344340,-0.269046,0.144771,0.000000,0.000000,0.000000,0.000000,0.000000,0.000000
20.400000,0.654604,0.267108,2.345396,-0.267108,0.142694,0.000000,0.000000,0.000000,0.000000,0.000000,0.000000
20.500000,0.653554,0.265198,2.346446,-0.265198,0.140660,0.000000,0.000000,0.000000,0.000000,0.000000,0.000000
20.600000,0.652509,0.263314,2.347491,-0.263314,0.138668,0.000000,0.000000,0.000000,0.000000,0.000000,0.000000
20.700000,0.651469,0.261455,2.348531,-0.261455,0.136718,0.000000,0.000000,0.000000,0.000000,0.000000,0.000000
20.800000,0.650434,0.259622,2.349566,-0.259622,0.134807,0.000000,0.000000,0.000000,0.000000,0.000000,0.000000
20.900000,0.649404,0.257814,2.350596,-0.257814,0.132936,0.000000,0.000000,0.000000,0.000000,0.000000,0.000000
21.000000,0.648380,0.256030,2.351620,-0.256030,0.131103,0.000000,0.000000,0.000000,0.000000,0.000000,0.000000
21.100000,0.647361,0.254270,2.352639,-0.254270,0.129307,0.000000,0.000000,0.000000,0.000000,0.000000,0.000000
21.200000,0.646347,0.252534,2.353653,-0.252534,0.127547,0.000000,0.000000,0.000000,0.000000,0.000000,0.000000
21.300000,0.645338,0.250820,2.354662,-0.250820,0.125822,0.000000,0.000000,0.000000,0.000000,0.000000,0.000000
21.400000,0.644334,0.249130,2.355666,-0.249130,0.124131,0.000000,0.000000,0.000000,0.000000,0.000000,0.000000
21.500000,0.643335,0.247461,2.356665,-0.247461,0.122474,0.000000,0.000000,0.000000,0.000000,0.000000,0.000000
21.600000,0.642342,0.245815,2.357658,-0.245815,0.120850,0.000000,0.000000,0.000000,0.000000,0.000000,0.000000
21.700000,0.641354,0.244190,2.358646,-0.244190,0.119257,0.000000,0.000000,0.000000,0.000000,0.000000,0.000000
21.800000,0.640371,0.242585,2.359629,-0.242585,0.117695,0.000000,0.000000,0.000000,0.000000,0.000000,0.000000
21.900000,0.639393,0.241002,2.360607,-0.241002,0.116164,0.000000,0.000000,0.000000,0.000000,0.000000,0.000000
22.000000,0.638420,0.239439,2.361580,-0.239439,0.114662,0.000000,0.000000,0.000000,0.000000,0.000000,0.000000
22.100000,0.637452,0.237896,2.362548,-0.237896,0.113189,0.000000,0.000000,0.000000,0.000000,0.000000,0.000000
22.200000,0.636489,0.236372,2.363511,-0.236372,0.111744,0.000000,0.000000,0.000000,0.000000,0.000000,0.000000
22.300000,0.635531,0.234868,2.364469,-0.234868,0.110326,0.000000,0.000000,0.000000,0.000000,0.000000,0.000000
22.399999,0.634579,0.233382,2.365421,-0.233382,0.108935,0.000000,0.000000,0.000000,0.000000,0.000000,0.000000
22.499999,0.633631,0.231916,2.366369,-0.231916,0.107570,0.000000,0.000000,0.000000,0.000000,0.000000,0.000000
22.599999,0.632688,0.230467,2.367312,-0.230467,0.106230,0.000000,0.000000,0.000000,0.000000,0.000000,0.000000
22.699999,0.631751,0.229037,2.368249,-0.229037,0.104916,0.000000,0.000000,0.000000,0.000000,0.000000,0.000000
22.799999,0.630818,0.227624,2.369182,-0.227624,0.103625,0.000000,0.000000,0.000000,0.000000,0.000000,0.000000
22.899999,0.629890,0.226228,2.370110,-0.226228,0.102358,0.000000,0.000000,0.000000,0.000000,0.000000,0.000000
22.999999,0.628967,0.224849,2.371033,-0.224849,0.101115,0.000000,0.000000,0.000000,0.000000,0.000000,0.000000
23.099999,0.628049,0.223488,2.371951,-0.223488,0.099893,0.000000,0.000000,0.000000,0.000000,0.000000,0.000000
23.199999,0.627136,0.222142,2.372864,-0.222142,0.098694,0.000000,0.000000,0.000000,0.000000,0.000000,0.000000
23.299999,0.626228,0.220813,2.373772,-0.220813,0.097517,0.000000,0.000000,0.000000,0.000000,0.000000,0.000000
23.399999,0.625324,0.219500,2.374676,-0.219500,0.096360,0.000000,0.000000,0.000000,0.000000,0.000000,0.000000
23.499999,0.624426,0.218202,2.375574,-0.218202,0.095224,0.000000,0.000000,0.000000,0.000000,0.000000,0.000000
23.599999,0.623532,0.216920,2.376468,-0.216920,0.094108,0.000000,0.000000,0.000000,0.000000,0.000000,0.000000
23.699999,0.622643,0.215653,2.377357,-0.215653,0.093012,0.000000,0.000000,0.000000,0.000000,0.000000,0.000000
23.799999,0.621758,0.214400,2.378242,-0.214400,0.091935,0.000000,0.000000,0.000000,0.000000,0.000000,0.000000
23.899999,0.620879,0.213163,2.379121,-0.213163,0.090877,0.000000,0.000000,0.000000,0.000000,0.000000,0.000000
23.999999,0.620004,0.211939,2.379996,-0.211939,0.089837,0.000000,0.000000,0.000000,0.000000,0.000000,0.000000
24.099999,0.619133,0.210730,2.380867,-0.210730,0.088815,0.000000,0.000000,0.000000,0.000000,0.000000,0.000000
24.199999,0.618268,0.209535,2.381732,-0.209535,0.087810,0.000000,0.000000,0.000000,0.000000,0.000000,0.000000
24.299999,0.617406,0.208353,2.382594,-0.208353,0.086822,0.000000,0.000000,0.000000,0.000000,0.000000,0.000000
24.399999,0.616550,0.207185,2.383450,-0.207185,0.085852,0.000000,0.000000,0.000000,0.000000,0.000000,0.000000
24.499999,0.615698,0.206031,2.384302,-0.206031,0.084897,0.000000,0.000000,0.000000,0.000000,0.000000,0.000000
24.599999,0.614850,0.204889,2.385150,-0.204889,0.083959,0.000000,0.000000,0.000000,0.000000,0.000000,0.000000
24.699999,0.614007,0.203760,2.385993,-0.203760,0.083036,0.000000,0.000000,0.000000,0.000000,0.000000,0.000000
24.799999,0.613169,0.202643,2.386831,-0.202643,0.082129,0.000000,0.000000,0.000000,0.000000,0.000000,0.000000
24.899999,0.612334,0.201539,2.387666,-0.201539,0.081236,0.000000,0.000000,0.000000,0.000000,0.000000,0.000000
24.999999,0.611505,0.200447,2.388495,-0.200447,0.080358,0.000000,0.000000,0.000000,0.000000,0.000000,0.000000
25.099999,0.610679,0.199368,2.389321,-0.199368,0.079495,0.000000,0.000000,0.000000,0.000000,0.000000,0.000000
25.199999,0.609858,0.198300,2.390142,-0.198300,0.078646,0.000000,0.000000,0.000000,0.000000,0.000000,0.000000
25.299999,0.609041,0.197243,2.390959,-0.197243,0.077810,0.000000,0.000000,0.000000,0.000000,0.000000,0.000000
25.399999,0.608229,0.196199,2.391771,-0.196199,0.076988,0.000000,0.000000,0.000000,0.000000,0.000000,0.000000
25.499999,0.607421,0.195165,2.392579,-0.195165,0.076179,0.000000,0.000000,0.000000,0.000000,0.000000,0.000000
25.599999,0.606617,0.194143,2.393383,-0.194143,0.075383,0.000000,0.000000,0.000000,0.000000,0.000000,0.000000
25.699999,0.605817,0.193131,2.394183,-0.193131,0.074599,0.000000,0.000000,0.000000,0.000000,0.000000,0.000000
25.799999,0.605021,0.192130,2.394979,-0.192130,0.073828,0.000000,0.000000,0.000000,0.000000,0.000000,0.000000
25.899999,0.604230,0.191140,2.395770,-0.191140,0.073069,0.000000,0.000000,0.000000,0.000000,0.000000,0.000000
25.999999,0.603442,0.190160,2.396558,-0.190160,0.072322,0.000000,0.000000,0.000000,0.000000,0.000000,0.000000
26.099999,0.602659,0.189191,2.397341,-0.189191,0.071587,0.000000,0.000000,0.000000,0.000000,0.000000,0.000000
26.199999,0.601880,0.188232,2.398120,-0.188232,0.070862,0.000000,0.000000,0.000000,0.000000,0.000000,0.000000
26.299999,0.601105,0.187282,2.398895,-0.187282,0.070149,0.000000,0.000000,0.000000,0.000000,0.000000,0.000000
26.399999,0.600333,0.186343,2.399667,-0.186343,0.069447,0.000000,0.000000,0.000000,0.000000,0.000000,0.000000
26.499999,0.599566,0.185413,2.400434,-0.185413,0.068756,0.000000,0.000000,0.000000,0.000000,0.000000,0.000000
26.599999,0.598803,0.184493,2.401197,-0.184493,0.068075,0.000000,0.000000,0.000000,0.000000,0.000000,0.000000
26.699999,0.598043,0.183582,2.401957,-0.183582,0.067405,0.000000,0.000000,0.000000,0.000000,0.000000,0.000000
26.799999,0.597288,0.182680,2.402712,-0.182680,0.066744,0.000000,0.000000,0.000000,0.000000,0.000000,0.000000
26.899999,0.596536,0.181788,2.403464,-0.181788,0.066094,0.000000,0.000000,0.000000,0.000000,0.000000,0.000000
26.999999,0.595789,0.180904,2.404211,-0.180904,0.065453,0.000000,0.000000,0.000000,0.000000,0.000000,0.000000
27.099999,0.595045,0.180030,2.404955,-0.180030,0.064821,0.000000,0.000000,0.000000,0.000000,0.000000,0.000000
27.199999,0.594304,0.179164,2.405696,-0.179164,0.064199,0.000000,0.000000,0.000000,0.000000,0.000000,0.000000
27.299999,0.593568,0.178306,2.406432,-0.178306,0.063586,0.000000,0.000000,0.000000,0.000000,0.000000,0.000000
27.399999,0.592835,0.177457,2.407165,-0.177457,0.062982,0.000000,0.000000,0.000000,0.000000,0.000000,0.000000
27.499999,0.592106,0.176617,2.407894,-0.176617,0.062387,0.000000,0.000000,0.000000,0.000000,0.000000,0.000000
27.599999,0.591381,0.175784,2.408619,-0.175784,0.061800,0.000000,0.000000,0.000000,0.000000,0.000000,0.000000
27.699999,0.590659,0.174960,2.409341,-0.174960,0.061222,0.000000,0.000000,0.000000,0.000000,0.000000,0.000000
27.799999,0.589941,0.174144,2.410059,-0.174144,0.060652,0.000000,0.000000,0.000000,0.000000,0.000000,0.000000
27.899999,0.589227,0.173336,2.410773,-0.173336,0.060090,0.000000,0.000000,0.000000,0.000000,0.000000,0.000000
27.999999,0.588516,0.172535,2.411484,-0.172535,0.059537,0.000000,0.000000,0.000000,0.000000,0.000000,0.000000
28.099999,0.587808,0.171742,2.412192,-0.171742,0.058991,0.000000,0.000000,0.000000,0.000000,0.000000,0.000000
28.199999,0.587104,0.170957,2.412896,-0.170957,0.058452,0.000000,0.000000,0.000000,0.000000,0.000000,0.000000
28.299999,0.586404,0.170179,2.413596,-0.170179,0.057922,0.000000,0.000000,0.000000,0.000000,0.000000,0.000000
28.399999,0.585707,0.169408,2.414293,-0.169408,0.057398,0.000000,0.000000,0.000000,0.000000,0.000000,0.000000
28.499999,0.585014,0.168645,2.414986,-0.168645,0.056882,0.000000,0.000000,0.000000,0.000000,0.000000,0.000000
28.599999,0.584323,0.167889,2.415677,-0.167889,0.056373,0.000000,0.000000,0.000000,0.000000,0.000000,0.000000
28.699999,0.583637,0.167140,2.416363,-0.167140,0.055871,0.000000,0.000000,0.000000,0.000000,0.000000,0.000000
28.799999,0.582953,0.166397,2.417047,-0.166397,0.055376,0.000000,0.000000,0.000000,0.000000,0.000000,0.000000
28.899999,0.582273,0.165662,2.417727,-0.165662,0.054888,0.000000,0.000000,0.000000,0.000000,0.000000,0.000000
28.999999,0.581597,0.164933,2.418403,-0.164933,0.054406,0.000000,0.000000,0.000000,0.000000,0.000000,0.000000
29.099999,0.580923,0.164212,2.419077,-0.164212,0.053931,0.000000,0.000000,0.000000,0.000000,0.000000,0.000000
29.199999,0.580253,0.163496,2.419747,-0.163496,0.053462,0.000000,0.000000,0.000000,0.000000,0.000000,0.000000
29.299999,0.579586,0.162787,2.420414,-0.162787,0.053000,0.000000,0.000000,0.000000,0.000000,0.000000,0.000000
29.399999,0.578923,0.162085,2.421077,-0.162085,0.052543,0.000000,0.000000,0.000000,0.000000,0.000000,0.000000
29.499999,0.578262,0.161389,2.421738,-0.161389,0.052093,0.000000,0.000000,0.000000,0.000000,0.000000,0.000000
29.599999,0.577605,0.160699,2.422395,-0.160699,0.051648,0.000000,0.000000,0.000000,0.000000,0.000000,0.000000
29.699999,0.576951,0.160015,2.423049,-0.160015,0.051210,0.000000,0.000000,0.000000,0.000000,0.000000,0.000000
29.799999,0.576300,0.159338,2.423700,-0.159338,0.050777,0.000000,0.000000,0.000000,0.000000,0.000000,0.000000
29.899999,0.575652,0.158666,2.424348,-0.158666,0.050350,0.000000,0.000000,0.000000,0.000000,0.000000,0.000000
29.999999,0.575007,0.158000,2.424993,-0.158000,0.049928,0.000000,0.000000,0.000000,0.000000,0.000000,0.000000
30.099999,0.574365,0.157341,2.425635,-0.157341,0.049512,0.000000,0.000000,0.000000,0.000000,0.000000,0.000000
30.199999,0.573726,0.156686,2.426274,-0.156686,0.049101,0.000000,0.000000,0.000000,0.000000,0.000000,0.000000
30.299999,0.573091,0.156038,2.426909,-0.156038,0.048696,0.000000,0.000000,0.000000,0.000000,0.000000,0.000000
30.399999,0.572458,0.155395,2.427542,-0.155395,0.048295,0.000000,0.000000,0.000000,0.000000,0.000000,0.000000
30.499999,0.571828,0.154758,2.428172,-0.154758,0.047900,0.000000,0.000000,0.000000,0.000000,0.000000,0.000000
30.599999,0.571201,0.154126,2.428799,-0.154126,0.047510,0.000000,0.000000,0.000000,0.000000,0.000000,0.000000
30.699999,0.570577,0.153500,2.429423,-0.153500,0.047124,0.000000,0.000000,0.000000,0.000000,0.000000,0.000000
30.799999,0.569956,0.152879,2.430044,-0.152879,0.046744,0.000000,0.000000,0.000000,0.000000,0.000000,0.000000
30.899999,0.569338,0.152263,2.430662,-0.152263,0.046368,0.000000,0.000000,0.000000,0.000000,0.000000,0.000000
30.999999,0.568723,0.151652,2.431277,-0.151652,0.045997,0.000000,0.000000,0.000000,0.000000,0.000000,0.000000
31.099999,0.568110,0.151047,2.431890,-0.151047,0.045630,0.000000,0.000000,0.000000,0.000000,0.000000,0.000000
31.199999,0.567500,0.150446,2.432500,-0.150446,0.045268,0.000000,0.000000,0.000000,0.000000,0.000000,0.000000
31.299999,0.566894,0.149851,2.433106,-0.149851,0.044911,0.000000,0.000000,0.000000,0.000000,0.000000,0.000000
31.399999,0.566290,0.149261,2.433710,-0.149261,0.044557,0.000000,0.000000,0.000000,0.000000,0.000000,0.000000
31.499999,0.565688,0.148675,2.434312,-0.148675,0.044209,0.000000,0.000000,0.000000,0.000000,0.000000,0.000000
31.599999,0.565090,0.148094,2.434910,-0.148094,0.043864,0.000000,0.000000,0.000000,0.000000,0.000000,0.000000
31.699999,0.564494,0.147518,2.435506,-0.147518,0.043523,0.000000,0.000000,0.000000,0.000000,0.000000,0.000000
31.799999,0.563900,0.146947,2.436100,-0.146947,0.043187,0.000000,0.000000,0.000000,0.000000,0.000000,0.000000
31.899999,0.563310,0.146380,2.436690,-0.146380,0.042854,0.000000,0.000000,0.000000,0.000000,0.000000,0.000000
31.999999,0.562722,0.145818,2.437278,-0.145818,0.042526,0.000000,0.000000,0.000000,0.000000,0.000000,0.000000
32.099999,0.562137,0.145261,2.437863,-0.145261,0.042202,0.000000,0.000000,0.000000,0.000000,0.000000,0.000000
32.199999,0.561554,0.144708,2.438446,-0.144708,0.041881,0.000000,0.000000,0.000000,0.000000,0.000000,0.000000
32.299999,0.560974,0.144159,2.439026,-0.144159,0.041564,0.000000,0.000000,0.000000,0.000000,0.000000,0.000000
32.399999,0.560397,0.143615,2.439603,-0.143615,0.041251,0.000000,0.000000,0.000000,0.000000,0.000000,0.000000
32.499999,0.559822,0.143075,2.440178,-0.143075,0.040941,0.000000,0.000000,0.000000,0.000000,0.000000,0.000000
32.599999,0.559250,0.142540,2.440750,-0.142540,0.040635,0.000000,0.000000,0.000000,0.000000,0.000000,0.000000
32.699999,0.558680,0.142009,2.441320,-0.142009,0.040333,0.000000,0.000000,0.000000,0.000000,0.000000,0.000000
32.799999,0.558112,0.141481,2.441888,-0.141481,0.040034,0.000000,0.000000,0.000000,0.000000,0.000000,0.000000
32.899999,0.557548,0.140958,2.442452,-0.140958,0.039739,0.000000,0.000000,0.000000,0.000000,0.000000,0.000000
32.999999,0.556985,0.140439,2.443015,-0.140439,0.039446,0.000000,0.000000,0.000000,0.000000,0.000000,0.000000
33.099999,0.556425,0.139924,2.443575,-0.139924,0.039158,0.000000,0.000000,0.000000,0.000000,0.000000,0.000000
33.199999,0.555868,0.139413,2.444132,-0.139413,0.038872,0.000000,0.000000,0.000000,0.000000,0.000000,0.000000
33.299999,0.555313,0.138906,2.444687,-0.138906,0.038590,0.000000,0.000000,0.000000,0.000000,0.000000,0.000000
33.399999,0.554760,0.138403,2.445240,-0.138403,0.038311,0.000000,0.000000,0.000000,0.000000,0.000000,0.000000
33.499999,0.554210,0.137904,2.445790,-0.137904,0.038035,0.000000,0.000000,0.000000,0.000000,0.000000,0.000000
33.599999,0.553662,0.137409,2.446338,-0.137409,0.037762,0.000000,0.000000,0.000000,0.000000,0.000000,0.000000
33.699999,0.553116,0.136917,2.446884,-0.136917,0.037492,0.000000,0.000000,0.000000,0.000000,0.000000,0.000000
33.799999,0.552573,0.136429,2.447427,-0.136429,0.037226,0.000000,0.000000,0.000000,0.000000,0.000000,0.000000
33.899999,0.552032,0.135945,2.447968,-0.135945,0.036962,0.000000,0.000000,0.000000,0.000000,0.000000,0.000000
33.999999,0.551494,0.135464,2.448506,-0.135464,0.036701,0.000000,0.000000,0.000000,0.000000,0.000000,0.000000
34.099999,0.550957,0.134987,2.449043,-0.134987,0.036443,0.000000,0.000000,0.000000,0.000000,0.000000,0.000000
34.199999,0.550423,0.134513,2.449577,-0.134513,0.036188,0.000000,0.000000,0.000000,0.000000,0.000000,0.000000
34.299999,0.549891,0.134043,2.450109,-0.134043,0.035935,0.000000,0.000000,0.000000,0.000000,0.000000,0.000000
34.399999,0.549362,0.133577,2.450638,-0.133577,0.035685,0.000000,0.000000,0.000000,0.000000,0.000000,0.000000
34.499999,0.548835,0.133114,2.451165,-0.133114,0.035438,0.000000,0.000000,0.000000,0.000000,0.000000,0.000000
34.599999,0.548309,0.132654,2.451691,-0.132654,0.035194,0.000000,0.000000,0.000000,0.000000,0.000000,0.000000
34.699999,0.547786,0.132197,2.452214,-0.132197,0.034952,0.000000,0.000000,0.000000,0.000000,0.000000,0.000000
34.799999,0.547266,0.131744,2.452734,-0.131744,0.034713,0.000000,0.000000,0.000000,0.000000,0.000000,0.000000
34.899999,0.546747,0.131295,2.453253,-0.131295,0.034477,0.000000,0.000000,0.000000,0.000000,0.000000,0.000000
34.999999,0.546230,0.130848,2.453770,-0.130848,0.034242,0.000000,0.000000,0.000000,0.000000,0.000000,0.000000
35.099999,0.545716,0.130405,2.454284,-0.130405,0.034011,0.000000,0.000000,0.000000,0.000000,0.000000,0.000000
35.199999,0.545204,0.129965,2.454796,-0.129965,0.033782,0.000000,0.000000,0.000000,0.000000,0.000000,0.000000
35.299999,0.544694,0.129528,2.455306,-0.129528,0.033555,0.000000,0.000000,0.000000,0.000000,0.000000,0.000000
35.399999,0.544186,0.129094,2.455814,-0.129094,0.033330,0.000000,0.000000,0.000000,0.000000,0.000000,0.000000
35.499999,0.543680,0.128663,2.456320,-0.128663,0.033108,0.000000,0.000000,0.000000,0.000000,0.000000,0.000000
35.599999,0.543176,0.128235,2.456824,-0.128235,0.032889,0.000000,0.000000,0.000000,0.000000,0.000000,0.000000
35.699999,0.542674,0.127811,2.457326,-0.127811,0.032671,0.000000,0.000000,0.000000,0.000000,0.000000,0.000000
35.799999,0.542174,0.127389,2.457826,-0.127389,0.032456,0.000000,0.000000,0.000000,0.000000,0.000000,0.000000
35.899999,0.541676,0.126970,2.458324,-0.126970,0.032243,0.000000,0.000000,0.000000,0.000000,0.000000,0.000000
35.999999,0.541180,0.126554,2.458820,-0.126554,0.032032,0.000000,0.000000,0.000000,0.000000,0.000000,0.000000
36.099999,0.540686,0.126141,2.459314,-0.126141,0.031823,0.000000,0.000000,0.000000,0.000000,0.000000,0.000000
36.199999,0.540194,0.125731,2.459806,-0.125731,0.031617,0.000000,0.000000,0.000000,0.000000,0.000000,0.000000
36.299999,0.539704,0.125324,2.460296,-0.125324,0.031412,0.000000,0.000000,0.000000,0.000000,0.000000,0.000000
36.399999,0.539216,0.124919,2.460784,-0.124919,0.031210,0.000000,0.000000,0.000000,0.000000,0.000000,0.000000
36.499999,0.538730,0.124518,2.461270,-0.124518,0.031009,0.000000,0.000000,0.000000,0.000000,0.000000,0.000000
36.599999,0.538246,0.124119,2.461754,-0.124119,0.030811,0.000000,0.000000,0.000000,0.000000,0.000000,0.000000
36.699999,0.537764,0.123723,2.462236,-0.123723,0.030615,0.000000,0.000000,0.000000,0.000000,0.000000,0.000000
36.799999,0.537284,0.123329,2.462716,-0.123329,0.030420,0.000000,0.000000,0.000000,0.000000,0.000000,0.000000
36.899999,0.536805,0.122938,2.463195,-0.122938,0.030228,0.000000,0.000000,0.000000,0.000000,0.000000,0.000000
36.999999,0.536328,0.122550,2.463672,-0.122550,0.030037,0.000000,0.000000,0.000000,0.000000,0.000000,0.000000
37.099999,0.535854,0.122164,2.464146,-0.122164,0.029848,0.000000,0.000000,0.000000,0.000000,0.000000,0.000000
37.199999,0.535381,0.121781,2.464619,-0.121781,0.029661,0.000000,0.000000,0.000000,0.000000,0.000000,0.000000
37.299999,0.534910,0.121400,2.465090,-0.121400,0.029476,0.000000,0.000000,0.000000,0.000000,0.000000,0.000000
37.399999,0.534440,0.121022,2.465560,-0.121022,0.029293,0.000000,0.000000,0.000000,0.000000,0.000000,0.000000
37.499999,0.533973,0.120647,2.466027,-0.120647,0.029111,0.000000,0.000000,0.000000,0.000000,0.000000,0.000000
37.599999,0.533507,0.120274,2.466493,-0.120274,0.028932,0.000000,0.000000,0.000000,0.000000,0.000000,0.000000
37.699999,0.533044,0.119903,2.466956,-0.119903,0.028754,0.000000,0.000000,0.000000,0.000000,0.000000,0.000000
37.799999,0.532581,0.119535,2.467419,-0.119535,0.028577,0.000000,0.000000,0.000000,0.000000,0.000000,0.000000
37.899999,0.532121,0.119169,2.467879,-0.119169,0.028403,0.000000,0.000000,0.000000,0.000000,0.000000,0.000000
37.999999,0.531662,0.118806,2.468338,-0.118806,0.028230,0.000000,0.000000,0.000000,0.000000,0.000000,0.000000
38.099999,0.531206,0.118445,2.468794,-0.118445,0.028058,0.000000,0.000000,0.000000,0.000000,0.000000,0.000000
38.199999,0.530750,0.118086,2.469250,-0.118086,0.027889,0.000000,0.000000,0.000000,0.000000,0.000000,0.000000
38.299999,0.530297,0.117730,2.469703,-0.117730,0.027721,0.000000,0.000000,0.000000,0.000000,0.000000,0.000000
38.399999,0.529845,0.117376,2.470155,-0.117376,0.027554,0.000000,0.000000,0.000000,0.000000,0.000000,0.000000
38.499999,0.529395,0.117024,2.470605,-0.117024,0.027389,0.000000,0.000000,0.000000,0.000000,0.000000,0.000000
38.599999,0.528947,0.116674,2.471053,-0.116674,0.027226,0.000000,0.000000,0.000000,0.000000,0.000000,0.000000
38.699999,0.528500,0.116327,2.471500,-0.116327,0.027064,0.000000,0.000000,0.000000,0.000000,0.000000,0.000000
38.799999,0.528055,0.115982,2.471945,-0.115982,0.026904,0.000000,0.000000,0.000000,0.000000,0.000000,0.000000
38.899999,0.527612,0.115639,2.472388,-0.115639,0.026745,0.000000,0.000000,0.000000,0.000000,0.000000,0.000000
38.999999,0.527170,0.115298,2.472830,-0.115298,0.026587,0.000000,0.000000,0.000000,0.000000,0.000000,0.000000
39.099999,0.526730,0.114959,2.473270,-0.114959,0.026431,0.000000,0.000000,0.000000,0.000000,0.000000,0.000000
39.199999,0.526292,0.114623,2.473708,-0.114623,0.026277,0.000000,0.000000,0.000000,0.000000,0.000000,0.000000
39.299999,0.525855,0.114288,2.474145,-0.114288,0.026124,0.000000,0.000000,0.000000,0.000000,0.000000,0.000000
39.399999,0.525419,0.113956,2.474581,-0.113956,0.025972,0.000000,0.000000,0.000000,0.000000,0.000000,0.000000
39.499999,0.524986,0.113626,2.475014,-0.113626,0.025822,0.000000,0.000000,0.000000,0.000000,0.000000,0.000000
39.599999,0.524554,0.113297,2.475446,-0.113297,0.025673,0.000000,0.000000,0.000000,0.000000,0.000000,0.000000
39.699999,0.524123,0.112971,2.475877,-0.112971,0.025525,0.000000,0.000000,0.000000,0.000000,0.000000,0.000000
39.799999,0.523694,0.112647,2.476306,-0.112647,0.025379,0.000000,0.000000,0.000000,0.000000,0.000000,0.000000
39.899999,0.523267,0.112325,2.476733,-0.112325,0.025234,0.000000,0.000000,0.000000,0.000000,0.000000,0.000000
39.999999,0.522841,0.112004,2.477159,-0.112004,0.025090,0.000000,0.000000,0.000000,0.000000,0.000000,0.000000
40.099999,0.522416,0.111686,2.477584,-0.111686,0.024947,0.000000,0.000000,0.000000,0.000000,0.000000,0.000000
40.199999,0.521993,0.111369,2.478007,-0.111369,0.024806,0.000000,0.000000,0.000000,0.000000,0.000000,0.000000
40.299999,0.521572,0.111055,2.478428,-0.111055,0.024666,0.000000,0.000000,0.000000,0.000000,0.000000,0.000000
40.399999,0.521152,0.110742,2.478848,-0.110742,0.024528,0.000000,0.000000,0.000000,0.000000,0.000000,0.000000
40.499999,0.520734,0.110431,2.479266,-0.110431,0.024390,0.000000,0.000000,0.000000,0.000000,0.000000,0.000000
40.599999,0.520317,0.110123,2.479683,-0.110123,0.024254,0.000000,0.000000,0.000000,0.000000,0.000000,0.000000
40.699999,0.519901,0.109815,2.480099,-0.109815,0.024119,0.000000,0.000000,0.000000,0.000000,0.000000,0.000000
40.799999,0.519487,0.109510,2.480513,-0.109510,0.023985,0.000000,0.000000,0.000000,0.000000,0.000000,0.000000
40.899999,0.519075,0.109207,2.480925,-0.109207,0.023852,0.000000,0.000000,0.000000,0.000000,0.000000,0.000000
40.999999,0.518664,0.108905,2.481336,-0.108905,0.023721,0.000000,0.000000,0.000000,0.000000,0.000000,0.000000
41.099999,0.518254,0.108605,2.481746,-0.108605,0.023590,0.000000,0.000000,0.000000,0.000000,0.000000,0.000000
41.199999,0.517846,0.108307,2.482154,-0.108307,0.023461,0.000000,0.000000,0.000000,0.000000,0.000000,0.000000
41.299999,0.517439,0.108011,2.482561,-0.108011,0.023333,0.000000,0.000000,0.000000,0.000000,0.000000,0.000000
41.399999,0.517034,0.107716,2.482966,-0.107716,0.023206,0.000000,0.000000,0.000000,0.000000,0.000000,0.000000
41.499999,0.516630,0.107423,2.483370,-0.107423,0.023080,0.000000,0.000000,0.000000,0.000000,0.000000,0.000000
41.599999,0.516227,0.107132,2.483773,-0.107132,0.022955,0.000000,0.000000,0.000000,0.000000,0.000000,0.000000
41.699999,0.515826,0.106842,2.484174,-0.106842,0.022831,0.000000,0.000000,0.000000,0.000000,0.000000,0.000000
41.799999,0.515426,0.106555,2.484574,-0.106555,0.022708,0.000000,0.000000,0.000000,0.000000,0.000000,0.000000
41.899999,0.515027,0.106268,2.484973,-0.106268,0.022586,0.000000,0.000000,0.000000,0.000000,0.000000,0.000000
41.999999,0.514630,0.105984,2.485370,-0.105984,0.022465,0.000000,0.000000,0.000000,0.000000,0.000000,0.000000
42.099999,0.514234,0.105701,2.485766,-0.105701,0.022345,0.000000,0.000000,0.000000,0.000000,0.000000,0.000000
42.199999,0.513840,0.105420,2.486160,-0.105420,0.022227,0.000000,0.000000,0.000000,0.000000,0.000000,0.000000
42.299999,0.513447,0.105140,2.486553,-0.105140,0.022109,0.000000,0.000000,0.000000,0.000000,0.000000,0.000000
42.399999,0.513055,0.104862,2.486945,-0.104862,0.021992,0.000000,0.000000,0.000000,0.000000,0.000000,0.000000
42.499999,0.512665,0.104585,2.487335,-0.104585,0.021876,0.000000,0.000000,0.000000,0.000000,0.000000,0.000000
42.599999,0.512276,0.104310,2.487724,-0.104310,0.021761,0.000000,0.000000,0.000000,0.000000,0.000000,0.000000
42.699999,0.511888,0.104037,2.488112,-0.104037,0.021647,0.000000,0.000000,0.000000,0.000000,0.000000,0.000000
42.799999,0.511501,0.103765,2.488499,-0.103765,0.021534,0.000000,0.000000,0.000000,0.000000,0.000000,0.000000
42.899999,0.511116,0.103494,2.488884,-0.103494,0.021422,0.000000,0.000000,0.000000,0.000000,0.000000,0.000000
42.999999,0.510732,0.103225,2.489268,-0.103225,0.021311,0.000000,0.000000,0.000000,0.000000,0.000000,0.000000
43.099999,0.510349,0.102958,2.489651,-0.102958,0.021201,0.000000,0.000000,0.000000,0.000000,0.000000,0.000000
43.199999,0.509968,0.102692,2.490032,-0.102692,0.021091,0.000000,0.000000,0.000000,0.000000,0.000000,0.000000
43.299999,0.509587,0.102427,2.490413,-0.102427,0.020983,0.000000,0.000000,0.000000,0.000000,0.000000,0.000000
43.399999,0.509208,0.102164,2.490792,-0.102164,0.020875,0.000000,0.000000,0.000000,0.000000,0.000000,0.000000
43.499999,0.508831,0.101903,2.491169,-0.101903,0.020768,0.000000,0.000000,0.000000,0.000000,0.000000,0.000000
43.599999,0.508454,0.101642,2.491546,-0.101642,0.020662,0.000000,0.000000,0.000000,0.000000,0.000000,0.000000
43.699999,0.508079,0.101384,2.491921,-0.101384,0.020557,0.000000,0.000000,0.000000,0.000000,0.000000,0.000000
43.799999,0.507705,0.101126,2.492295,-0.101126,0.020453,0.000000,0.000000,0.000000,0.000000,0.000000,0.000000
43.899999,0.507332,0.100870,2.492668,-0.100870,0.020350,0.000000,0.000000,0.000000,0.000000,0.000000,0.000000
43.999999,0.506960,0.100616,2.493040,-0.100616,0.020247,0.000000,0.000000,0.000000,0.000000,0.000000,0.000000
44.099999,0.506590,0.100363,2.493410,-0.100363,0.020145,0.000000,0.000000,0.000000,0.000000,0.000000,0.000000
44.199999,0.506221,0.100111,2.493779,-0.100111,0.020044,0.000000,0.000000,0.000000,0.000000,0.000000,0.000000
44.299999,0.505853,0.099860,2.494147,-0.099860,0.019944,0.000000,0.000000,0.000000,0.000000,0.000000,0.000000
44.399999,0.505486,0.099611,2.494514,-0.099611,0.019845,0.000000,0.000000,0.000000,0.000000,0.000000,0.000000
44.499999,0.505120,0.099363,2.494880,-0.099363,0.019746,0.000000,0.000000,0.000000,0.000000,0.000000,0.000000
44.599999,0.504756,0.099117,2.495244,-0.099117,0.019648,0.000000,0.000000,0.000000,0.000000,0.000000,0.000000
44.699999,0.504392,0.098872,2.495608,-0.098872,0.019551,0.000000,0.000000,0.000000,0.000000,0.000000,0.000000
44.799999,0.504030,0.098628,2.495970,-0.098628,0.019455,0.000000,0.000000,0.000000,0.000000,0.000000,0.000000
44.899999,0.503669,0.098385,2.496331,-0.098385,0.019359,0.000000,0.000000,0.000000,0.000000,0.000000,0.000000
44.999999,0.503309,0.098144,2.496691,-0.098144,0.019264,0.000000,0.000000,0.000000,0.000000,0.000000,0.000000
45.099999,0.502950,0.097904,2.497050,-0.097904,0.019170,0.000000,0.000000,0.000000,0.000000,0.000000,0.000000
45.199999,0.502592,0.097665,2.497408,-0.097665,0.019077,0.000000,0.000000,0.000000,0.000000,0.000000,0.000000
45.299999,0.502236,0.097427,2.497764,-0.097427,0.018984,0.000000,0.000000,0.000000,0.000000,0.000000,0.000000
45.399999,0.501880,0.097191,2.498120,-0.097191,0.018892,0.000000,0.000000,0.000000,0.000000,0.000000,0.000000
45.499999,0.501526,0.096956,2.498474,-0.096956,0.018801,0.000000,0.000000,0.000000,0.000000,0.000000,0.000000
45.599999,0.501173,0.096722,2.498827,-0.096722,0.018710,0.000000,0.000000,0.000000,0.000000,0.000000,0.000000
45.699999,0.500821,0.096489,2.499179,-0.096489,0.018620,0.000000,0.000000,0.000000,0.000000,0.000000,0.000000
45.799999,0.500469,0.096258,2.499531,-0.096258,0.018531,0.000000,0.000000,0.000000,0.000000,0.000000,0.000000
45.899999,0.500119,0.096027,2.499881,-0.096027,0.018443,0.000000,0.000000,0.000000,0.000000,0.000000,0.000000
45.999999,0.499771,0.095798,2.500229,-0.095798,0.018355,0.000000,0.000000,0.000000,0.000000,0.000000,0.000000
46.099999,0.499423,0.095570,2.500577,-0.095570,0.018267,0.000000,0.000000,0.000000,0.000000,0.000000,0.000000
46.199999,0.499076,0.095343,2.500924,-0.095343,0.018181,0.000000,0.000000,0.000000,0.000000,0.000000,0.000000
46.299999,0.498730,0.095118,2.501270,-0.095118,0.018095,0.000000,0.000000,0.000000,0.000000,0.000000,0.000000
46.399999,0.498385,0.094893,2.501615,-0.094893,0.018009,0.000000,0.000000,0.000000,0.000000,0.000000,0.000000
46.499999,0.498042,0.094670,2.501958,-0.094670,0.017925,0.000000,0.000000,0.000000,0.000000,0.000000,0.000000
46.599999,0.497699,0.094448,2.502301,-0.094448,0.017841,0.000000,0.000000,0.000000,0.000000,0.000000,0.000000
46.699999,0.497358,0.094226,2.502642,-0.094226,0.017757,0.000000,0.000000,0.000000,0.000000,0.000000,0.000000
46.799999,0.497017,0.094006,2.502983,-0.094006,0.017674,0.000000,0.000000,0.000000,0.000000,0.000000,0.000000
46.899999,0.496678,0.093787,2.503322,-0.093787,0.017592,0.000000,0.000000,0.000000,0.000000,0.000000,0.000000
46.999999,0.496339,0.093570,2.503661,-0.093570,0.017511,0.000000,0.000000,0.000000,0.000000,0.000000,0.000000
47.099999,0.496002,0.093353,2.503998,-0.093353,0.017429,0.000000,0.000000,0.000000,0.000000,0.000000,0.000000
47.199999,0.495665,0.093137,2.504335,-0.093137,0.017349,0.000000,0.000000,0.000000,0.000000,0.000000,0.000000
47.299999,0.495330,0.092922,2.504670,-0.092922,0.017269,0.000000,0.000000,0.000000,0.000000,0.000000,0.000000
47.399999,0.494995,0.092709,2.505005,-0.092709,0.017190,0.000000,0.000000,0.000000,0.000000,0.000000,0.000000
47.499999,0.494662,0.092496,2.505338,-0.092496,0.017111,0.000000,0.000000,0.000000,0.000000,0.000000,0.000000
47.599999,0.494329,0.092285,2.505671,-0.092285,0.017033,0.000000,0.000000,0.000000,0.000000,0.000000,0.000000
47.699999,0.493998,0.092074,2.506002,-0.092074,0.016955,0.000000,0.000000,0.000000,0.000000,0.000000,0.000000
47.799999,0.493667,0.091865,2.506333,-0.091865,0.016878,0.000000,0.000000,0.000000,0.000000,0.000000,0.000000
47.899999,0.493338,0.091656,2.506662,-0.091656,0.016802,0.000000,0.000000,0.000000,0.000000,0.000000,0.000000
47.999999,0.493009,0.091449,2.506991,-0.091449,0.016726,0.000000,0.000000,0.000000,0.000000,0.000000,0.000000
48.099999,0.492681,0.091243,2.507319,-0.091243,0.016650,0.000000,0.000000,0.000000,0.000000,0.000000,0.000000
48.199999,0.492355,0.091037,2.507645,-0.091037,0.016576,0.000000,0.000000,0.000000,0.000000,0.000000,0.000000
48.299999,0.492029,0.090833,2.507971,-0.090833,0.016501,0.000000,0.000000,0.000000,0.000000,0.000000,0.000000
48.399999,0.491704,0.090629,2.508296,-0.090629,0.016427,0.000000,0.000000,0.000000,0.000000,0.000000,0.000000
48.499999,0.491380,0.090427,2.508620,-0.090427,0.016354,0.000000,0.000000,0.000000,0.000000,0.000000,0.000000
48.599999,0.491057,0.090225,2.508943,-0.090225,0.016281,0.000000,0.000000,0.000000,0.000000,0.000000,0.000000
48.699999,0.490735,0.090025,2.509265,-0.090025,0.016209,0.000000,0.000000,0.000000,0.000000,0.000000,0.000000
48.799999,0.490414,0.089825,2.509586,-0.089825,0.016137,0.000000,0.000000,0.000000,0.000000,0.000000,0.000000
48.899999,0.490094,0.089627,2.509906,-0.089627,0.016066,0.000000,0.000000,0.000000,0.000000,0.000000,0.000000
48.999999,0.489775,0.089429,2.510225,-0.089429,0.015995,0.000000,0.000000,0.000000,0.000000,0.000000,0.000000
49.099999,0.489457,0.089232,2.510543,-0.089232,0.015925,0.000000,0.000000,0.000000,0.000000,0.000000,0.000000
49.199999,0.489139,0.089036,2.510861,-0.089036,0.015855,0.000000,0.000000,0.000000,0.000000,0.000000,0.000000
49.299999,0.488823,0.088841,2.511177,-0.088841,0.015786,0.000000,0.000000,0.000000,0.000000,0.000000,0.000000
49.399999,0.488507,0.088647,2.511493,-0.088647,0.015717,0.000000,0.000000,0.000000,0.000000,0.000000,0.000000
49.499999,0.488192,0.088454,2.511808,-0.088454,0.015648,0.000000,0.000000,0.000000,0.000000,0.000000,0.000000
49.599999,0.487879,0.088262,2.512121,-0.088262,0.015580,0.000000,0.000000,0.000000,0.000000,0.000000,0.000000
49.699999,0.487566,0.088071,2.512434,-0.088071,0.015513,0.000000,0.000000,0.000000,0.000000,0.000000,0.000000
49.799999,0.487254,0.087880,2.512746,-0.087880,0.015446,0.000000,0.000000,0.000000,0.000000,0.000000,0.000000
49.899999,0.486942,0.087691,2.513058,-0.087691,0.015379,0.000000,0.000000,0.000000,0.000000,0.000000,0.000000
49.999999,0.486632,0.087502,2.513368,-0.087502,0.015313,0.000000,0.000000,0.000000,0.000000,0.000000,0.000000
50.099999,0.486322,0.087314,2.513678,-0.087314,0.015248,0.000000,0.000000,0.000000,0.000000,0.000000,0.000000
50.199999,0.486014,0.087127,2.513986,-0.087127,0.015182,0.000000,0.000000,0.000000,0.000000,0.000000,0.000000
50.299999,0.485706,0.086941,2.514294,-0.086941,0.015118,0.000000,0.000000,0.000000,0.000000,0.000000,0.000000
50.399999,0.485399,0.086756,2.514601,-0.086756,0.015053,0.000000,0.000000,0.000000,0.000000,0.000000,0.000000
50.499999,0.485093,0.086572,2.514907,-0.086572,0.014989,0.000000,0.000000,0.000000,0.000000,0.000000,0.000000
50.599999,0.484788,0.086388,2.515212,-0.086388,0.014926,0.000000,0.000000,0.000000,0.000000,0.000000,0.000000
50.699999,0.484483,0.086205,2.515517,-0.086205,0.014863,0.000000,0.000000,0.000000,0.000000,0.000000,0.000000
50.799999,0.484180,0.086023,2.515820,-0.086023,0.014800,0.000000,0.000000,0.000000,0.000000,0.000000,0.000000
50.899999,0.483877,0.085842,2.516123,-0.085842,0.014738,0.000000,0.000000,0.000000,0.000000,0.000000,0.000000
50.999999,0.483575,0.085662,2.516425,-0.085662,0.014676,0.000000,0.000000,0.000000,0.000000,0.000000,0.000000
51.099999,0.483274,0.085483,2.516726,-0.085483,0.014615,0.000000,0.000000,0.000000,0.000000,0.000000,0.000000
51.199999,0.482974,0.085304,2.517026,-0.085304,0.014554,0.000000,0.000000,0.000000,0.000000,0.000000,0.000000
51.299999,0.482675,0.085126,2.517325,-0.085126,0.014493,0.000000,0.000000,0.000000,0.000000,0.000000,0.000000
51.399999,0.482376,0.084949,2.517624,-0.084949,0.014433,0.000000,0.000000,0.000000,0.000000,0.000000,0.000000
51.499999,0.482078,0.084773,2.517922,-0.084773,0.014373,0.000000,0.000000,0.000000,0.000000,0.000000,0.000000
51.599999,0.481781,0.084597,2.518219,-0.084597,0.014313,0.000000,0.000000,0.000000,0.000000,0.000000,0.000000
51.699999,0.481485,0.084422,2.518515,-0.084422,0.014254,0.000000,0.000000,0.000000,0.000000,0.000000,0.000000
51.799999,0.481189,0.084249,2.518811,-0.084249,0.014196,0.000000,0.000000,0.000000,0.000000,0.000000,0.000000
51.899999,0.480895,0.084075,2.519105,-0.084075,0.014137,0.000000,0.000000,0.000000,0.000000,0.000000,0.000000
51.999999,0.480601,0.083903,2.519399,-0.083903,0.014079,0.000000,0.000000,0.000000,0.000000,0.000000,0.000000
52.099999,0.480308,0.083731,2.519692,-0.083731,0.014022,0.000000,0.000000,0.000000,0.000000,0.000000,0.000000
52.199999,0.480016,0.083560,2.519984,-0.083560,0.013965,0.000000,0.000000,0.000000,0.000000,0.000000,0.000000
52.299999,0.479724,0.083390,2.520276,-0.083390,0.013908,0.000000,0.000000,0.000000,0.000000,0.000000,0.000000
52.399999,0.479433,0.083221,2.520567,-0.083221,0.013851,0.000000,0.000000,0.000000,0.000000,0.000000,0.000000
52.499999,0.479143,0.083052,2.520857,-0.083052,0.013795,0.000000,0.000000,0.000000,0.000000,0.000000,0.000000
52.599999,0.478854,0.082884,2.521146,-0.082884,0.013740,0.000000,0.000000,0.000000,0.000000,0.000000,0.000000
52.699999,0.478566,0.082717,2.521434,-0.082717,0.013684,0.000000,0.000000,0.000000,0.000000,0.000000,0.000000
52.799999,0.478278,0.082550,2.521722,-0.082550,0.013629,0.000000,0.000000,0.000000,0.000000,0.000000,0.000000
52.899999,0.477991,0.082385,2.522009,-0.082385,0.013574,0.000000,0.000000,0.000000,0.000000,0.000000,0.000000
52.999999,0.477705,0.082219,2.522295,-0.082219,0.013520,0.000000,0.000000,0.000000,0.000000,0.000000,0.000000
53.099999,0.477419,0.082055,2.522581,-0.082055,0.013466,0.000000,0.000000,0.000000,0.000000,0.000000,0.000000
53.199999,0.477134,0.081891,2.522866,-0.081891,0.013412,0.000000,0.000000,0.000000,0.000000,0.000000,0.000000
53.299999,0.476850,0.081728,2.523150,-0.081728,0.013359,0.000000,0.000000,0.000000,0.000000,0.000000,0.000000
53.399999,0.476567,0.081566,2.523433,-0.081566,0.013306,0.000000,0.000000,0.000000,0.000000,0.000000,0.000000
53.499999,0.476285,0.081404,2.523715,-0.081404,0.013253,0.000000,0.000000,0.000000,0.000000,0.000000,0.000000
53.599999,0.476003,0.081244,2.523997,-0.081244,0.013201,0.000000,0.000000,0.000000,0.000000,0.000000,0.000000
53.699999,0.475722,0.081083,2.524278,-0.081083,0.013149,0.000000,0.000000,0.000000,0.000000,0.000000,0.000000
53.799999,0.475441,0.080924,2.524559,-0.080924,0.013097,0.000000,0.000000,0.000000,0.000000,0.000000,0.000000
53.899999,0.475162,0.080765,2.524838,-0.080765,0.013046,0.000000,0.000000,0.000000,0.000000,0.000000,0.000000
53.999999,0.474883,0.080607,2.525117,-0.080607,0.012995,0.000000,0.000000,0.000000,0.000000,0.000000,0.000000
54.099999,0.474605,0.080449,2.525395,-0.080449,0.012944,0.000000,0.000000,0.000000,0.000000,0.000000,0.000000
54.199999,0.474327,0.080292,2.525673,-0.080292,0.012894,0.000000,0.000000,0.000000,0.000000,0.000000,0.000000
54.299999,0.474050,0.080136,2.525950,-0.080136,0.012844,0.000000,0.000000,0.000000,0.000000,0.000000,0.000000
54.399999,0.473774,0.079980,2.526226,-0.079980,0.012794,0.000000,0.000000,0.000000,0.000000,0.000000,0.000000
54.499999,0.473499,0.079825,2.526501,-0.079825,0.012744,0.000000,0.000000,0.000000,0.000000,0.000000,0.000000
54.599999,0.473224,0.079671,2.526776,-0.079671,0.012695,0.000000,0.000000,0.000000,0.000000,0.000000,0.000000
54.699999,0.472950,0.079517,2.527050,-0.079517,0.012646,0.000000,0.000000,0.000000,0.000000,0.000000,0.000000
54.799999,0.472677,0.079364,2.527323,-0.079364,0.012597,0.000000,0.000000,0.000000,0.000000,0.000000,0.000000
54.899999,0.472404,0.079212,2.527596,-0.079212,0.012549,0.000000,0.000000,0.000000,0.000000,0.000000,0.000000
54.999999,0.472132,0.079060,2.527868,-0.079060,0.012501,0.000000,0.000000,0.000000,0.000000,0.000000,0.000000
55.099999,0.471861,0.078909,2.528139,-0.078909,0.012453,0.000000,0.000000,0.000000,0.000000,0.000000,0.000000
55.199999,0.471590,0.078758,2.528410,-0.078758,0.012406,0.000000,0.000000,0.000000,0.000000,0.000000,0.000000
55.299999,0.471320,0.078608,2.528680,-0.078608,0.012359,0.000000,0.000000,0.000000,0.000000,0.000000,0.000000
55.399999,0.471051,0.078459,2.528949,-0.078459,0.012312,0.000000,0.000000,0.000000,0.000000,0.000000,0.000000
55.499999,0.470782,0.078310,2.529218,-0.078310,0.012265,0.000000,0.000000,0.000000,0.000000,0.000000,0.000000
55.599999,0.470515,0.078162,2.529485,-0.078162,0.012219,0.000000,0.000000,0.000000,0.000000,0.000000,0.000000
55.699999,0.470247,0.078015,2.529753,-0.078015,0.012173,0.000000,0.000000,0.000000,0.000000,0.000000,0.000000
55.799999,0.469981,0.077868,2.530019,-0.077868,0.012127,0.000000,0.000000,0.000000,0.000000,0.000000,0.000000
55.899999,0.469715,0.077722,2.530285,-0.077722,0.012081,0.000000,0.000000,0.000000,0.000000,0.000000,0.000000
55.999999,0.469449,0.077576,2.530551,-0.077576,0.012036,0.000000,0.000000,0.000000,0.000000,0.000000,0.000000
56.099999,0.469185,0.077431,2.530815,-0.077431,0.011991,0.000000,0.000000,0.000000,0.000000,0.000000,0.000000
56.199999,0.468921,0.077286,2.531079,-0.077286,0.011946,0.000000,0.000000,0.000000,0.000000,0.000000,0.000000
56.299999,0.468657,0.077142,2.531343,-0.077142,0.011902,0.000000,0.000000,0.000000,0.000000,0.000000,0.000000
56.399999,0.468394,0.076999,2.531606,-0.076999,0.011858,0.000000,0.000000,0.000000,0.000000,0.000000,0.000000
56.499999,0.468132,0.076856,2.531868,-0.076856,0.011814,0.000000,0.000000,0.000000,0.000000,0.000000,0.000000
56.599999,0.467871,0.076713,2.532129,-0.076713,0.011770,0.000000,0.000000,0.000000,0.000000,0.000000,0.000000
56.699999,0.467610,0.076572,2.532390,-0.076572,0.011726,0.000000,0.000000,0.000000,0.000000,0.000000,0.000000
56.799999,0.467350,0.076431,2.532650,-0.076431,0.011683,0.000000,0.000000,0.000000,0.000000,0.000000,0.000000
56.899999,0.467090,0.076290,2.532910,-0.076290,0.011640,0.000000,0.000000,0.000000,0.000000,0.000000,0.000000
56.999999,0.466831,0.076150,2.533169,-0.076150,0.011598,0.000000,0.000000,0.000000,0.000000,0.000000,0.000000
57.099999,0.466573,0.076010,2.533427,-0.076010,0.011555,0.000000,0.000000,0.000000,0.000000,0.000000,0.000000
57.199999,0.466315,0.075871,2.533685,-0.075871,0.011513,0.000000,0.000000,0.000000,0.000000,0.000000,0.000000
57.299999,0.466058,0.075733,2.533942,-0.075733,0.011471,0.000000,0.000000,0.000000,0.000000,0.000000,0.000000
57.399999,0.465801,0.075595,2.534199,-0.075595,0.011429,0.000000,0.000000,0.000000,0.000000,0.000000,0.000000
57.499999,0.465545,0.075458,2.534455,-0.075458,0.011388,0.000000,0.000000,0.000000,0.000000,0.000000,0.000000
57.599999,0.465290,0.075321,2.534710,-0.075321,0.011346,0.000000,0.000000,0.000000,0.000000,0.000000,0.000000
57.699999,0.465035,0.075185,2.534965,-0.075185,0.011305,0.000000,0.000000,0.000000,0.000000,0.000000,0.000000
57.799999,0.464781,0.075049,2.535219,-0.075049,0.011265,0.000000,0.000000,0.000000,0.000000,0.000000,0.000000
57.899999,0.464528,0.074914,2.535472,-0.074914,0.011224,0.000000,0.000000,0.000000,0.000000,0.000000,0.000000
57.999999,0.464275,0.074779,2.535725,-0.074779,0.011184,0.000000,0.000000,0.000000,0.000000,0.000000,0.000000
58.099999,0.464022,0.074645,2.535978,-0.074645,0.011144,0.000000,0.000000,0.000000,0.000000,0.000000,0.000000
58.199999,0.463771,0.074511,2.536229,-0.074511,0.011104,0.000000,0.000000,0.000000,0.000000,0.000000,0.000000
58.299999,0.463520,0.074378,2.536480,-0.074378,0.011064,0.000000,0.000000,0.000000,0.000000,0.000000,0.000000
58.399999,0.463269,0.074245,2.536731,-0.074245,0.011025,0.000000,0.000000,0.000000,0.000000,0.000000,0.000000
58.499999,0.463019,0.074113,2.536981,-0.074113,0.010985,0.000000,0.000000,0.000000,0.000000,0.000000,0.000000
58.599999,0.462770,0.073981,2.537230,-0.073981,0.010946,0.000000,0.000000,0.000000,0.000000,0.000000,0.000000
58.699999,0.462521,0.073850,2.537479,-0.073850,0.010908,0.000000,0.000000,0.000000,0.000000,0.000000,0.000000
58.799999,0.462272,0.073720,2.537728,-0.073720,0.010869,0.000000,0.000000,0.000000,0.000000,0.000000,0.000000
58.899999,0.462025,0.073589,2.537975,-0.073589,0.010831,0.000000,0.000000,0.000000,0.000000,0.000000,0.000000
58.999999,0.461778,0.073460,2.538222,-0.073460,0.010793,0.000000,0.000000,0.000000,0.000000,0.000000,0.000000
59.099999,0.461531,0.073331,2.538469,-0.073331,0.010755,0.000000,0.000000,0.000000,0.000000,0.000000,0.000000
59.199999,0.461285,0.073202,2.538715,-0.073202,0.010717,0.000000,0.000000,0.000000,0.000000,0.000000,0.000000
59.299999,0.461040,0.073074,2.538960,-0.073074,0.010679,0.000000,0.000000,0.000000,0.000000,0.000000,0.000000
59.399999,0.460795,0.072946,2.539205,-0.072946,0.010642,0.000000,0.000000,0.000000,0.000000,0.000000,0.000000
59.499999,0.460551,0.072819,2.539449,-0.072819,0.010605,0.000000,0.000000,0.000000,0.000000,0.000000,0.000000
59.599999,0.460307,0.072692,2.539693,-0.072692,0.010568,0.000000,0.000000,0.000000,0.000000,0.000000,0.000000
59.699999,0.460064,0.072565,2.539936,-0.072565,0.010531,0.000000,0.000000,0.000000,0.000000,0.000000,0.000000
59.799999,0.459821,0.072440,2.540179,-0.072440,0.010495,0.000000,0.000000,0.000000,0.000000,0.000000,0.000000
59.899999,0.459579,0.072314,2.540421,-0.072314,0.010459,0.000000,0.000000,0.000000,0.000000,0.000000,0.000000
59.999999,0.459337,0.072189,2.540663,-0.072189,0.010423,0.000000,0.000000,0.000000,0.000000,0.000000,0.000000
60.099999,0.459096,0.072065,2.540904,-0.072065,0.010387,0.000000,0.000000,0.000000,0.000000,0.000000,0.000000
60.199999,0.458856,0.071941,2.541144,-0.071941,0.010351,0.000000,0.000000,0.000000,0.000000,0.000000,0.000000
60.299999,0.458616,0.071817,2.541384,-0.071817,0.010315,0.000000,0.000000,0.000000,0.000000,0.000000,0.000000
60.399999,0.458376,0.071694,2.541624,-0.071694,0.010280,0.000000,0.000000,0.000000,0.000000,0.000000,0.000000
60.499999,0.458138,0.071572,2.541862,-0.071572,0.010245,0.000000,0.000000,0.000000,0.000000,0.000000,0.000000
60.599999,0.457899,0.071449,2.542101,-0.071449,0.010210,0.000000,0.000000,0.000000,0.000000,0.000000,0.000000
60.699999,0.457661,0.071328,2.542339,-0.071328,0.010175,0.000000,0.000000,0.000000,0.000000,0.000000,0.000000
60.799999,0.457424,0.071206,2.542576,-0.071206,0.010141,0.000000,0.000000,0.000000,0.000000,0.000000,0.000000
60.899999,0.457187,0.071085,2.542813,-0.071085,0.010106,0.000000,0.000000,0.000000,0.000000,0.000000,0.000000
60.999999,0.456951,0.070965,2.543049,-0.070965,0.010072,0.000000,0.000000,0.000000,0.000000,0.000000,0.000000
61.099999,0.456715,0.070845,2.543285,-0.070845,0.010038,0.000000,0.000000,0.000000,0.000000,0.000000,0.000000
61.199999,0.456480,0.070725,2.543520,-0.070725,0.010004,0.000000,0.000000,0.000000,0.000000,0.000000,0.000000
61.299999,0.456246,0.070606,2.543754,-0.070606,0.009971,0.000000,0.000000,0.000000,0.000000,0.000000,0.000000
61.399999,0.456011,0.070488,2.543989,-0.070488,0.009937,0.000000,0.000000,0.000000,0.000000,0.000000,0.000000
61.499999,0.455778,0.070369,2.544222,-0.070369,0.009904,0.000000,0.000000,0.000000,0.000000,0.000000,0.000000
61.599999,0.455545,0.070251,2.544455,-0.070251,0.009871,0.000000,0.000000,0.000000,0.000000,0.000000,0.000000
61.699999,0.455312,0.070134,2.544688,-0.070134,0.009838,0.000000,0.000000,0.000000,0.000000,0.000000,0.000000
61.799999,0.455080,0.070017,2.544920,-0.070017,0.009805,0.000000,0.000000,0.000000,0.000000,0.000000,0.000000
61.899999,0.454848,0.069900,2.545152,-0.069900,0.009772,0.000000,0.000000,0.000000,0.000000,0.000000,0.000000
61.999999,0.454617,0.069784,2.545383,-0.069784,0.009740,0.000000,0.000000,0.000000,0.000000,0.000000,0.000000
62.099999,0.454387,0.069669,2.545613,-0.069669,0.009707,0.000000,0.000000,0.000000,0.000000,0.000000,0.000000
62.199999,0.454157,0.069553,2.545843,-0.069553,0.009675,0.000000,0.000000,0.000000,0.000000,0.000000,0.000000
62.299999,0.453927,0.069438,2.546073,-0.069438,0.009643,0.000000,0.000000,0.000000,0.000000,0.000000,0.000000
62.399999,0.453698,0.069324,2.546302,-0.069324,0.009612,0.000000,0.000000,0.000000,0.000000,0.000000,0.000000
62.499999,0.453469,0.069210,2.546531,-0.069210,0.009580,0.000000,0.000000,0.000000,0.000000,0.000000,0.000000
62.599999,0.453241,0.069096,2.546759,-0.069096,0.009548,0.000000,0.000000,0.000000,0.000000,0.000000,0.000000
62.699999,0.453013,0.068982,2.546987,-0.068982,0.009517,0.000000,0.000000,0.000000,0.000000,0.000000,0.000000
62.799999,0.452786,0.068869,2.547214,-0.068869,0.009486,0.000000,0.000000,0.000000,0.000000,0.000000,0.000000
62.899999,0.452560,0.068757,2.547440,-0.068757,0.009455,0.000000,0.000000,0.000000,0.000000,0.000000,0.000000
62.999999,0.452333,0.068645,2.547667,-0.068645,0.009424,0.000000,0.000000,0.000000,0.000000,0.000000,0.000000
63.099999,0.452108,0.068533,2.547892,-0.068533,0.009394,0.000000,0.000000,0.000000,0.000000,0.000000,0.000000
63.199999,0.451882,0.068422,2.548118,-0.068422,0.009363,0.000000,0.000000,0.000000,0.000000,0.000000,0.000000
63.299999,0.451658,0.068311,2.548342,-0.068311,0.009333,0.000000,0.000000,0.000000,0.000000,0.000000,0.000000
63.399999,0.451433,0.068200,2.548567,-0.068200,0.009302,0.000000,0.000000,0.000000,0.000000,0.000000,0.000000
63.499999,0.451209,0.068090,2.548791,-0.068090,0.009272,0.000000,0.000000,0.000000,0.000000,0.000000,0.000000
63.599999,0.450986,0.067980,2.549014,-0.067980,0.009243,0.000000,0.000000,0.000000,0.000000,0.000000,0.000000
63.699999,0.450763,0.067870,2.549237,-0.067870,0.009213,0.000000,0.000000,0.000000,0.000000,0.000000,0.000000
63.799999,0.450541,0.067761,2.549459,-0.067761,0.009183,0.000000,0.000000,0.000000,0.000000,0.000000,0.000000
63.899999,0.450319,0.067653,2.549681,-0.067653,0.009154,0.000000,0.000000,0.000000,0.000000,0.000000,0.000000
63.999999,0.450097,0.067544,2.549903,-0.067544,0.009124,0.000000,0.000000,0.000000,0.000000,0.000000,0.000000
64.099999,0.449876,0.067436,2.550124,-0.067436,0.009095,0.000000,0.000000,0.000000,0.000000,0.000000,0.000000
64.199999,0.449656,0.067329,2.550344,-0.067329,0.009066,0.000000,0.000000,0.000000,0.000000,0.000000,0.000000
64.299999,0.449436,0.067221,2.550564,-0.067221,0.009037,0.000000,0.000000,0.000000,0.000000,0.000000,0.000000
64.399999,0.449216,0.067115,2.550784,-0.067115,0.009009,0.000000,0.000000,0.000000,0.000000,0.000000,0.000000
64.499999,0.448997,0.067008,2.551003,-0.067008,0.008980,0.000000,0.000000,0.000000,0.000000,0.000000,0.000000
64.599999,0.448778,0.066902,2.551222,-0.066902,0.008952,0.000000,0.000000,0.000000,0.000000,0.000000,0.000000
64.699999,0.448560,0.066796,2.551440,-0.066796,0.008923,0.000000,0.000000,0.000000,0.000000,0.000000,0.000000
64.799999,0.448342,0.066691,2.551658,-0.066691,0.008895,0.000000,0.000000,0.000000,0.000000,0.000000,0.000000
64.899999,0.448125,0.066586,2.551875,-0.066586,0.008867,0.000000,0.000000,0.000000,0.000000,0.000000,0.000000
64.999999,0.447908,0.066481,2.552092,-0.066481,0.008839,0.000000,0.000000,0.000000,0.000000,0.000000,0.000000
65.099999,0.447691,0.066376,2.552309,-0.066376,0.008812,0.000000,0.000000,0.000000,0.000000,0.000000,0.000000
65.199999,0.447475,0.066272,2.552525,-0.066272,0.008784,0.000000,0.000000,0.000000,0.000000,0.000000,0.000000
65.299999,0.447260,0.066169,2.552740,-0.066169,0.008757,0.000000,0.000000,0.000000,0.000000,0.000000,0.000000
65.399999,0.447044,0.066065,2.552956,-0.066065,0.008729,0.000000,0.000000,0.000000,0.000000,0.000000,0.000000
65.499999,0.446830,0.065962,2.553170,-0.065962,0.008702,0.000000,0.000000,0.000000,0.000000,0.000000,0.000000
65.599999,0.446615,0.065860,2.553385,-0.065860,0.008675,0.000000,0.000000,0.000000,0.000000,0.000000,0.000000
65.699999,0.446401,0.065757,2.553599,-0.065757,0.008648,0.000000,0.000000,0.000000,0.000000,0.000000,0.000000
65.799999,0.446188,0.065656,2.553812,-0.065656,0.008621,0.000000,0.000000,0.000000,0.000000,0.000000,0.000000
65.899999,0.445975,0.065554,2.554025,-0.065554,0.008595,0.000000,0.000000,0.000000,0.000000,0.000000,0.000000
65.999999,0.445762,0.065453,2.554238,-0.065453,0.008568,0.000000,0.000000,0.000000,0.000000,0.000000,0.000000
66.099999,0.445550,0.065352,2.554450,-0.065352,0.008542,0.000000,0.000000,0.000000,0.000000,0.000000,0.000000
66.199999,0.445339,0.065251,2.554661,-0.065251,0.008515,0.000000,0.000000,0.000000,0.000000,0.000000,0.000000
66.299999,0.445127,0.065151,2.554873,-0.065151,0.008489,0.000000,0.000000,0.000000,0.000000,0.000000,0.000000
66.399999,0.444916,0.065051,2.555084,-0.065051,0.008463,0.000000,0.000000,0.000000,0.000000,0.000000,0.000000
66.499999,0.444706,0.064951,2.555294,-0.064951,0.008437,0.000000,0.000000,0.000000,0.000000,0.000000,0.000000
66.599999,0.444496,0.064852,2.555504,-0.064852,0.008412,0.000000,0.000000,0.000000,0.000000,0.000000,0.000000
66.699999,0.444286,0.064753,2.555714,-0.064753,0.008386,0.000000,0.000000,0.000000,0.000000,0.000000,0.000000
66.799999,0.444077,0.064654,2.555923,-0.064654,0.008360,0.000000,0.000000,0.000000,0.000000,0.000000,0.000000
66.899999,0.443868,0.064556,2.556132,-0.064556,0.008335,0.000000,0.000000,0.000000,0.000000,0.000000,0.000000
66.999999,0.443660,0.064458,2.556340,-0.064458,0.008310,0.000000,0.000000,0.000000,0.000000,0.000000,0.000000
67.099999,0.443452,0.064360,2.556548,-0.064360,0.008284,0.000000,0.000000,0.000000,0.000000,0.000000,0.000000
67.199998,0.443244,0.064263,2.556756,-0.064263,0.008259,0.000000,0.000000,0.000000,0.000000,0.000000,0.000000
67.299998,0.443037,0.064166,2.556963,-0.064166,0.008234,0.000000,0.000000,0.000000,0.000000,0.000000,0.000000
67.399998,0.442830,0.064069,2.557170,-0.064069,0.008210,0.000000,0.000000,0.000000,0.000000,0.000000,0.000000
67.499998,0.442624,0.063972,2.557376,-0.063972,0.008185,0.000000,0.000000,0.000000,0.000000,0.000000,0.000000
67.599998,0.442418,0.063876,2.557582,-0.063876,0.008160,0.000000,0.000000,0.000000,0.000000,0.000000,0.000000
67.699998,0.442213,0.063780,2.557787,-0.063780,0.008136,0.000000,0.000000,0.000000,0.000000,0.000000,0.000000
67.799998,0.442007,0.063685,2.557993,-0.063685,0.008111,0.000000,0.000000,0.000000,0.000000,0.000000,0.000000
67.899998,0.441803,0.063589,2.558197,-0.063589,0.008087,0.000000,0.000000,0.000000,0.000000,0.000000,0.000000
67.999998,0.441598,0.063495,2.558402,-0.063495,0.008063,0.000000,0.000000,0.000000,0.000000,0.000000,0.000000
68.099998,0.441394,0.063400,2.558606,-0.063400,0.008039,0.000000,0.000000,0.000000,0.000000,0.000000,0.000000
68.199998,0.441191,0.063306,2.558809,-0.063306,0.008015,0.000000,0.000000,0.000000,0.000000,0.000000,0.000000
68.299998,0.440988,0.063212,2.559012,-0.063212,0.007991,0.000000,0.000000,0.000000,0.000000,0.000000,0.000000
68.399998,0.440785,0.063118,2.559215,-0.063118,0.007968,0.000000,0.000000,0.000000,0.000000,0.000000,0.000000
68.499998,0.440583,0.063024,2.559417,-0.063024,0.007944,0.000000,0.000000,0.000000,0.000000,0.000000,0.000000
68.599998,0.440381,0.062931,2.559619,-0.062931,0.007921,0.000000,0.000000,0.000000,0.000000,0.000000,0.000000
68.699998,0.440179,0.062838,2.559821,-0.062838,0.007897,0.000000,0.000000,0.000000,0.000000,0.000000,0.000000
68.799998,0.439978,0.062746,2.560022,-0.062746,0.007874,0.000000,0.000000,0.000000,0.000000,0.000000,0.000000
68.899998,0.439777,0.062654,2.560223,-0.062654,0.007851,0.000000,0.000000,0.000000,0.000000,0.000000,0.000000
68.999998,0.439577,0.062562,2.560423,-0.062562,0.007828,0.000000,0.000000,0.000000,0.000000,0.000000,0.000000
69.099998,0.439377,0.062470,2.560623,-0.062470,0.007805,0.000000,0.000000,0.000000,0.000000,0.000000,0.000000
69.199998,0.439177,0.062379,2.560823,-0.062379,0.007782,0.000000,0.000000,0.000000,0.000000,0.000000,0.000000
69.299998,0.438978,0.062287,2.561022,-0.062287,0.007759,0.000000,0.000000,0.000000,0.000000,0.000000,0.000000
69.399998,0.438779,0.062197,2.561221,-0.062197,0.007737,0.000000,0.000000,0.000000,0.000000,0.000000,0.000000
69.499998,0.438580,0.062106,2.561420,-0.062106,0.007714,0.000000,0.000000,0.000000,0.000000,0.000000,0.000000
69.599998,0.438382,0.062016,2.561618,-0.062016,0.007692,0.000000,0.000000,0.000000,0.000000,0.000000,0.000000
69.699998,0.438184,0.061926,2.561816,-0.061926,0.007670,0.000000,0.000000,0.000000,0.000000,0.000000,0.000000
69.799998,0.437987,0.061836,2.562013,-0.061836,0.007647,0.000000,0.000000,0.000000,0.000000,0.000000,0.000000
69.899998,0.437790,0.061747,2.562210,-0.061747,0.007625,0.000000,0.000000,0.000000,0.000000,0.000000,0.000000
69.999998,0.437593,0.061657,2.562407,-0.061657,0.007603,0.000000,0.000000,0.000000,0.000000,0.000000,0.000000
70.099998,0.437397,0.061569,2.562603,-0.061569,0.007581,0.000000,0.000000,0.000000,0.000000,0.000000,0.000000
70.199998,0.437201,0.061480,2.562799,-0.061480,0.007560,0.000000,0.000000,0.000000,0.000000,0.000000,0.000000
70.299998,0.437005,0.061392,2.562995,-0.061392,0.007538,0.000000,0.000000,0.000000,0.000000,0.000000,0.000000
70.399998,0.436810,0.061304,2.563190,-0.061304,0.007516,0.000000,0.000000,0.000000,0.000000,0.000000,0.000000
70.499998,0.436615,0.061216,2.563385,-0.061216,0.007495,0.000000,0.000000,0.000000,0.000000,0.000000,0.000000
70.599998,0.436421,0.061128,2.563579,-0.061128,0.007473,0.000000,0.000000,0.000000,0.000000,0.000000,0.000000
70.699998,0.436227,0.061041,2.563773,-0.061041,0.007452,0.000000,0.000000,0.000000,0.000000,0.000000,0.000000
70.799998,0.436033,0.060954,2.563967,-0.060954,0.007431,0.000000,0.000000,0.000000,0.000000,0.000000,0.000000
70.899998,0.435839,0.060867,2.564161,-0.060867,0.007410,0.000000,0.000000,0.000000,0.000000,0.000000,0.000000
70.999998,0.435646,0.060781,2.564354,-0.060781,0.007389,0.000000,0.000000,0.000000,0.000000,0.000000,0.000000
71.099998,0.435454,0.060695,2.564546,-0.060695,0.007368,0.000000,0.000000,0.000000,0.000000,0.000000,0.000000
71.199998,0.435261,0.060609,2.564739,-0.060609,0.007347,0.000000,0.000000,0.000000,0.000000,0.000000,0.000000
71.299998,0.435069,0.060523,2.564931,-0.060523,0.007326,0.000000,0.000000,0.000000,0.000000,0.000000,0.000000
71.399998,0.434878,0.060438,2.565122,-0.060438,0.007305,0.000000,0.000000,0.000000,0.000000,0.000000,0.000000
71.499998,0.434687,0.060352,2.565313,-0.060352,0.007285,0.000000,0.000000,0.000000,0.000000,0.000000,0.000000
71.599998,0.434496,0.060267,2.565504,-0.060267,0.007264,0.000000,0.000000,0.000000,0.000000,0.000000,0.000000
71.699998,0.434305,0.060183,2.565695,-0.060183,0.007244,0.000000,0.000000,0.000000,0.000000,0.000000,0.000000
71.799998,0.434115,0.060098,2.565885,-0.060098,0.007224,0.000000,0.000000,0.000000,0.000000,0.000000,0.000000
71.899998,0.433925,0.060014,2.566075,-0.060014,0.007203,0.000000,0.000000,0.000000,0.000000,0.000000,0.000000
71.999998,0.433735,0.059930,2.566265,-0.059930,0.007183,0.000000,0.000000,0.000000,0.000000,0.000000,0.000000
72.099998,0.433546,0.059847,2.566454,-0.059847,0.007163,0.000000,0.000000,0.000000,0.000000,0.000000,0.000000
72.199998,0.433357,0.059763,2.566643,-0.059763,0.007143,0.000000,0.000000,0.000000,0.000000,0.000000,0.000000
72.299998,0.433169,0.059680,2.566831,-0.059680,0.007123,0.000000,0.000000,0.000000,0.000000,0.000000,0.000000
72.399998,0.432981,0.059597,2.567019,-0.059597,0.007104,0.000000,0.000000,0.000000,0.000000,0.000000,0.000000
72.499998,0.432793,0.059514,2.567207,-0.059514,0.007084,0.000000,0.000000,0.000000,0.000000,0.000000,0.000000
72.599998,0.432605,0.059432,2.567395,-0.059432,0.007064,0.000000,0.000000,0.000000,0.000000,0.000000,0.000000
72.699998,0.432418,0.059350,2.567582,-0.059350,0.007045,0.000000,0.000000,0.000000,0.000000,0.000000,0.000000
72.799998,0.432231,0.059268,2.567769,-0.059268,0.007025,0.000000,0.000000,0.000000,0.000000,0.000000,0.000000
72.899998,0.432045,0.059186,2.567955,-0.059186,0.007006,0.000000,0.000000,0.000000,0.000000,0.000000,0.000000
72.999998,0.431859,0.059105,2.568141,-0.059105,0.006987,0.000000,0.000000,0.000000,0.000000,0.000000,0.000000
73.099998,0.431673,0.059023,2.568327,-0.059023,0.006968,0.000000,0.000000,0.000000,0.000000,0.000000,0.000000
73.199998,0.431487,0.058943,2.568513,-0.058943,0.006948,0.000000,0.000000,0.000000,0.000000,0.000000,0.000000
73.299998,0.431302,0.058862,2.568698,-0.058862,0.006929,0.000000,0.000000,0.000000,0.000000,0.000000,0.000000
73.399998,0.431117,0.058781,2.568883,-0.058781,0.006910,0.000000,0.000000,0.000000,0.000000,0.000000,0.000000
73.499998,0.430933,0.058701,2.569067,-0.058701,0.006892,0.000000,0.000000,0.000000,0.000000,0.000000,0.000000
73.599998,0.430749,0.058621,2.569251,-0.058621,0.006873,0.000000,0.000000,0.000000,0.000000,0.000000,0.000000
73.699998,0.430565,0.058541,2.569435,-0.058541,0.006854,0.000000,0.000000,0.000000,0.000000,0.000000,0.000000
73.799998,0.430381,0.058462,2.569619,-0.058462,0.006836,0.000000,0.000000,0.000000,0.000000,0.000000,0.000000
73.899998,0.430198,0.058382,2.569802,-0.058382,0.006817,0.000000,0.000000,0.000000,0.000000,0.000000,0.000000
73.999998,0.430015,0.058303,2.569985,-0.058303,0.006798,0.000000,0.000000,0.000000,0.000000,0.000000,0.000000
74.099998,0.429833,0.058224,2.570167,-0.058224,0.006780,0.000000,0.000000,0.000000,0.000000,0.000000,0.000000
74.199998,0.429651,0.058145,2.570349,-0.058145,0.006762,0.000000,0.000000,0.000000,0.000000,0.000000,0.000000
74.299998,0.429469,0.058067,2.570531,-0.058067,0.006744,0.000000,0.000000,0.000000,0.000000,0.000000,0.000000
74.399998,0.429287,0.057989,2.570713,-0.057989,0.006725,0.000000,0.000000,0.000000,0.000000,0.000000,0.000000
74.499998,0.429106,0.057911,2.570894,-0.057911,0.006707,0.000000,0.000000,0.000000,0.000000,0.000000,0.000000
74.599998,0.428925,0.057833,2.571075,-0.057833,0.006689,0.000000,0.000000,0.000000,0.000000,0.000000,0.000000
74.699998,0.428744,0.057756,2.571256,-0.057756,0.006671,0.000000,0.000000,0.000000,0.000000,0.000000,0.000000
74.799998,0.428564,0.057678,2.571436,-0.057678,0.006654,0.000000,0.000000,0.000000,0.000000,0.000000,0.000000
74.899998,0.428384,0.057601,2.571616,-0.057601,0.006636,0.000000,0.000000,0.000000,0.000000,0.000000,0.000000
74.999998,0.428204,0.057524,2.571796,-0.057524,0.006618,0.000000,0.000000,0.000000,0.000000,0.000000,0.000000
75.099998,0.428025,0.057448,2.571975,-0.057448,0.006600,0.000000,0.000000,0.000000,0.000000,0.000000,0.000000
75.199998,0.427846,0.057371,2.572154,-0.057371,0.006583,0.000000,0.000000,0.000000,0.000000,0.000000,0.000000
75.299998,0.427667,0.057295,2.572333,-0.057295,0.006565,0.000000,0.000000,0.000000,0.000000,0.000000,0.000000
75.399998,0.427488,0.057219,2.572512,-0.057219,0.006548,0.000000,0.000000,0.000000,0.000000,0.000000,0.000000
75.499998,0.427310,0.057143,2.572690,-0.057143,0.006531,0.000000,0.000000,0.000000,0.000000,0.000000,0.000000
75.599998,0.427132,0.057067,2.572868,-0.057067,0.006513,0.000000,0.000000,0.000000,0.000000,0.000000,0.000000
75.699998,0.426955,0.056992,2.573045,-0.056992,0.006496,0.000000,0.000000,0.000000,0.000000,0.000000,0.000000
75.799998,0.426777,0.056917,2.573223,-0.056917,0.006479,0.000000,0.000000,0.000000,0.000000,0.000000,0.000000
75.899998,0.426600,0.056842,2.573400,-0.056842,0.006462,0.000000,0.000000,0.000000,0.000000,0.000000,0.000000
75.999998,0.426424,0.056767,2.573576,-0.056767,0.006445,0.000000,0.000000,0.000000,0.000000,0.000000,0.000000
76.099998,0.426247,0.056693,2.573753,-0.056693,0.006428,0.000000,0.000000,0.000000,0.000000,0.000000,0.000000
76.199998,0.426071,0.056618,2.573929,-0.056618,0.006411,0.000000,0.000000,0.000000,0.000000,0.000000,0.000000
76.299998,0.425896,0.056544,2.574104,-0.056544,0.006395,0.000000,0.000000,0.000000,0.000000,0.000000,0.000000
76.399998,0.425720,0.056470,2.574280,-0.056470,0.006378,0.000000,0.000000,0.000000,0.000000,0.000000,0.000000
76.499998,0.425545,0.056397,2.574455,-0.056397,0.006361,0.000000,0.000000,0.000000,0.000000,0.000000,0.000000
76.599998,0.425370,0.056323,2.574630,-0.056323,0.006345,0.000000,0.000000,0.000000,0.000000,0.000000,0.000000
76.699998,0.425196,0.056250,2.574804,-0.056250,0.006328,0.000000,0.000000,0.000000,0.000000,0.000000,0.000000
76.799998,0.425021,0.056177,2.574979,-0.056177,0.006312,0.000000,0.000000,0.000000,0.000000,0.000000,0.000000
76.899998,0.424847,0.056104,2.575153,-0.056104,0.006295,0.000000,0.000000,0.000000,0.000000,0.000000,0.000000
76.999998,0.424674,0.056031,2.575326,-0.056031,0.006279,0.000000,0.000000,0.000000,0.000000,0.000000,0.000000
77.099998,0.424500,0.055959,2.575500,-0.055959,0.006263,0.000000,0.000000,0.000000,0.000000,0.000000,0.000000
77.199998,0.424327,0.055886,2.575673,-0.055886,0.006247,0.000000,0.000000,0.000000,0.000000,0.000000,0.000000
77.299998,0.424154,0.055814,2.575846,-0.055814,0.006230,0.000000,0.000000,0.000000,0.000000,0.000000,0.000000
77.399998,0.423982,0.055742,2.576018,-0.055742,0.006214,0.000000,0.000000,0.000000,0.000000,0.000000,0.000000
77.499998,0.423810,0.055671,2.576190,-0.055671,0.006198,0.000000,0.000000,0.000000,0.000000,0.000000,0.000000
77.599998,0.423638,0.055599,2.576362,-0.055599,0.006183,0.000000,0.000000,0.000000,0.000000,0.000000,0.000000
77.699998,0.423466,0.055528,2.576534,-0.055528,0.006167,0.000000,0.000000,0.000000,0.000000,0.000000,0.000000
77.799998,0.423295,0.055457,2.576705,-0.055457,0.006151,0.000000,0.000000,0.000000,0.000000,0.000000,0.000000
77.899998,0.423123,0.055386,2.576877,-0.055386,0.006135,0.000000,0.000000,0.000000,0.000000,0.000000,0.000000
77.999998,0.422953,0.055315,2.577047,-0.055315,0.006120,0.000000,0.000000,0.000000,0.000000,0.000000,0.000000
78.099998,0.422782,0.055245,2.577218,-0.055245,0.006104,0.000000,0.000000,0.000000,0.000000,0.000000,0.000000
78.199998,0.422612,0.055174,2.577388,-0.055174,0.006088,0.000000,0.000000,0.000000,0.000000,0.000000,0.000000
78.299998,0.422442,0.055104,2.577558,-0.055104,0.006073,0.000000,0.000000,0.000000,0.000000,0.000000,0.000000
78.399998,0.422272,0.055034,2.577728,-0.055034,0.006058,0.000000,0.000000,0.000000,0.000000,0.000000,0.000000
78.499998,0.422103,0.054964,2.577897,-0.054964,0.006042,0.000000,0.000000,0.000000,0.000000,0.000000,0.000000
78.599998,0.421934,0.054895,2.578066,-0.054895,0.006027,0.000000,0.000000,0.000000,0.000000,0.000000,0.000000
78.699998,0.421765,0.054825,2.578235,-0.054825,0.006012,0.000000,0.000000,0.000000,0.000000,0.000000,0.000000
78.799998,0.421596,0.054756,2.578404,-0.054756,0.005996,0.000000,0.000000,0.000000,0.000000,0.000000,0.000000
78.899998,0.421428,0.054687,2.578572,-0.054687,0.005981,0.000000,0.000000,0.000000,0.000000,0.000000,0.000000
78.999998,0.421260,0.054618,2.578740,-0.054618,0.005966,0.000000,0.000000,0.000000,0.000000,0.000000,0.000000
79.099998,0.421092,0.054550,2.578908,-0.054550,0.005951,0.000000,0.000000,0.000000,0.000000,0.000000,0.000000
79.199998,0.420925,0.054481,2.579075,-0.054481,0.005936,0.000000,0.000000,0.000000,0.000000,0.000000,0.000000
79.299998,0.420757,0.054413,2.579243,-0.054413,0.005922,0.000000,0.000000,0.000000,0.000000,0.000000,0.000000
79.399998,0.420590,0.054345,2.579410,-0.054345,0.005907,0.000000,0.000000,0.000000,0.000000,0.000000,0.000000
79.499998,0.420424,0.054277,2.579576,-0.054277,0.005892,0.000000,0.000000,0.000000,0.000000,0.000000,0.000000
79.599998,0.420257,0.054209,2.579743,-0.054209,0.005877,0.000000,0.000000,0.000000,0.000000,0.000000,0.000000
79.699998,0.420091,0.054142,2.579909,-0.054142,0.005863,0.000000,0.000000,0.000000,0.000000,0.000000,0.000000
79.799998,0.419925,0.054074,2.580075,-0.054074,0.005848,0.000000,0.000000,0.000000,0.000000,0.000000,0.000000
79.899998,0.419760,0.054007,2.580240,-0.054007,0.005834,0.000000,0.000000,0.000000,0.000000,0.000000,0.000000
79.999998,0.419594,0.053940,2.580406,-0.053940,0.005819,0.000000,0.000000,0.000000,0.000000,0.000000,0.000000
80.099998,0.419429,0.053873,2.580571,-0.053873,0.005805,0.000000,0.000000,0.000000,0.000000,0.000000,0.000000
80.199998,0.419264,0.053806,2.580736,-0.053806,0.005790,0.000000,0.000000,0.000000,0.000000,0.000000,0.000000
80.299998,0.419100,0.053740,2.580900,-0.053740,0.005776,0.000000,0.000000,0.000000,0.000000,0.000000,0.000000
80.399998,0.418936,0.053674,2.581064,-0.053674,0.005762,0.000000,0.000000,0.000000,0.000000,0.000000,0.000000
80.499998,0.418772,0.053607,2.581228,-0.053607,0.005748,0.000000,0.000000,0.000000,0.000000,0.000000,0.000000
80.599998,0.418608,0.053541,2.581392,-0.053541,0.005733,0.000000,0.000000,0.000000,0.000000,0.000000,0.000000
80.699998,0.418444,0.053476,2.581556,-0.053476,0.005719,0.000000,0.000000,0.000000,0.000000,0.000000,0.000000
80.799998,0.418281,0.053410,2.581719,-0.053410,0.005705,0.000000,0.000000,0.000000,0.000000,0.000000,0.000000
80.899998,0.418118,0.053345,2.581882,-0.053345,0.005691,0.000000,0.000000,0.000000,0.000000,0.000000,0.000000
80.999998,0.417955,0.053279,2.582045,-0.053279,0.005677,0.000000,0.000000,0.000000,0.000000,0.000000,0.000000
81.099998,0.417793,0.053214,2.582207,-0.053214,0.005663,0.000000,0.000000,0.000000,0.000000,0.000000,0.000000
81.199998,0.417631,0.053149,2.582369,-0.053149,0.005650,0.000000,0.000000,0.000000,0.000000,0.000000,0.000000
81.299998,0.417469,0.053084,2.582531,-0.053084,0.005636,0.000000,0.000000,0.000000,0.000000,0.000000,0.000000
81.399998,0.417307,0.053020,2.582693,-0.053020,0.005622,0.000000,0.000000,0.000000,0.000000,0.000000,0.000000
81.499998,0.417146,0.052955,2.582854,-0.052955,0.005609,0.000000,0.000000,0.000000,0.000000,0.000000,0.000000
81.599998,0.416984,0.052891,2.583016,-0.052891,0.005595,0.000000,0.000000,0.000000,0.000000,0.000000,0.000000
81.699998,0.416823,0.052827,2.583177,-0.052827,0.005581,0.000000,0.000000,0.000000,0.000000,0.000000,0.000000
81.799998,0.416663,0.052763,2.583337,-0.052763,0.005568,0.000000,0.000000,0.000000,0.000000,0.000000,0.000000
81.899998,0.416502,0.052699,2.583498,-0.052699,0.005554,0.000000,0.000000,0.000000,0.000000,0.000000,0.000000
81.999998,0.416342,0.052636,2.583658,-0.052636,0.005541,0.000000,0.000000,0.000000,0.000000,0.000000,0.000000
82.099998,0.416182,0.052572,2.583818,-0.052572,0.005528,0.000000,0.000000,0.000000,0.000000,0.000000,0.000000
82.199998,0.416022,0.052509,2.583978,-0.052509,0.005514,0.000000,0.000000,0.000000,0.000000,0.000000,0.000000
82.299998,0.415863,0.052446,2.584137,-0.052446,0.005501,0.000000,0.000000,0.000000,0.000000,0.000000,0.000000
82.399998,0.415704,0.052383,2.584296,-0.052383,0.005488,0.000000,0.000000,0.000000,0.000000,0.000000,0.000000
82.499998,0.415545,0.052320,2.584455,-0.052320,0.005475,0.000000,0.000000,0.000000,0.000000,0.000000,0.000000
82.599998,0.415386,0.052257,2.584614,-0.052257,0.005462,0.000000,0.000000,0.000000,0.000000,0.000000,0.000000
82.699998,0.415228,0.052195,2.584772,-0.052195,0.005449,0.000000,0.000000,0.000000,0.000000,0.000000,0.000000
82.799998,0.415070,0.052132,2.584930,-0.052132,0.005436,0.000000,0.000000,0.000000,0.000000,0.000000,0.000000
82.899998,0.414912,0.052070,2.585088,-0.052070,0.005423,0.000000,0.000000,0.000000,0.000000,0.000000,0.000000
82.999998,0.414754,0.052008,2.585246,-0.052008,0.005410,0.000000,0.000000,0.000000,0.000000,0.000000,0.000000
83.099998,0.414596,0.051946,2.585404,-0.051946,0.005397,0.000000,0.000000,0.000000,0.000000,0.000000,0.000000
83.199998,0.414439,0.051885,2.585561,-0.051885,0.005384,0.000000,0.000000,0.000000,0.000000,0.000000,0.000000
83.299998,0.414282,0.051823,2.585718,-0.051823,0.005371,0.000000,0.000000,0.000000,0.000000,0.000000,0.000000
83.399998,0.414125,0.051762,2.585875,-0.051762,0.005359,0.000000,0.000000,0.000000,0.000000,0.000000,0.000000
83.499998,0.413969,0.051700,2.586031,-0.051700,0.005346,0.000000,0.000000,0.000000,0.000000,0.000000,0.000000
83.599998,0.413813,0.051639,2.586187,-0.051639,0.005333,0.000000,0.000000,0.000000,0.000000,0.000000,0.000000
83.699998,0.413656,0.051578,2.586344,-0.051578,0.005321,0.000000,0.000000,0.000000,0.000000,0.000000,0.000000
83.799998,0.413501,0.051518,2.586499,-0.051518,0.005308,0.000000,0.000000,0.000000,0.000000,0.000000,0.000000
83.899998,0.413345,0.051457,2.586655,-0.051457,0.005296,0.000000,0.000000,0.000000,0.000000,0.000000,0.000000
83.999998,0.413190,0.051397,2.586810,-0.051397,0.005283,0.000000,0.000000,0.000000,0.000000,0.000000,0.000000
84.099998,0.413035,0.051336,2.586965,-0.051336,0.005271,0.000000,0.000000,0.000000,0.000000,0.000000,0.000000
84.199998,0.412880,0.051276,2.587120,-0.051276,0.005258,0.000000,0.000000,0.000000,0.000000,0.000000,0.000000
84.299998,0.412725,0.051216,2.587275,-0.051216,0.005246,0.000000,0.000000,0.000000,0.000000,0.000000,0.000000
84.399998,0.412571,0.051156,2.587429,-0.051156,0.005234,0.000000,0.000000,0.000000,0.000000,0.000000,0.000000
84.499998,0.412417,0.051096,2.587583,-0.051096,0.005222,0.000000,0.000000,0.000000,0.000000,0.000000,0.000000
84.599998,0.412263,0.051037,2.587737,-0.051037,0.005210,0.000000,0.000000,0.000000,0.000000,0.000000,0.000000
84.699998,0.412109,0.050977,2.587891,-0.050977,0.005197,0.000000,0.000000,0.000000,0.000000,0.000000,0.000000
84.799998,0.411955,0.050918,2.588045,-0.050918,0.005185,0.000000,0.000000,0.000000,0.000000,0.000000,0.000000
84.899998,0.411802,0.050859,2.588198,-0.050859,0.005173,0.000000,0.000000,0.000000,0.000000,0.000000,0.000000
84.999998,0.411649,0.050800,2.588351,-0.050800,0.005161,0.000000,0.000000,0.000000,0.000000,0.000000,0.000000
85.099998,0.411496,0.050741,2.588504,-0.050741,0.005149,0.000000,0.000000,0.000000,0.000000,0.000000,0.000000
85.199998,0.411344,0.050682,2.588656,-0.050682,0.005137,0.000000,0.000000,0.000000,0.000000,0.000000,0.000000
85.299998,0.411192,0.050624,2.588808,-0.050624,0.005126,0.000000,0.000000,0.000000,0.000000,0.000000,0.000000
85.399998,0.411039,0.050565,2.588961,-0.050565,0.005114,0.000000,0.000000,0.000000,0.000000,0.000000,0.000000
85.499998,0.410888,0.050507,2.589112,-0.050507,0.005102,0.000000,0.000000,0.000000,0.000000,0.000000,0.000000
85.599998,0.410736,0.050449,2.589264,-0.050449,0.005090,0.000000,0.000000,0.000000,0.000000,0.000000,0.000000
85.699998,0.410584,0.050391,2.589416,-0.050391,0.005079,0.000000,0.000000,0.000000,0.000000,0.000000,0.000000
85.799998,0.410433,0.050333,2.589567,-0.050333,0.005067,0.000000,0.000000,0.000000,0.000000,0.000000,0.000000
85.899998,0.410282,0.050275,2.589718,-0.050275,0.005055,0.000000,0.000000,0.000000,0.000000,0.000000,0.000000
85.999998,0.410131,0.050218,2.589869,-0.050218,0.005044,0.000000,0.000000,0.000000,0.000000,0.000000,0.000000
86.099998,0.409981,0.050160,2.590019,-0.050160,0.005032,0.000000,0.000000,0.000000,0.000000,0.000000,0.000000
86.199998,0.409831,0.050103,2.590169,-0.050103,0.005021,0.000000,0.000000,0.000000,0.000000,0.000000,0.000000
86.299998,0.409681,0.050046,2.590319,-0.050046,0.005009,0.000000,0.000000,0.000000,0.000000,0.000000,0.000000
86.399998,0.409531,0.049989,2.590469,-0.049989,0.004998,0.000000,0.000000,0.000000,0.000000,0.000000,0.000000
86.499998,0.409381,0.049932,2.590619,-0.049932,0.004986,0.000000,0.000000,0.000000,0.000000,0.000000,0.000000
86.599998,0.409232,0.049875,2.590768,-0.049875,0.004975,0.000000,0.000000,0.000000,0.000000,0.000000,0.000000
86.699998,0.409082,0.049819,2.590918,-0.049819,0.004964,0.000000,0.000000,0.000000,0.000000,0.000000,0.000000
86.799998,0.408933,0.049762,2.591067,-0.049762,0.004953,0.000000,0.000000,0.000000,0.000000,0.000000,0.000000
86.899998,0.408785,0.049706,2.591215,-0.049706,0.004941,0.000000,0.000000,0.000000,0.000000,0.000000,0.000000
86.999998,0.408636,0.049650,2.591364,-0.049650,0.004930,0.000000,0.000000,0.000000,0.000000,0.000000,0.000000
87.099998,0.408488,0.049594,2.591512,-0.049594,0.004919,0.000000,0.000000,0.000000,0.000000,0.000000,0.000000
87.199998,0.408340,0.049538,2.591660,-0.049538,0.004908,0.000000,0.000000,0.000000,0.000000,0.000000,0.000000
87.299998,0.408192,0.049482,2.591808,-0.049482,0.004897,0.000000,0.000000,0.000000,0.000000,0.000000,0.000000
87.399998,0.408044,0.049426,2.591956,-0.049426,0.004886,0.000000,0.000000,0.000000,0.000000,0.000000,0.000000
87.499998,0.407896,0.049371,2.592104,-0.049371,0.004875,0.000000,0.000000,0.000000,0.000000,0.000000,0.000000
87.599998,0.407749,0.049316,2.592251,-0.049316,0.004864,0.000000,0.000000,0.000000,0.000000,0.000000,0.000000
87.699998,0.407602,0.049260,2.592398,-0.049260,0.004853,0.000000,0.000000,0.000000,0.000000,0.000000,0.000000
87.799998,0.407455,0.049205,2.592545,-0.049205,0.004842,0.000000,0.000000,0.000000,0.000000,0.000000,0.000000
87.899998,0.407309,0.049150,2.592691,-0.049150,0.004831,0.000000,0.000000,0.000000,0.000000,0.000000,0.000000
87.999998,0.407162,0.049095,2.592838,-0.049095,0.004821,0.000000,0.000000,0.000000,0.000000,0.000000,0.000000
88.099998,0.407016,0.049041,2.592984,-0.049041,0.004810,0.000000,0.000000,0.000000,0.000000,0.000000,0.000000
88.199998,0.406870,0.048986,2.593130,-0.048986,0.004799,0.000000,0.000000,0.000000,0.000000,0.000000,0.000000
88.299998,0.406724,0.048932,2.593276,-0.048932,0.004789,0.000000,0.000000,0.000000,0.000000,0.000000,0.000000
88.399998,0.406578,0.048877,2.593422,-0.048877,0.004778,0.000000,0.000000,0.000000,0.000000,0.000000,0.000000
88.499998,0.406433,0.048823,2.593567,-0.048823,0.004767,0.000000,0.000000,0.000000,0.000000,0.000000,0.000000
88.599998,0.406288,0.048769,2.593712,-0.048769,0.004757,0.000000,0.000000,0.000000,0.000000,0.000000,0.000000
88.699998,0.406143,0.048715,2.593857,-0.048715,0.004746,0.000000,0.000000,0.000000,0.000000,0.000000,0.000000
88.799998,0.405998,0.048661,2.594002,-0.048661,0.004736,0.000000,0.000000,0.000000,0.000000,0.000000,0.000000
88.899998,0.405854,0.048607,2.594146,-0.048607,0.004725,0.000000,0.000000,0.000000,0.000000,0.000000,0.000000
88.999998,0.405709,0.048554,2.594291,-0.048554,0.004715,0.000000,0.000000,0.000000,0.000000,0.000000,0.000000
89.099998,0.405565,0.048500,2.594435,-0.048500,0.004705,0.000000,0.000000,0.000000,0.000000,0.000000,0.000000
89.199998,0.405421,0.048447,2.594579,-0.048447,0.004694,0.000000,0.000000,0.000000,0.000000,0.000000,0.000000
89.299998,0.405277,0.048394,2.594723,-0.048394,0.004684,0.000000,0.000000,0.000000,0.000000,0.000000,0.000000
89.399998,0.405134,0.048341,2.594866,-0.048341,0.004674,0.000000,0.000000,0.000000,0.000000,0.000000,0.000000
89.499998,0.404991,0.048288,2.595009,-0.048288,0.004663,0.000000,0.000000,0.000000,0.000000,0.000000,0.000000
89.599998,0.404847,0.048235,2.595153,-0.048235,0.004653,0.000000,0.000000,0.000000,0.000000,0.000000,0.000000
89.699998,0.404704,0.048182,2.595296,-0.048182,0.004643,0.000000,0.000000,0.000000,0.000000,0.000000,0.000000
89.799998,0.404562,0.048130,2.595438,-0.048130,0.004633,0.000000,0.000000,0.000000,0.000000,0.000000,0.000000
89.899998,0.404419,0.048077,2.595581,-0.048077,0.004623,0.000000,0.000000,0.000000,0.000000,0.000000,0.000000
89.999998,0.404277,0.048025,2.595723,-0.048025,0.004613,0.000000,0.000000,0.000000,0.000000,0.000000,0.000000
90.099998,0.404135,0.047973,2.595865,-0.047973,0.004603,0.000000,0.000000,0.000000,0.000000,0.000000,0.000000
90.199998,0.403993,0.047920,2.596007,-0.047920,0.004593,0.000000,0.000000,0.000000,0.000000,0.000000,0.000000
90.299998,0.403851,0.047868,2.596149,-0.047868,0.004583,0.000000,0.000000,0.000000,0.000000,0.000000,0.000000
90.399998,0.403709,0.047817,2.596291,-0.047817,0.004573,0.000000,0.000000,0.000000,0.000000,0.000000,0.000000
90.499998,0.403568,0.047765,2.596432,-0.047765,0.004563,0.000000,0.000000,0.000000,0.000000,0.000000,0.000000
90.599998,0.403427,0.047713,2.596573,-0.047713,0.004553,0.000000,0.000000,0.000000,0.000000,0.000000,0.000000
90.699998,0.403286,0.047662,2.596714,-0.047662,0.004543,0.000000,0.000000,0.000000,0.000000,0.000000,0.000000
90.799998,0.403145,0.047610,2.596855,-0.047610,0.004533,0.000000,0.000000,0.000000,0.000000,0.000000,0.000000
90.899998,0.403005,0.047559,2.596995,-0.047559,0.004524,0.000000,0.000000,0.000000,0.000000,0.000000,0.000000
90.999998,0.402864,0.047508,2.597136,-0.047508,0.004514,0.000000,0.000000,0.000000,0.000000,0.000000,0.000000
91.099998,0.402724,0.047457,2.597276,-0.047457,0.004504,0.000000,0.000000,0.000000,0.000000,0.000000,0.000000
91.199998,0.402584,0.047406,2.597416,-0.047406,0.004495,0.000000,0.000000,0.000000,0.000000,0.000000,0.000000
91.299998,0.402444,0.047355,2.597556,-0.047355,0.004485,0.000000,0.000000,0.000000,0.000000,0.000000,0.000000
91.399998,0.402305,0.047304,2.597695,-0.047304,0.004475,0.000000,0.000000,0.000000,0.000000,0.000000,0.000000
91.499998,0.402165,0.047254,2.597835,-0.047254,0.004466,0.000000,0.000000,0.000000,0.000000,0.000000,0.000000
91.599998,0.402026,0.047203,2.597974,-0.047203,0.004456,0.000000,0.000000,0.000000,0.000000,0.000000,0.000000
91.699998,0.401887,0.047153,2.598113,-0.047153,0.004447,0.000000,0.000000,0.000000,0.000000,0.000000,0.000000
91.799998,0.401748,0.047103,2.598252,-0.047103,0.004437,0.000000,0.000000,0.000000,0.000000,0.000000,0.000000
91.899998,0.401610,0.047053,2.598390,-0.047053,0.004428,0.000000,0.000000,0.000000,0.000000,0.000000,0.000000
91.999998,0.401471,0.047003,2.598529,-0.047003,0.004418,0.000000,0.000000,0.000000,0.000000,0.000000,0.000000
92.099998,0.401333,0.046953,2.598667,-0.046953,0.004409,0.000000,0.000000,0.000000,0.000000,0.000000,0.000000
92.199998,0.401195,0.046903,2.598805,-0.046903,0.004400,0.000000,0.000000,0.000000,0.000000,0.000000,0.000000
92.299998,0.401057,0.046853,2.598943,-0.046853,0.004390,0.000000,0.000000,0.000000,0.000000,0.000000,0.000000
92.399998,0.400919,0.046804,2.599081,-0.046804,0.004381,0.000000,0.000000,0.000000,0.000000,0.000000,0.000000
92.499998,0.400782,0.046754,2.599218,-0.046754,0.004372,0.000000,0.000000,0.000000,0.000000,0.000000,0.000000
92.599998,0.400644,0.046705,2.599356,-0.046705,0.004363,0.000000,0.000000,0.000000,0.000000,0.000000,0.000000
92.699998,0.400507,0.046656,2.599493,-0.046656,0.004353,0.000000,0.000000,0.000000,0.000000,0.000000,0.000000
92.799998,0.400370,0.046607,2.599630,-0.046607,0.004344,0.000000,0.000000,0.000000,0.000000,0.000000,0.000000
92.899998,0.400233,0.046558,2.599767,-0.046558,0.004335,0.000000,0.000000,0.000000,0.000000,0.000000,0.000000
92.999998,0.400097,0.046509,2.599903,-0.046509,0.004326,0.000000,0.000000,0.000000,0.000000,0.000000,0.000000
93.099998,0.399960,0.046460,2.600040,-0.046460,0.004317,0.000000,0.000000,0.000000,0.000000,0.000000,0.000000
93.199998,0.399824,0.046411,2.600176,-0.046411,0.004308,0.000000,0.000000,0.000000,0.000000,0.000000,0.000000
93.299998,0.399688,0.046363,2.600312,-0.046363,0.004299,0.000000,0.000000,0.000000,0.000000,0.000000,0.000000
93.399998,0.399552,0.046314,2.600448,-0.046314,0.004290,0.000000,0.000000,0.000000,0.000000,0.000000,0.000000
93.499998,0.399417,0.046266,2.600583,-0.046266,0.004281,0.000000,0.000000,0.000000,0.000000,0.000000,0.000000
93.599998,0.399281,0.046217,2.600719,-0.046217,0.004272,0.000000,0.000000,0.000000,0.000000,0.000000,0.000000
93.699998,0.399146,0.046169,2.600854,-0.046169,0.004263,0.000000,0.000000,0.000000,0.000000,0.000000,0.000000
93.799998,0.399011,0.046121,2.600989,-0.046121,0.004254,0.000000,0.000000,0.000000,0.000000,0.000000,0.000000
93.899998,0.398876,0.046073,2.601124,-0.046073,0.004246,0.000000,0.000000,0.000000,0.000000,0.000000,0.000000
93.999998,0.398741,0.046026,2.601259,-0.046026,0.004237,0.000000,0.000000,0.000000,0.000000,0.000000,0.000000
94.099998,0.398606,0.045978,2.601394,-0.045978,0.004228,0.000000,0.000000,0.000000,0.000000,0.000000,0.000000
94.199998,0.398472,0.045930,2.601528,-0.045930,0.004219,0.000000,0.000000,0.000000,0.000000,0.000000,0.000000
94.299998,0.398338,0.045883,2.601662,-0.045883,0.004210,0.000000,0.000000,0.000000,0.000000,0.000000,0.000000
94.399998,0.398204,0.045835,2.601796,-0.045835,0.004202,0.000000,0.000000,0.000000,0.000000,0.000000,0.000000
94.499998,0.398070,0.045788,2.601930,-0.045788,0.004193,0.000000,0.000000,0.000000,0.000000,0.000000,0.000000
94.599998,0.397936,0.045741,2.602064,-0.045741,0.004184,0.000000,0.000000,0.000000,0.000000,0.000000,0.000000
94.699998,0.397802,0.045694,2.602198,-0.045694,0.004176,0.000000,0.000000,0.000000,0.000000,0.000000,0.000000
94.799998,0.397669,0.045647,2.602331,-0.045647,0.004167,0.000000,0.000000,0.000000,0.000000,0.000000,0.000000
94.899998,0.397536,0.045600,2.602464,-0.045600,0.004159,0.000000,0.000000,0.000000,0.000000,0.000000,0.000000
94.999998,0.397403,0.045553,2.602597,-0.045553,0.004150,0.000000,0.000000,0.000000,0.000000,0.000000,0.000000
95.099998,0.397270,0.045506,2.602730,-0.045506,0.004142,0.000000,0.000000,0.000000,0.000000,0.000000,0.000000
95.199998,0.397137,0.045460,2.602863,-0.045460,0.004133,0.000000,0.000000,0.000000,0.000000,0.000000,0.000000
95.299998,0.397005,0.045413,2.602995,-0.045413,0.004125,0.000000,0.000000,0.000000,0.000000,0.000000,0.000000
95.399998,0.396873,0.045367,2.603127,-0.045367,0.004116,0.000000,0.000000,0.000000,0.000000,0.000000,0.000000
95.499998,0.396740,0.045321,2.603260,-0.045321,0.004108,0.000000,0.000000,0.000000,0.000000,0.000000,0.000000
95.599998,0.396609,0.045274,2.603391,-0.045274,0.004100,0.000000,0.000000,0.000000,0.000000,0.000000,0.000000
95.699998,0.396477,0.045228,2.603523,-0.045228,0.004091,0.000000,0.000000,0.000000,0.000000,0.000000,0.000000
95.799998,0.396345,0.045182,2.603655,-0.045182,0.004083,0.000000,0.000000,0.000000,0.000000,0.000000,0.000000
95.899998,0.396214,0.045136,2.603786,-0.045136,0.004075,0.000000,0.000000,0.000000,0.000000,0.000000,0.000000
95.999998,0.396082,0.045091,2.603918,-0.045091,0.004066,0.000000,0.000000,0.000000,0.000000,0.000000,0.000000
96.099998,0.395951,0.045045,2.604049,-0.045045,0.004058,0.000000,0.000000,0.000000,0.000000,0.000000,0.000000
96.199998,0.395820,0.044999,2.604180,-0.044999,0.004050,0.000000,0.000000,0.000000,0.000000,0.000000,0.000000
96.299998,0.395690,0.044954,2.604310,-0.044954,0.004042,0.000000,0.000000,0.000000,0.000000,0.000000,0.000000
96.399998,0.395559,0.044908,2.604441,-0.044908,0.004034,0.000000,0.000000,0.000000,0.000000,0.000000,0.000000
96.499998,0.395429,0.044863,2.604571,-0.044863,0.004025,0.000000,0.000000,0.000000,0.000000,0.000000,0.000000
96.599998,0.395298,0.044818,2.604702,-0.044818,0.004017,0.000000,0.000000,0.000000,0.000000,0.000000,0.000000
96.699998,0.395168,0.044773,2.604832,-0.044773,0.004009,0.000000,0.000000,0.000000,0.000000,0.000000,0.000000
96.799998,0.395038,0.044728,2.604962,-0.044728,0.004001,0.000000,0.000000,0.000000,0.000000,0.000000,0.000000
96.899998,0.394908,0.044683,2.605092,-0.044683,0.003993,0.000000,0.000000,0.000000,0.000000,0.000000,0.000000
96.999998,0.394779,0.044638,2.605221,-0.044638,0.003985,0.000000,0.000000,0.000000,0.000000,0.000000,0.000000
97.099998,0.394649,0.044593,2.605351,-0.044593,0.003977,0.000000,0.000000,0.000000,0.000000,0.000000,0.000000
97.199998,0.394520,0.044549,2.605480,-0.044549,0.003969,0.000000,0.000000,0.000000,0.000000,0.000000,0.000000
97.299998,0.394391,0.044504,2.605609,-0.044504,0.003961,0.000000,0.000000,0.000000,0.000000,0.000000,0.000000
97.399998,0.394262,0.044460,2.605738,-0.044460,0.003953,0.000000,0.000000,0.000000,0.000000,0.000000,0.000000
97.499998,0.394133,0.044415,2.605867,-0.044415,0.003945,0.000000,0.000000,0.000000,0.000000,0.000000,0.000000
97.599998,0.394005,0.044371,2.605995,-0.044371,0.003938,0.000000,0.000000,0.000000,0.000000,0.000000,0.000000
97.699998,0.393876,0.044327,2.606124,-0.044327,0.003930,0.000000,0.000000,0.000000,0.000000,0.000000,0.000000
97.799998,0.393748,0.044283,2.606252,-0.044283,0.003922,0.000000,0.000000,0.000000,0.000000,0.000000,0.000000
97.899998,0.393620,0.044239,2.606380,-0.044239,0.003914,0.000000,0.000000,0.000000,0.000000,0.000000,0.000000
97.999998,0.393492,0.044195,2.606508,-0.044195,0.003906,0.000000,0.000000,0.000000,0.000000,0.000000,0.000000
98.099998,0.393364,0.044151,2.606636,-0.044151,0.003899,0.000000,0.000000,0.000000,0.000000,0.000000,0.000000
98.199998,0.393237,0.044108,2.606763,-0.044108,0.003891,0.000000,0.000000,0.000000,0.000000,0.000000,0.000000
98.299998,0.393109,0.044064,2.606891,-0.044064,0.003883,0.000000,0.000000,0.000000,0.000000,0.000000,0.000000
98.399998,0.392982,0.044021,2.607018,-0.044021,0.003876,0.000000,0.000000,0.000000,0.000000,0.000000,0.000000
98.499998,0.392855,0.043977,2.607145,-0.043977,0.003868,0.000000,0.000000,0.000000,0.000000,0.000000,0.000000
98.599998,0.392728,0.043934,2.607272,-0.043934,0.003860,0.000000,0.000000,0.000000,0.000000,0.000000,0.000000
98.699998,0.392601,0.043891,2.607399,-0.043891,0.003853,0.000000,0.000000,0.000000,0.000000,0.000000,0.000000
98.799998,0.392474,0.043847,2.607526,-0.043847,0.003845,0.000000,0.000000,0.000000,0.000000,0.000000,0.000000
98.899998,0.392348,0.043804,2.607652,-0.043804,0.003838,0.000000,0.000000,0.000000,0.000000,0.000000,0.000000
98.999998,0.392221,0.043761,2.607779,-0.043761,0.003830,0.000000,0.000000,0.000000,0.000000,0.000000,0.000000
99.099998,0.392095,0.043718,2.607905,-0.043718,0.003823,0.000000,0.000000,0.000000,0.000000,0.000000,0.000000
99.199998,0.391969,0.043676,2.608031,-0.043676,0.003815,0.000000,0.000000,0.000000,0.000000,0.000000,0.000000
99.299998,0.391843,0.043633,2.608157,-0.043633,0.003808,0.000000,0.000000,0.000000,0.000000,0.000000,0.000000
99.399998,0.391717,0.043590,2.608283,-0.043590,0.003800,0.000000,0.000000,0.000000,0.000000,0.000000,0.000000
99.499998,0.391592,0.043548,2.608408,-0.043548,0.003793,0.000000,0.000000,0.000000,0.000000,0.000000,0.000000
99.599998,0.391466,0.043505,2.608534,-0.043505,0.003785,0.000000,0.000000,0.000000,0.000000,0.000000,0.000000
99.699998,0.391341,0.043463,2.608659,-0.043463,0.003778,0.000000,0.000000,0.000000,0.000000,0.000000,0.000000
99.799998,0.391216,0.043421,2.608784,-0.043421,0.003771,0.000000,0.000000,0.000000,0.000000,0.000000,0.000000
99.899998,0.391091,0.043379,2.608909,-0.043379,0.003763,0.000000,0.000000,0.000000,0.000000,0.000000,0.000000
99.999998,0.390966,0.043336,2.609034,-0.043336,0.003756,0.000000,0.000000,0.000000,0.000000,0.000000,0.000000
