# Two Dipoles. Viscous opposite moments. $\\Reyn=2$, $x(0)=3$
# Commit: 2026-08-08-4-g5e9f416
# KinematicViscosity: 0.5
# TauMode: ConstPi32 τ = 1/π^(3/2)
# Date: 2026-08-14 01:33:44
time,d1_rx,d1_mx,d2_rx,d2_mx,sum_zeta_square,linear_impulse_x,linear_impulse_y,linear_impulse_z,angular_impulse_x,angular_impulse_y,angular_impulse_z
0.000000,0.000000,1.000000,3.000000,-1.000000,2.000000,0.000000,0.000000,0.000000,0.000000,0.000000,0.000000
0.100000,0.011373,1.000587,2.988627,-1.000587,2.002349,0.000000,0.000000,0.000000,0.000000,0.000000,0.000000
0.200000,0.022738,1.001192,2.977262,-1.001192,2.004770,0.000000,0.000000,0.000000,0.000000,0.000000,0.000000
0.300000,0.034095,1.001815,2.965905,-1.001815,2.007265,0.000000,0.000000,0.000000,0.000000,0.000000,0.000000
0.400000,0.045443,1.002456,2.954557,-1.002456,2.009837,0.000000,0.000000,0.000000,0.000000,0.000000,0.000000
0.500000,0.056781,1.003117,2.943219,-1.003117,2.012488,0.000000,0.000000,0.000000,0.000000,0.000000,0.000000
0.600000,0.068111,1.003798,2.931889,-1.003798,2.015220,0.000000,0.000000,0.000000,0.000000,0.000000,0.000000
0.700000,0.079430,1.004499,2.920570,-1.004499,2.018037,0.000000,0.000000,0.000000,0.000000,0.000000,0.000000
0.800000,0.090739,1.005221,2.909261,-1.005221,2.020939,0.000000,0.000000,0.000000,0.000000,0.000000,0.000000
0.900000,0.102037,1.005965,2.897963,-1.005965,2.023931,0.000000,0.000000,0.000000,0.000000,0.000000,0.000000
1.000000,0.113324,1.006731,2.886676,-1.006731,2.027014,0.000000,0.000000,0.000000,0.000000,0.000000,0.000000
1.100000,0.124598,1.007519,2.875402,-1.007519,2.030191,0.000000,0.000000,0.000000,0.000000,0.000000,0.000000
1.200000,0.135860,1.008331,2.864140,-1.008331,2.033464,0.000000,0.000000,0.000000,0.000000,0.000000,0.000000
1.300000,0.147108,1.009167,2.852892,-1.009167,2.036836,0.000000,0.000000,0.000000,0.000000,0.000000,0.000000
1.400000,0.158343,1.010027,2.841657,-1.010027,2.040309,0.000000,0.000000,0.000000,0.000000,0.000000,0.000000
1.500000,0.169562,1.010912,2.830438,-1.010912,2.043886,0.000000,0.000000,0.000000,0.000000,0.000000,0.000000
1.600000,0.180766,1.011822,2.819234,-1.011822,2.047567,0.000000,0.000000,0.000000,0.000000,0.000000,0.000000
1.700000,0.191952,1.012758,2.808048,-1.012758,2.051357,0.000000,0.000000,0.000000,0.000000,0.000000,0.000000
1.800000,0.203122,1.013720,2.796878,-1.013720,2.055255,0.000000,0.000000,0.000000,0.000000,0.000000,0.000000
1.900000,0.214273,1.014708,2.785727,-1.014708,2.059265,0.000000,0.000000,0.000000,0.000000,0.000000,0.000000
2.000000,0.225404,1.015723,2.774596,-1.015723,2.063388,0.000000,0.000000,0.000000,0.000000,0.000000,0.000000
2.100000,0.236514,1.016766,2.763486,-1.016766,2.067624,0.000000,0.000000,0.000000,0.000000,0.000000,0.000000
2.200000,0.247603,1.017835,2.752397,-1.017835,2.071976,0.000000,0.000000,0.000000,0.000000,0.000000,0.000000
2.300000,0.258668,1.018932,2.741332,-1.018932,2.076443,0.000000,0.000000,0.000000,0.000000,0.000000,0.000000
2.400000,0.269708,1.020055,2.730292,-1.020055,2.081026,0.000000,0.000000,0.000000,0.000000,0.000000,0.000000
2.500000,0.280722,1.021206,2.719278,-1.021206,2.085725,0.000000,0.000000,0.000000,0.000000,0.000000,0.000000
2.600000,0.291708,1.022384,2.708292,-1.022384,2.090540,0.000000,0.000000,0.000000,0.000000,0.000000,0.000000
2.700000,0.302665,1.023589,2.697335,-1.023589,2.095469,0.000000,0.000000,0.000000,0.000000,0.000000,0.000000
2.800000,0.313590,1.024820,2.686410,-1.024820,2.100511,0.000000,0.000000,0.000000,0.000000,0.000000,0.000000
2.900000,0.324483,1.026076,2.675517,-1.026076,2.105665,0.000000,0.000000,0.000000,0.000000,0.000000,0.000000
3.000000,0.335340,1.027357,2.664660,-1.027357,2.110926,0.000000,0.000000,0.000000,0.000000,0.000000,0.000000
3.100000,0.346161,1.028662,2.653839,-1.028662,2.116293,0.000000,0.000000,0.000000,0.000000,0.000000,0.000000
3.200000,0.356942,1.029990,2.643058,-1.029990,2.121760,0.000000,0.000000,0.000000,0.000000,0.000000,0.000000
3.300000,0.367681,1.031340,2.632319,-1.031340,2.127323,0.000000,0.000000,0.000000,0.000000,0.000000,0.000000
3.400000,0.378377,1.032709,2.621623,-1.032709,2.132976,0.000000,0.000000,0.000000,0.000000,0.000000,0.000000
3.500000,0.389026,1.034097,2.610974,-1.034097,2.138711,0.000000,0.000000,0.000000,0.000000,0.000000,0.000000
3.600000,0.399625,1.035500,2.600375,-1.035500,2.144522,0.000000,0.000000,0.000000,0.000000,0.000000,0.000000
3.700000,0.410173,1.036918,2.589827,-1.036918,2.150399,0.000000,0.000000,0.000000,0.000000,0.000000,0.000000
3.800000,0.420666,1.038348,2.579334,-1.038348,2.156333,0.000000,0.000000,0.000000,0.000000,0.000000,0.000000
3.900000,0.431102,1.039786,2.568898,-1.039786,2.162311,0.000000,0.000000,0.000000,0.000000,0.000000,0.000000
4.000000,0.441476,1.041231,2.558524,-1.041231,2.168322,0.000000,0.000000,0.000000,0.000000,0.000000,0.000000
4.100000,0.451787,1.042677,2.548213,-1.042677,2.174352,0.000000,0.000000,0.000000,0.000000,0.000000,0.000000
4.200000,0.462030,1.044123,2.537970,-1.044123,2.180385,0.000000,0.000000,0.000000,0.000000,0.000000,0.000000
4.300000,0.472203,1.045563,2.527797,-1.045563,2.186406,0.000000,0.000000,0.000000,0.000000,0.000000,0.000000
4.400000,0.482301,1.046995,2.517699,-1.046995,2.192396,0.000000,0.000000,0.000000,0.000000,0.000000,0.000000
4.500000,0.492323,1.048412,2.507677,-1.048412,2.198337,0.000000,0.000000,0.000000,0.000000,0.000000,0.000000
4.600000,0.502263,1.049811,2.497737,-1.049811,2.204207,0.000000,0.000000,0.000000,0.000000,0.000000,0.000000
4.700000,0.512118,1.051186,2.487882,-1.051186,2.209985,0.000000,0.000000,0.000000,0.000000,0.000000,0.000000
4.800000,0.521884,1.052532,2.478116,-1.052532,2.215646,0.000000,0.000000,0.000000,0.000000,0.000000,0.000000
4.900000,0.531559,1.053842,2.468441,-1.053842,2.221167,0.000000,0.000000,0.000000,0.000000,0.000000,0.000000
5.000000,0.541137,1.055112,2.458863,-1.055112,2.226521,0.000000,0.000000,0.000000,0.000000,0.000000,0.000000
5.100000,0.550616,1.056333,2.449384,-1.056333,2.231680,0.000000,0.000000,0.000000,0.000000,0.000000,0.000000
5.200000,0.559991,1.057501,2.440009,-1.057501,2.236616,0.000000,0.000000,0.000000,0.000000,0.000000,0.000000
5.300000,0.569259,1.058607,2.430741,-1.058607,2.241299,0.000000,0.000000,0.000000,0.000000,0.000000,0.000000
5.400000,0.578416,1.059646,2.421584,-1.059646,2.245698,0.000000,0.000000,0.000000,0.000000,0.000000,0.000000
5.500000,0.587459,1.060609,2.412541,-1.060609,2.249781,0.000000,0.000000,0.000000,0.000000,0.000000,0.000000
5.600000,0.596383,1.061488,2.403617,-1.061488,2.253515,0.000000,0.000000,0.000000,0.000000,0.000000,0.000000
5.700000,0.605186,1.062278,2.394814,-1.062278,2.256868,0.000000,0.000000,0.000000,0.000000,0.000000,0.000000
5.800000,0.613864,1.062969,2.386136,-1.062969,2.259806,0.000000,0.000000,0.000000,0.000000,0.000000,0.000000
5.900000,0.622413,1.063554,2.377587,-1.063554,2.262295,0.000000,0.000000,0.000000,0.000000,0.000000,0.000000
6.000000,0.630831,1.064025,2.369169,-1.064025,2.264300,0.000000,0.000000,0.000000,0.000000,0.000000,0.000000
6.100000,0.639114,1.064375,2.360886,-1.064375,2.265789,0.000000,0.000000,0.000000,0.000000,0.000000,0.000000
6.200000,0.647259,1.064596,2.352741,-1.064596,2.266727,0.000000,0.000000,0.000000,0.000000,0.000000,0.000000
6.300000,0.655264,1.064679,2.344736,-1.064679,2.267082,0.000000,0.000000,0.000000,0.000000,0.000000,0.000000
6.400000,0.663127,1.064618,2.336873,-1.064618,2.266822,0.000000,0.000000,0.000000,0.000000,0.000000,0.000000
6.500000,0.670844,1.064405,2.329156,-1.064405,2.265915,0.000000,0.000000,0.000000,0.000000,0.000000,0.000000
6.600000,0.678413,1.064033,2.321587,-1.064033,2.264331,0.000000,0.000000,0.000000,0.000000,0.000000,0.000000
6.700000,0.685833,1.063495,2.314167,-1.063495,2.262042,0.000000,0.000000,0.000000,0.000000,0.000000,0.000000
6.800000,0.693102,1.062784,2.306898,-1.062784,2.259021,0.000000,0.000000,0.000000,0.000000,0.000000,0.000000
6.900000,0.700218,1.061895,2.299782,-1.061895,2.255244,0.000000,0.000000,0.000000,0.000000,0.000000,0.000000
7.000000,0.707179,1.060822,2.292821,-1.060822,2.250686,0.000000,0.000000,0.000000,0.000000,0.000000,0.000000
7.100000,0.713985,1.059559,2.286015,-1.059559,2.245329,0.000000,0.000000,0.000000,0.000000,0.000000,0.000000
7.200000,0.720635,1.058100,2.279365,-1.058100,2.239153,0.000000,0.000000,0.000000,0.000000,0.000000,0.000000
7.300000,0.727127,1.056443,2.272873,-1.056443,2.232143,0.000000,0.000000,0.000000,0.000000,0.000000,0.000000
7.400000,0.733462,1.054582,2.266538,-1.054582,2.224286,0.000000,0.000000,0.000000,0.000000,0.000000,0.000000
7.500000,0.739638,1.052514,2.260362,-1.052514,2.215572,0.000000,0.000000,0.000000,0.000000,0.000000,0.000000
7.600000,0.745657,1.050236,2.254343,-1.050236,2.205993,0.000000,0.000000,0.000000,0.000000,0.000000,0.000000
7.700000,0.751517,1.047747,2.248483,-1.047747,2.195546,0.000000,0.000000,0.000000,0.000000,0.000000,0.000000
7.800000,0.757219,1.045043,2.242781,-1.045043,2.184229,0.000000,0.000000,0.000000,0.000000,0.000000,0.000000
7.900000,0.762764,1.042124,2.237236,-1.042124,2.172044,0.000000,0.000000,0.000000,0.000000,0.000000,0.000000
8.000000,0.768151,1.038989,2.231849,-1.038989,2.158995,0.000000,0.000000,0.000000,0.000000,0.000000,0.000000
8.100000,0.773383,1.035638,2.226617,-1.035638,2.145091,0.000000,0.000000,0.000000,0.000000,0.000000,0.000000
8.200000,0.778460,1.032071,2.221540,-1.032071,2.130341,0.000000,0.000000,0.000000,0.000000,0.000000,0.000000
8.300000,0.783382,1.028290,2.216618,-1.028290,2.114760,0.000000,0.000000,0.000000,0.000000,0.000000,0.000000
8.400000,0.788152,1.024296,2.211848,-1.024296,2.098363,0.000000,0.000000,0.000000,0.000000,0.000000,0.000000
8.500000,0.792771,1.020090,2.207229,-1.020090,2.081169,0.000000,0.000000,0.000000,0.000000,0.000000,0.000000
8.600000,0.797240,1.015677,2.202760,-1.015677,2.063200,0.000000,0.000000,0.000000,0.000000,0.000000,0.000000
8.700000,0.801560,1.011059,2.198440,-1.011059,2.044479,0.000000,0.000000,0.000000,0.000000,0.000000,0.000000
8.800000,0.805735,1.006238,2.194265,-1.006238,2.025032,0.000000,0.000000,0.000000,0.000000,0.000000,0.000000
8.900000,0.809764,1.001221,2.190236,-1.001221,2.004886,0.000000,0.000000,0.000000,0.000000,0.000000,0.000000
9.000000,0.813651,0.996010,2.186349,-0.996010,1.984072,0.000000,0.000000,0.000000,0.000000,0.000000,0.000000
9.100000,0.817398,0.990611,2.182602,-0.990611,1.962621,0.000000,0.000000,0.000000,0.000000,0.000000,0.000000
9.200000,0.821006,0.985029,2.178994,-0.985029,1.940566,0.000000,0.000000,0.000000,0.000000,0.000000,0.000000
9.300000,0.824478,0.979270,2.175522,-0.979270,1.917940,0.000000,0.000000,0.000000,0.000000,0.000000,0.000000
9.400000,0.827815,0.973339,2.172185,-0.973339,1.894779,0.000000,0.000000,0.000000,0.000000,0.000000,0.000000
9.500000,0.831021,0.967243,2.168979,-0.967243,1.871119,0.000000,0.000000,0.000000,0.000000,0.000000,0.000000
9.600000,0.834097,0.960988,2.165903,-0.960988,1.846996,0.000000,0.000000,0.000000,0.000000,0.000000,0.000000
9.700000,0.837046,0.954581,2.162954,-0.954581,1.822448,0.000000,0.000000,0.000000,0.000000,0.000000,0.000000
9.800000,0.839871,0.948028,2.160129,-0.948028,1.797513,0.000000,0.000000,0.000000,0.000000,0.000000,0.000000
9.900000,0.842573,0.941336,2.157427,-0.941336,1.772227,0.000000,0.000000,0.000000,0.000000,0.000000,0.000000
10.000000,0.845155,0.934513,2.154845,-0.934513,1.746630,0.000000,0.000000,0.000000,0.000000,0.000000,0.000000
10.100000,0.847620,0.927566,2.152380,-0.927566,1.720757,0.000000,0.000000,0.000000,0.000000,0.000000,0.000000
10.200000,0.849970,0.920502,2.150030,-0.920502,1.694646,0.000000,0.000000,0.000000,0.000000,0.000000,0.000000
10.300000,0.852207,0.913328,2.147793,-0.913328,1.668335,0.000000,0.000000,0.000000,0.000000,0.000000,0.000000
10.400000,0.854334,0.906051,2.145666,-0.906051,1.641858,0.000000,0.000000,0.000000,0.000000,0.000000,0.000000
10.500000,0.856354,0.898680,2.143646,-0.898680,1.615251,0.000000,0.000000,0.000000,0.000000,0.000000,0.000000
10.600000,0.858268,0.891221,2.141732,-0.891221,1.588549,0.000000,0.000000,0.000000,0.000000,0.000000,0.000000
10.700000,0.860079,0.883681,2.139921,-0.883681,1.561785,0.000000,0.000000,0.000000,0.000000,0.000000,0.000000
10.800000,0.861790,0.876069,2.138210,-0.876069,1.534992,0.000000,0.000000,0.000000,0.000000,0.000000,0.000000
10.900000,0.863403,0.868390,2.136597,-0.868390,1.508201,0.000000,0.000000,0.000000,0.000000,0.000000,0.000000
11.000000,0.864921,0.860652,2.135079,-0.860652,1.481443,0.000000,0.000000,0.000000,0.000000,0.000000,0.000000
11.100000,0.866345,0.852862,2.133655,-0.852862,1.454746,0.000000,0.000000,0.000000,0.000000,0.000000,0.000000
11.200000,0.867678,0.845026,2.132322,-0.845026,1.428138,0.000000,0.000000,0.000000,0.000000,0.000000,0.000000
11.300000,0.868922,0.837151,2.131078,-0.837151,1.401645,0.000000,0.000000,0.000000,0.000000,0.000000,0.000000
11.400000,0.870080,0.829245,2.129920,-0.829245,1.375293,0.000000,0.000000,0.000000,0.000000,0.000000,0.000000
11.500000,0.871154,0.821312,2.128846,-0.821312,1.349106,0.000000,0.000000,0.000000,0.000000,0.000000,0.000000
11.600000,0.872146,0.813359,2.127854,-0.813359,1.323106,0.000000,0.000000,0.000000,0.000000,0.000000,0.000000
11.700000,0.873058,0.805392,2.126942,-0.805392,1.297314,0.000000,0.000000,0.000000,0.000000,0.000000,0.000000
11.800000,0.873893,0.797417,2.126107,-0.797417,1.271749,0.000000,0.000000,0.000000,0.000000,0.000000,0.000000
11.900000,0.874652,0.789440,2.125348,-0.789440,1.246431,0.000000,0.000000,0.000000,0.000000,0.000000,0.000000
12.000000,0.875337,0.781465,2.124663,-0.781465,1.221375,0.000000,0.000000,0.000000,0.000000,0.000000,0.000000
12.100000,0.875951,0.773498,2.124049,-0.773498,1.196599,0.000000,0.000000,0.000000,0.000000,0.000000,0.000000
12.200000,0.876496,0.765544,2.123504,-0.765544,1.172116,0.000000,0.000000,0.000000,0.000000,0.000000,0.000000
12.300000,0.876973,0.757608,2.123027,-0.757608,1.147939,0.000000,0.000000,0.000000,0.000000,0.000000,0.000000
12.400000,0.877384,0.749693,2.122616,-0.749693,1.124081,0.000000,0.000000,0.000000,0.000000,0.000000,0.000000
12.500000,0.877732,0.741806,2.122268,-0.741806,1.100552,0.000000,0.000000,0.000000,0.000000,0.000000,0.000000
12.600000,0.878018,0.733949,2.121982,-0.733949,1.077361,0.000000,0.000000,0.000000,0.000000,0.000000,0.000000
12.700000,0.878244,0.726126,2.121756,-0.726126,1.054519,0.000000,0.000000,0.000000,0.000000,0.000000,0.000000
12.800000,0.878412,0.718342,2.121588,-0.718342,1.032031,0.000000,0.000000,0.000000,0.000000,0.000000,0.000000
12.900000,0.878524,0.710600,2.121476,-0.710600,1.009905,0.000000,0.000000,0.000000,0.000000,0.000000,0.000000
13.000000,0.878580,0.702903,2.121420,-0.702903,0.988145,0.000000,0.000000,0.000000,0.000000,0.000000,0.000000
13.100000,0.878584,0.695254,2.121416,-0.695254,0.966757,0.000000,0.000000,0.000000,0.000000,0.000000,0.000000
13.200000,0.878536,0.687657,2.121464,-0.687657,0.945744,0.000000,0.000000,0.000000,0.000000,0.000000,0.000000
13.300000,0.878438,0.680114,2.121562,-0.680114,0.925109,0.000000,0.000000,0.000000,0.000000,0.000000,0.000000
13.400000,0.878292,0.672627,2.121708,-0.672627,0.904854,0.000000,0.000000,0.000000,0.000000,0.000000,0.000000
13.500000,0.878099,0.665199,2.121901,-0.665199,0.884980,0.000000,0.000000,0.000000,0.000000,0.000000,0.000000
13.600000,0.877861,0.657833,2.122139,-0.657833,0.865488,0.000000,0.000000,0.000000,0.000000,0.000000,0.000000
13.700000,0.877579,0.650530,2.122421,-0.650530,0.846378,0.000000,0.000000,0.000000,0.000000,0.000000,0.000000
13.800000,0.877255,0.643292,2.122745,-0.643292,0.827649,0.000000,0.000000,0.000000,0.000000,0.000000,0.000000
13.900000,0.876890,0.636121,2.123110,-0.636121,0.809301,0.000000,0.000000,0.000000,0.000000,0.000000,0.000000
14.000000,0.876485,0.629019,2.123515,-0.629019,0.791330,0.000000,0.000000,0.000000,0.000000,0.000000,0.000000
14.100000,0.876042,0.621987,2.123958,-0.621987,0.773736,0.000000,0.000000,0.000000,0.000000,0.000000,0.000000
14.200000,0.875562,0.615026,2.124438,-0.615026,0.756515,0.000000,0.000000,0.000000,0.000000,0.000000,0.000000
14.300000,0.875046,0.608138,2.124954,-0.608138,0.739664,0.000000,0.000000,0.000000,0.000000,0.000000,0.000000
14.400000,0.874496,0.601324,2.125504,-0.601324,0.723181,0.000000,0.000000,0.000000,0.000000,0.000000,0.000000
14.500000,0.873912,0.594584,2.126088,-0.594584,0.707060,0.000000,0.000000,0.000000,0.000000,0.000000,0.000000
14.600000,0.873297,0.587919,2.126703,-0.587919,0.691297,0.000000,0.000000,0.000000,0.000000,0.000000,0.000000
14.700000,0.872651,0.581330,2.127349,-0.581330,0.675890,0.000000,0.000000,0.000000,0.000000,0.000000,0.000000
14.800000,0.871974,0.574818,2.128026,-0.574818,0.660832,0.000000,0.000000,0.000000,0.000000,0.000000,0.000000
14.900000,0.871269,0.568383,2.128731,-0.568383,0.646118,0.000000,0.000000,0.000000,0.000000,0.000000,0.000000
15.000000,0.870537,0.562025,2.129463,-0.562025,0.631745,0.000000,0.000000,0.000000,0.000000,0.000000,0.000000
15.100000,0.869778,0.555745,2.130222,-0.555745,0.617706,0.000000,0.000000,0.000000,0.000000,0.000000,0.000000
15.200000,0.868993,0.549543,2.131007,-0.549543,0.603996,0.000000,0.000000,0.000000,0.000000,0.000000,0.000000
15.300000,0.868183,0.543420,2.131817,-0.543420,0.590610,0.000000,0.000000,0.000000,0.000000,0.000000,0.000000
15.400000,0.867350,0.537374,2.132650,-0.537374,0.577541,0.000000,0.000000,0.000000,0.000000,0.000000,0.000000
15.500000,0.866494,0.531406,2.133506,-0.531406,0.564785,0.000000,0.000000,0.000000,0.000000,0.000000,0.000000
15.600000,0.865617,0.525516,2.134383,-0.525516,0.552334,0.000000,0.000000,0.000000,0.000000,0.000000,0.000000
15.700000,0.864718,0.519704,2.135282,-0.519704,0.540185,0.000000,0.000000,0.000000,0.000000,0.000000,0.000000
15.800000,0.863799,0.513970,2.136201,-0.513970,0.528329,0.000000,0.000000,0.000000,0.000000,0.000000,0.000000
15.900000,0.862861,0.508312,2.137139,-0.508312,0.516763,0.000000,0.000000,0.000000,0.000000,0.000000,0.000000
16.000000,0.861905,0.502732,2.138095,-0.502732,0.505479,0.000000,0.000000,0.000000,0.000000,0.000000,0.000000
16.100000,0.860931,0.497228,2.139069,-0.497228,0.494471,0.000000,0.000000,0.000000,0.000000,0.000000,0.000000
16.200000,0.859940,0.491800,2.140060,-0.491800,0.483734,0.000000,0.000000,0.000000,0.000000,0.000000,0.000000
16.300000,0.858933,0.486448,2.141067,-0.486448,0.473263,0.000000,0.000000,0.000000,0.000000,0.000000,0.000000
16.400000,0.857910,0.481170,2.142090,-0.481170,0.463050,0.000000,0.000000,0.000000,0.000000,0.000000,0.000000
16.500000,0.856873,0.475968,2.143127,-0.475968,0.453090,0.000000,0.000000,0.000000,0.000000,0.000000,0.000000
16.600000,0.855822,0.470839,2.144178,-0.470839,0.443378,0.000000,0.000000,0.000000,0.000000,0.000000,0.000000
16.700000,0.854757,0.465783,2.145243,-0.465783,0.433907,0.000000,0.000000,0.000000,0.000000,0.000000,0.000000
16.800000,0.853680,0.460800,2.146320,-0.460800,0.424673,0.000000,0.000000,0.000000,0.000000,0.000000,0.000000
16.900000,0.852590,0.455888,2.147410,-0.455888,0.415668,0.000000,0.000000,0.000000,0.000000,0.000000,0.000000
17.000000,0.851490,0.451048,2.148510,-0.451048,0.406889,0.000000,0.000000,0.000000,0.000000,0.000000,0.000000
17.100000,0.850378,0.446278,2.149622,-0.446278,0.398329,0.000000,0.000000,0.000000,0.000000,0.000000,0.000000
17.200000,0.849256,0.441578,2.150744,-0.441578,0.389983,0.000000,0.000000,0.000000,0.000000,0.000000,0.000000
17.300000,0.848124,0.436947,2.151876,-0.436947,0.381846,0.000000,0.000000,0.000000,0.000000,0.000000,0.000000
17.400000,0.846983,0.432384,2.153017,-0.432384,0.373912,0.000000,0.000000,0.000000,0.000000,0.000000,0.000000
17.500000,0.845833,0.427888,2.154167,-0.427888,0.366177,0.000000,0.000000,0.000000,0.000000,0.000000,0.000000
17.600000,0.844675,0.423459,2.155325,-0.423459,0.358635,0.000000,0.000000,0.000000,0.000000,0.000000,0.000000
17.700000,0.843509,0.419096,2.156491,-0.419096,0.351282,0.000000,0.000000,0.000000,0.000000,0.000000,0.000000
17.800000,0.842336,0.414797,2.157664,-0.414797,0.344113,0.000000,0.000000,0.000000,0.000000,0.000000,0.000000
17.900000,0.841156,0.410562,2.158844,-0.410562,0.337123,0.000000,0.000000,0.000000,0.000000,0.000000,0.000000
18.000000,0.839970,0.406391,2.160030,-0.406391,0.330307,0.000000,0.000000,0.000000,0.000000,0.000000,0.000000
18.100000,0.838778,0.402281,2.161222,-0.402281,0.323661,0.000000,0.000000,0.000000,0.000000,0.000000,0.000000
18.200000,0.837580,0.398234,2.162420,-0.398234,0.317180,0.000000,0.000000,0.000000,0.000000,0.000000,0.000000
18.300000,0.836378,0.394246,2.163622,-0.394246,0.310860,0.000000,0.000000,0.000000,0.000000,0.000000,0.000000
18.400000,0.835170,0.390319,2.164830,-0.390319,0.304698,0.000000,0.000000,0.000000,0.000000,0.000000,0.000000
18.500000,0.833959,0.386450,2.166041,-0.386450,0.298688,0.000000,0.000000,0.000000,0.000000,0.000000,0.000000
18.600000,0.832743,0.382640,2.167257,-0.382640,0.292826,0.000000,0.000000,0.000000,0.000000,0.000000,0.000000
18.700000,0.831524,0.378886,2.168476,-0.378886,0.287110,0.000000,0.000000,0.000000,0.000000,0.000000,0.000000
18.800000,0.830301,0.375189,2.169699,-0.375189,0.281534,0.000000,0.000000,0.000000,0.000000,0.000000,0.000000
18.900000,0.829076,0.371548,2.170924,-0.371548,0.276096,0.000000,0.000000,0.000000,0.000000,0.000000,0.000000
19.000000,0.827848,0.367961,2.172152,-0.367961,0.270790,0.000000,0.000000,0.000000,0.000000,0.000000,0.000000
19.100000,0.826618,0.364428,2.173382,-0.364428,0.265615,0.000000,0.000000,0.000000,0.000000,0.000000,0.000000
19.200000,0.825386,0.360948,2.174614,-0.360948,0.260566,0.000000,0.000000,0.000000,0.000000,0.000000,0.000000
19.300000,0.824152,0.357520,2.175848,-0.357520,0.255641,0.000000,0.000000,0.000000,0.000000,0.000000,0.000000
19.400000,0.822916,0.354143,2.177084,-0.354143,0.250834,0.000000,0.000000,0.000000,0.000000,0.000000,0.000000
19.500000,0.821680,0.350817,2.178320,-0.350817,0.246145,0.000000,0.000000,0.000000,0.000000,0.000000,0.000000
19.600000,0.820442,0.347540,2.179558,-0.347540,0.241568,0.000000,0.000000,0.000000,0.000000,0.000000,0.000000
19.700000,0.819204,0.344313,2.180796,-0.344313,0.237102,0.000000,0.000000,0.000000,0.000000,0.000000,0.000000
19.800000,0.817965,0.341133,2.182035,-0.341133,0.232744,0.000000,0.000000,0.000000,0.000000,0.000000,0.000000
19.900000,0.816727,0.338001,2.183273,-0.338001,0.228489,0.000000,0.000000,0.000000,0.000000,0.000000,0.000000
20.000000,0.815488,0.334915,2.184512,-0.334915,0.224337,0.000000,0.000000,0.000000,0.000000,0.000000,0.000000
20.100000,0.814249,0.331876,2.185751,-0.331876,0.220283,0.000000,0.000000,0.000000,0.000000,0.000000,0.000000
20.200000,0.813011,0.328881,2.186989,-0.328881,0.216325,0.000000,0.000000,0.000000,0.000000,0.000000,0.000000
20.300000,0.811774,0.325930,2.188226,-0.325930,0.212461,0.000000,0.000000,0.000000,0.000000,0.000000,0.000000
20.400000,0.810538,0.323023,2.189462,-0.323023,0.208688,0.000000,0.000000,0.000000,0.000000,0.000000,0.000000
20.500000,0.809302,0.320159,2.190698,-0.320159,0.205004,0.000000,0.000000,0.000000,0.000000,0.000000,0.000000
20.600000,0.808068,0.317337,2.191932,-0.317337,0.201406,0.000000,0.000000,0.000000,0.000000,0.000000,0.000000
20.700000,0.806835,0.314557,2.193165,-0.314557,0.197892,0.000000,0.000000,0.000000,0.000000,0.000000,0.000000
20.800000,0.805604,0.311817,2.194396,-0.311817,0.194459,0.000000,0.000000,0.000000,0.000000,0.000000,0.000000
20.900000,0.804374,0.309117,2.195626,-0.309117,0.191106,0.000000,0.000000,0.000000,0.000000,0.000000,0.000000
21.000000,0.803146,0.306456,2.196854,-0.306456,0.187831,0.000000,0.000000,0.000000,0.000000,0.000000,0.000000
21.100000,0.801920,0.303834,2.198080,-0.303834,0.184630,0.000000,0.000000,0.000000,0.000000,0.000000,0.000000
21.200000,0.800697,0.301250,2.199303,-0.301250,0.181503,0.000000,0.000000,0.000000,0.000000,0.000000,0.000000
21.300000,0.799475,0.298704,2.200525,-0.298704,0.178448,0.000000,0.000000,0.000000,0.000000,0.000000,0.000000
21.400000,0.798256,0.296194,2.201744,-0.296194,0.175461,0.000000,0.000000,0.000000,0.000000,0.000000,0.000000
21.500000,0.797040,0.293720,2.202960,-0.293720,0.172543,0.000000,0.000000,0.000000,0.000000,0.000000,0.000000
21.600000,0.795826,0.291281,2.204174,-0.291281,0.169690,0.000000,0.000000,0.000000,0.000000,0.000000,0.000000
21.700000,0.794615,0.288878,2.205385,-0.288878,0.166901,0.000000,0.000000,0.000000,0.000000,0.000000,0.000000
21.800000,0.793407,0.286509,2.206593,-0.286509,0.164174,0.000000,0.000000,0.000000,0.000000,0.000000,0.000000
21.900000,0.792201,0.284173,2.207799,-0.284173,0.161508,0.000000,0.000000,0.000000,0.000000,0.000000,0.000000
22.000000,0.790999,0.281870,2.209001,-0.281870,0.158902,0.000000,0.000000,0.000000,0.000000,0.000000,0.000000
22.100000,0.789800,0.279600,2.210200,-0.279600,0.156353,0.000000,0.000000,0.000000,0.000000,0.000000,0.000000
22.200000,0.788604,0.277362,2.211396,-0.277362,0.153860,0.000000,0.000000,0.000000,0.000000,0.000000,0.000000
22.300000,0.787412,0.275156,2.212588,-0.275156,0.151421,0.000000,0.000000,0.000000,0.000000,0.000000,0.000000
22.399999,0.786223,0.272980,2.213777,-0.272980,0.149036,0.000000,0.000000,0.000000,0.000000,0.000000,0.000000
22.499999,0.785037,0.270834,2.214963,-0.270834,0.146702,0.000000,0.000000,0.000000,0.000000,0.000000,0.000000
22.599999,0.783855,0.268719,2.216145,-0.268719,0.144419,0.000000,0.000000,0.000000,0.000000,0.000000,0.000000
22.699999,0.782676,0.266632,2.217324,-0.266632,0.142186,0.000000,0.000000,0.000000,0.000000,0.000000,0.000000
22.799999,0.781502,0.264575,2.218498,-0.264575,0.139999,0.000000,0.000000,0.000000,0.000000,0.000000,0.000000
22.899999,0.780331,0.262545,2.219669,-0.262545,0.137860,0.000000,0.000000,0.000000,0.000000,0.000000,0.000000
22.999999,0.779164,0.260544,2.220836,-0.260544,0.135766,0.000000,0.000000,0.000000,0.000000,0.000000,0.000000
23.099999,0.778000,0.258570,2.222000,-0.258570,0.133717,0.000000,0.000000,0.000000,0.000000,0.000000,0.000000
23.199999,0.776841,0.256622,2.223159,-0.256622,0.131710,0.000000,0.000000,0.000000,0.000000,0.000000,0.000000
23.299999,0.775686,0.254701,2.224314,-0.254701,0.129746,0.000000,0.000000,0.000000,0.000000,0.000000,0.000000
23.399999,0.774534,0.252807,2.225466,-0.252807,0.127822,0.000000,0.000000,0.000000,0.000000,0.000000,0.000000
23.499999,0.773387,0.250937,2.226613,-0.250937,0.125939,0.000000,0.000000,0.000000,0.000000,0.000000,0.000000
23.599999,0.772244,0.249093,2.227756,-0.249093,0.124094,0.000000,0.000000,0.000000,0.000000,0.000000,0.000000
23.699999,0.771105,0.247273,2.228895,-0.247273,0.122288,0.000000,0.000000,0.000000,0.000000,0.000000,0.000000
23.799999,0.769970,0.245477,2.230030,-0.245477,0.120518,0.000000,0.000000,0.000000,0.000000,0.000000,0.000000
23.899999,0.768840,0.243706,2.231160,-0.243706,0.118785,0.000000,0.000000,0.000000,0.000000,0.000000,0.000000
23.999999,0.767714,0.241957,2.232286,-0.241957,0.117087,0.000000,0.000000,0.000000,0.000000,0.000000,0.000000
24.099999,0.766592,0.240232,2.233408,-0.240232,0.115423,0.000000,0.000000,0.000000,0.000000,0.000000,0.000000
24.199999,0.765474,0.238529,2.234526,-0.238529,0.113792,0.000000,0.000000,0.000000,0.000000,0.000000,0.000000
24.299999,0.764361,0.236849,2.235639,-0.236849,0.112195,0.000000,0.000000,0.000000,0.000000,0.000000,0.000000
24.399999,0.763252,0.235190,2.236748,-0.235190,0.110629,0.000000,0.000000,0.000000,0.000000,0.000000,0.000000
24.499999,0.762147,0.233553,2.237853,-0.233553,0.109094,0.000000,0.000000,0.000000,0.000000,0.000000,0.000000
24.599999,0.761047,0.231937,2.238953,-0.231937,0.107590,0.000000,0.000000,0.000000,0.000000,0.000000,0.000000
24.699999,0.759951,0.230342,2.240049,-0.230342,0.106115,0.000000,0.000000,0.000000,0.000000,0.000000,0.000000
24.799999,0.758860,0.228767,2.241140,-0.228767,0.104669,0.000000,0.000000,0.000000,0.000000,0.000000,0.000000
24.899999,0.757773,0.227212,2.242227,-0.227212,0.103251,0.000000,0.000000,0.000000,0.000000,0.000000,0.000000
24.999999,0.756691,0.225677,2.243309,-0.225677,0.101860,0.000000,0.000000,0.000000,0.000000,0.000000,0.000000
25.099999,0.755613,0.224162,2.244387,-0.224162,0.100497,0.000000,0.000000,0.000000,0.000000,0.000000,0.000000
25.199999,0.754539,0.222665,2.245461,-0.222665,0.099159,0.000000,0.000000,0.000000,0.000000,0.000000,0.000000
25.299999,0.753471,0.221187,2.246529,-0.221187,0.097848,0.000000,0.000000,0.000000,0.000000,0.000000,0.000000
25.399999,0.752406,0.219728,2.247594,-0.219728,0.096561,0.000000,0.000000,0.000000,0.000000,0.000000,0.000000
25.499999,0.751346,0.218287,2.248654,-0.218287,0.095298,0.000000,0.000000,0.000000,0.000000,0.000000,0.000000
25.599999,0.750291,0.216864,2.249709,-0.216864,0.094060,0.000000,0.000000,0.000000,0.000000,0.000000,0.000000
25.699999,0.749240,0.215458,2.250760,-0.215458,0.092844,0.000000,0.000000,0.000000,0.000000,0.000000,0.000000
25.799999,0.748194,0.214070,2.251806,-0.214070,0.091652,0.000000,0.000000,0.000000,0.000000,0.000000,0.000000
25.899999,0.747152,0.212698,2.252848,-0.212698,0.090481,0.000000,0.000000,0.000000,0.000000,0.000000,0.000000
25.999999,0.746115,0.211344,2.253885,-0.211344,0.089332,0.000000,0.000000,0.000000,0.000000,0.000000,0.000000
26.099999,0.745083,0.210005,2.254917,-0.210005,0.088204,0.000000,0.000000,0.000000,0.000000,0.000000,0.000000
26.199999,0.744055,0.208683,2.255945,-0.208683,0.087097,0.000000,0.000000,0.000000,0.000000,0.000000,0.000000
26.299999,0.743031,0.207377,2.256969,-0.207377,0.086011,0.000000,0.000000,0.000000,0.000000,0.000000,0.000000
26.399999,0.742012,0.206087,2.257988,-0.206087,0.084943,0.000000,0.000000,0.000000,0.000000,0.000000,0.000000
26.499999,0.740997,0.204812,2.259003,-0.204812,0.083896,0.000000,0.000000,0.000000,0.000000,0.000000,0.000000
26.599999,0.739987,0.203552,2.260013,-0.203552,0.082867,0.000000,0.000000,0.000000,0.000000,0.000000,0.000000
26.699999,0.738982,0.202307,2.261018,-0.202307,0.081856,0.000000,0.000000,0.000000,0.000000,0.000000,0.000000
26.799999,0.737981,0.201076,2.262019,-0.201076,0.080863,0.000000,0.000000,0.000000,0.000000,0.000000,0.000000
26.899999,0.736984,0.199861,2.263016,-0.199861,0.079888,0.000000,0.000000,0.000000,0.000000,0.000000,0.000000
26.999999,0.735992,0.198659,2.264008,-0.198659,0.078931,0.000000,0.000000,0.000000,0.000000,0.000000,0.000000
27.099999,0.735005,0.197471,2.264995,-0.197471,0.077990,0.000000,0.000000,0.000000,0.000000,0.000000,0.000000
27.199999,0.734022,0.196297,2.265978,-0.196297,0.077065,0.000000,0.000000,0.000000,0.000000,0.000000,0.000000
27.299999,0.733043,0.195137,2.266957,-0.195137,0.076157,0.000000,0.000000,0.000000,0.000000,0.000000,0.000000
27.399999,0.732069,0.193990,2.267931,-0.193990,0.075264,0.000000,0.000000,0.000000,0.000000,0.000000,0.000000
27.499999,0.731099,0.192856,2.268901,-0.192856,0.074387,0.000000,0.000000,0.000000,0.000000,0.000000,0.000000
27.599999,0.730134,0.191735,2.269866,-0.191735,0.073525,0.000000,0.000000,0.000000,0.000000,0.000000,0.000000
27.699999,0.729173,0.190627,2.270827,-0.190627,0.072677,0.000000,0.000000,0.000000,0.000000,0.000000,0.000000
27.799999,0.728216,0.189531,2.271784,-0.189531,0.071844,0.000000,0.000000,0.000000,0.000000,0.000000,0.000000
27.899999,0.727264,0.188448,2.272736,-0.188448,0.071025,0.000000,0.000000,0.000000,0.000000,0.000000,0.000000
27.999999,0.726316,0.187377,2.273684,-0.187377,0.070220,0.000000,0.000000,0.000000,0.000000,0.000000,0.000000
28.099999,0.725373,0.186317,2.274627,-0.186317,0.069428,0.000000,0.000000,0.000000,0.000000,0.000000,0.000000
28.199999,0.724434,0.185270,2.275566,-0.185270,0.068650,0.000000,0.000000,0.000000,0.000000,0.000000,0.000000
28.299999,0.723499,0.184234,2.276501,-0.184234,0.067884,0.000000,0.000000,0.000000,0.000000,0.000000,0.000000
28.399999,0.722568,0.183210,2.277432,-0.183210,0.067132,0.000000,0.000000,0.000000,0.000000,0.000000,0.000000
28.499999,0.721642,0.182196,2.278358,-0.182196,0.066391,0.000000,0.000000,0.000000,0.000000,0.000000,0.000000
28.599999,0.720720,0.181194,2.279280,-0.181194,0.065663,0.000000,0.000000,0.000000,0.000000,0.000000,0.000000
28.699999,0.719802,0.180203,2.280198,-0.180203,0.064946,0.000000,0.000000,0.000000,0.000000,0.000000,0.000000
28.799999,0.718889,0.179223,2.281111,-0.179223,0.064241,0.000000,0.000000,0.000000,0.000000,0.000000,0.000000
28.899999,0.717980,0.178253,2.282020,-0.178253,0.063548,0.000000,0.000000,0.000000,0.000000,0.000000,0.000000
28.999999,0.717075,0.177293,2.282925,-0.177293,0.062866,0.000000,0.000000,0.000000,0.000000,0.000000,0.000000
29.099999,0.716174,0.176344,2.283826,-0.176344,0.062194,0.000000,0.000000,0.000000,0.000000,0.000000,0.000000
29.199999,0.715277,0.175405,2.284723,-0.175405,0.061534,0.000000,0.000000,0.000000,0.000000,0.000000,0.000000
29.299999,0.714385,0.174476,2.285615,-0.174476,0.060883,0.000000,0.000000,0.000000,0.000000,0.000000,0.000000
29.399999,0.713496,0.173556,2.286504,-0.173556,0.060244,0.000000,0.000000,0.000000,0.000000,0.000000,0.000000
29.499999,0.712612,0.172647,2.287388,-0.172647,0.059614,0.000000,0.000000,0.000000,0.000000,0.000000,0.000000
29.599999,0.711732,0.171746,2.288268,-0.171746,0.058994,0.000000,0.000000,0.000000,0.000000,0.000000,0.000000
29.699999,0.710855,0.170856,2.289145,-0.170856,0.058383,0.000000,0.000000,0.000000,0.000000,0.000000,0.000000
29.799999,0.709983,0.169974,2.290017,-0.169974,0.057782,0.000000,0.000000,0.000000,0.000000,0.000000,0.000000
29.899999,0.709115,0.169102,2.290885,-0.169102,0.057191,0.000000,0.000000,0.000000,0.000000,0.000000,0.000000
29.999999,0.708251,0.168238,2.291749,-0.168238,0.056608,0.000000,0.000000,0.000000,0.000000,0.000000,0.000000
30.099999,0.707391,0.167384,2.292609,-0.167384,0.056035,0.000000,0.000000,0.000000,0.000000,0.000000,0.000000
30.199999,0.706535,0.166538,2.293465,-0.166538,0.055470,0.000000,0.000000,0.000000,0.000000,0.000000,0.000000
30.299999,0.705683,0.165701,2.294317,-0.165701,0.054914,0.000000,0.000000,0.000000,0.000000,0.000000,0.000000
30.399999,0.704835,0.164872,2.295165,-0.164872,0.054366,0.000000,0.000000,0.000000,0.000000,0.000000,0.000000
30.499999,0.703990,0.164052,2.296010,-0.164052,0.053826,0.000000,0.000000,0.000000,0.000000,0.000000,0.000000
30.599999,0.703150,0.163240,2.296850,-0.163240,0.053294,0.000000,0.000000,0.000000,0.000000,0.000000,0.000000
30.699999,0.702313,0.162436,2.297687,-0.162436,0.052771,0.000000,0.000000,0.000000,0.000000,0.000000,0.000000
30.799999,0.701481,0.161640,2.298519,-0.161640,0.052255,0.000000,0.000000,0.000000,0.000000,0.000000,0.000000
30.899999,0.700652,0.160852,2.299348,-0.160852,0.051747,0.000000,0.000000,0.000000,0.000000,0.000000,0.000000
30.999999,0.699827,0.160072,2.300173,-0.160072,0.051246,0.000000,0.000000,0.000000,0.000000,0.000000,0.000000
31.099999,0.699005,0.159299,2.300995,-0.159299,0.050752,0.000000,0.000000,0.000000,0.000000,0.000000,0.000000
31.199999,0.698188,0.158534,2.301812,-0.158534,0.050266,0.000000,0.000000,0.000000,0.000000,0.000000,0.000000
31.299999,0.697374,0.157776,2.302626,-0.157776,0.049787,0.000000,0.000000,0.000000,0.000000,0.000000,0.000000
31.399999,0.696564,0.157026,2.303436,-0.157026,0.049314,0.000000,0.000000,0.000000,0.000000,0.000000,0.000000
31.499999,0.695758,0.156283,2.304242,-0.156283,0.048849,0.000000,0.000000,0.000000,0.000000,0.000000,0.000000
31.599999,0.694955,0.155547,2.305045,-0.155547,0.048390,0.000000,0.000000,0.000000,0.000000,0.000000,0.000000
31.699999,0.694156,0.154819,2.305844,-0.154819,0.047938,0.000000,0.000000,0.000000,0.000000,0.000000,0.000000
31.799999,0.693361,0.154097,2.306639,-0.154097,0.047492,0.000000,0.000000,0.000000,0.000000,0.000000,0.000000
31.899999,0.692569,0.153382,2.307431,-0.153382,0.047052,0.000000,0.000000,0.000000,0.000000,0.000000,0.000000
31.999999,0.691781,0.152674,2.308219,-0.152674,0.046619,0.000000,0.000000,0.000000,0.000000,0.000000,0.000000
32.099999,0.690997,0.151973,2.309003,-0.151973,0.046191,0.000000,0.000000,0.000000,0.000000,0.000000,0.000000
32.199999,0.690216,0.151278,2.309784,-0.151278,0.045770,0.000000,0.000000,0.000000,0.000000,0.000000,0.000000
32.299999,0.689438,0.150590,2.310562,-0.150590,0.045354,0.000000,0.000000,0.000000,0.000000,0.000000,0.000000
32.399999,0.688664,0.149908,2.311336,-0.149908,0.044945,0.000000,0.000000,0.000000,0.000000,0.000000,0.000000
32.499999,0.687894,0.149232,2.312106,-0.149232,0.044541,0.000000,0.000000,0.000000,0.000000,0.000000,0.000000
32.599999,0.687127,0.148563,2.312873,-0.148563,0.044142,0.000000,0.000000,0.000000,0.000000,0.000000,0.000000
32.699999,0.686363,0.147900,2.313637,-0.147900,0.043749,0.000000,0.000000,0.000000,0.000000,0.000000,0.000000
32.799999,0.685603,0.147243,2.314397,-0.147243,0.043361,0.000000,0.000000,0.000000,0.000000,0.000000,0.000000
32.899999,0.684847,0.146592,2.315153,-0.146592,0.042978,0.000000,0.000000,0.000000,0.000000,0.000000,0.000000
32.999999,0.684094,0.145947,2.315906,-0.145947,0.042601,0.000000,0.000000,0.000000,0.000000,0.000000,0.000000
33.099999,0.683344,0.145308,2.316656,-0.145308,0.042229,0.000000,0.000000,0.000000,0.000000,0.000000,0.000000
33.199999,0.682597,0.144674,2.317403,-0.144674,0.041861,0.000000,0.000000,0.000000,0.000000,0.000000,0.000000
33.299999,0.681854,0.144046,2.318146,-0.144046,0.041499,0.000000,0.000000,0.000000,0.000000,0.000000,0.000000
33.399999,0.681114,0.143424,2.318886,-0.143424,0.041141,0.000000,0.000000,0.000000,0.000000,0.000000,0.000000
33.499999,0.680378,0.142808,2.319622,-0.142808,0.040788,0.000000,0.000000,0.000000,0.000000,0.000000,0.000000
33.599999,0.679645,0.142197,2.320355,-0.142197,0.040440,0.000000,0.000000,0.000000,0.000000,0.000000,0.000000
33.699999,0.678915,0.141591,2.321085,-0.141591,0.040096,0.000000,0.000000,0.000000,0.000000,0.000000,0.000000
33.799999,0.678188,0.140991,2.321812,-0.140991,0.039757,0.000000,0.000000,0.000000,0.000000,0.000000,0.000000
33.899999,0.677464,0.140396,2.322536,-0.140396,0.039422,0.000000,0.000000,0.000000,0.000000,0.000000,0.000000
33.999999,0.676744,0.139806,2.323256,-0.139806,0.039091,0.000000,0.000000,0.000000,0.000000,0.000000,0.000000
34.099999,0.676027,0.139221,2.323973,-0.139221,0.038765,0.000000,0.000000,0.000000,0.000000,0.000000,0.000000
34.199999,0.675313,0.138641,2.324687,-0.138641,0.038443,0.000000,0.000000,0.000000,0.000000,0.000000,0.000000
34.299999,0.674602,0.138067,2.325398,-0.138067,0.038125,0.000000,0.000000,0.000000,0.000000,0.000000,0.000000
34.399999,0.673894,0.137497,2.326106,-0.137497,0.037811,0.000000,0.000000,0.000000,0.000000,0.000000,0.000000
34.499999,0.673189,0.136932,2.326811,-0.136932,0.037501,0.000000,0.000000,0.000000,0.000000,0.000000,0.000000
34.599999,0.672488,0.136372,2.327512,-0.136372,0.037195,0.000000,0.000000,0.000000,0.000000,0.000000,0.000000
34.699999,0.671789,0.135817,2.328211,-0.135817,0.036893,0.000000,0.000000,0.000000,0.000000,0.000000,0.000000
34.799999,0.671094,0.135267,2.328906,-0.135267,0.036594,0.000000,0.000000,0.000000,0.000000,0.000000,0.000000
34.899999,0.670401,0.134721,2.329599,-0.134721,0.036300,0.000000,0.000000,0.000000,0.000000,0.000000,0.000000
34.999999,0.669712,0.134180,2.330288,-0.134180,0.036008,0.000000,0.000000,0.000000,0.000000,0.000000,0.000000
35.099999,0.669026,0.133643,2.330974,-0.133643,0.035721,0.000000,0.000000,0.000000,0.000000,0.000000,0.000000
35.199999,0.668342,0.133111,2.331658,-0.133111,0.035437,0.000000,0.000000,0.000000,0.000000,0.000000,0.000000
35.299999,0.667662,0.132583,2.332338,-0.132583,0.035157,0.000000,0.000000,0.000000,0.000000,0.000000,0.000000
35.399999,0.666984,0.132060,2.333016,-0.132060,0.034880,0.000000,0.000000,0.000000,0.000000,0.000000,0.000000
35.499999,0.666309,0.131541,2.333691,-0.131541,0.034606,0.000000,0.000000,0.000000,0.000000,0.000000,0.000000
35.599999,0.665638,0.131026,2.334362,-0.131026,0.034336,0.000000,0.000000,0.000000,0.000000,0.000000,0.000000
35.699999,0.664969,0.130516,2.335031,-0.130516,0.034069,0.000000,0.000000,0.000000,0.000000,0.000000,0.000000
35.799999,0.664303,0.130009,2.335697,-0.130009,0.033805,0.000000,0.000000,0.000000,0.000000,0.000000,0.000000
35.899999,0.663640,0.129507,2.336360,-0.129507,0.033544,0.000000,0.000000,0.000000,0.000000,0.000000,0.000000
35.999999,0.662979,0.129009,2.337021,-0.129009,0.033287,0.000000,0.000000,0.000000,0.000000,0.000000,0.000000
36.099999,0.662322,0.128515,2.337678,-0.128515,0.033032,0.000000,0.000000,0.000000,0.000000,0.000000,0.000000
36.199999,0.661667,0.128024,2.338333,-0.128024,0.032780,0.000000,0.000000,0.000000,0.000000,0.000000,0.000000
36.299999,0.661015,0.127538,2.338985,-0.127538,0.032532,0.000000,0.000000,0.000000,0.000000,0.000000,0.000000
36.399999,0.660366,0.127056,2.339634,-0.127056,0.032286,0.000000,0.000000,0.000000,0.000000,0.000000,0.000000
36.499999,0.659719,0.126577,2.340281,-0.126577,0.032044,0.000000,0.000000,0.000000,0.000000,0.000000,0.000000
36.599999,0.659075,0.126102,2.340925,-0.126102,0.031804,0.000000,0.000000,0.000000,0.000000,0.000000,0.000000
36.699999,0.658434,0.125631,2.341566,-0.125631,0.031567,0.000000,0.000000,0.000000,0.000000,0.000000,0.000000
36.799999,0.657796,0.125164,2.342204,-0.125164,0.031332,0.000000,0.000000,0.000000,0.000000,0.000000,0.000000
36.899999,0.657160,0.124700,2.342840,-0.124700,0.031100,0.000000,0.000000,0.000000,0.000000,0.000000,0.000000
36.999999,0.656527,0.124240,2.343473,-0.124240,0.030871,0.000000,0.000000,0.000000,0.000000,0.000000,0.000000
37.099999,0.655897,0.123784,2.344103,-0.123784,0.030645,0.000000,0.000000,0.000000,0.000000,0.000000,0.000000
37.199999,0.655269,0.123331,2.344731,-0.123331,0.030421,0.000000,0.000000,0.000000,0.000000,0.000000,0.000000
37.299999,0.654644,0.122882,2.345356,-0.122882,0.030200,0.000000,0.000000,0.000000,0.000000,0.000000,0.000000
37.399999,0.654021,0.122436,2.345979,-0.122436,0.029981,0.000000,0.000000,0.000000,0.000000,0.000000,0.000000
37.499999,0.653401,0.121993,2.346599,-0.121993,0.029765,0.000000,0.000000,0.000000,0.000000,0.000000,0.000000
37.599999,0.652783,0.121554,2.347217,-0.121554,0.029551,0.000000,0.000000,0.000000,0.000000,0.000000,0.000000
37.699999,0.652168,0.121118,2.347832,-0.121118,0.029339,0.000000,0.000000,0.000000,0.000000,0.000000,0.000000
37.799999,0.651556,0.120686,2.348444,-0.120686,0.029130,0.000000,0.000000,0.000000,0.000000,0.000000,0.000000
37.899999,0.650946,0.120257,2.349054,-0.120257,0.028923,0.000000,0.000000,0.000000,0.000000,0.000000,0.000000
37.999999,0.650339,0.119831,2.349661,-0.119831,0.028719,0.000000,0.000000,0.000000,0.000000,0.000000,0.000000
38.099999,0.649734,0.119408,2.350266,-0.119408,0.028516,0.000000,0.000000,0.000000,0.000000,0.000000,0.000000
38.199999,0.649131,0.118988,2.350869,-0.118988,0.028316,0.000000,0.000000,0.000000,0.000000,0.000000,0.000000
38.299999,0.648531,0.118572,2.351469,-0.118572,0.028118,0.000000,0.000000,0.000000,0.000000,0.000000,0.000000
38.399999,0.647934,0.118158,2.352066,-0.118158,0.027923,0.000000,0.000000,0.000000,0.000000,0.000000,0.000000
38.499999,0.647338,0.117748,2.352662,-0.117748,0.027729,0.000000,0.000000,0.000000,0.000000,0.000000,0.000000
38.599999,0.646746,0.117341,2.353254,-0.117341,0.027538,0.000000,0.000000,0.000000,0.000000,0.000000,0.000000
38.699999,0.646155,0.116936,2.353845,-0.116936,0.027348,0.000000,0.000000,0.000000,0.000000,0.000000,0.000000
38.799999,0.645567,0.116535,2.354433,-0.116535,0.027161,0.000000,0.000000,0.000000,0.000000,0.000000,0.000000
38.899999,0.644981,0.116136,2.355019,-0.116136,0.026975,0.000000,0.000000,0.000000,0.000000,0.000000,0.000000
38.999999,0.644398,0.115741,2.355602,-0.115741,0.026792,0.000000,0.000000,0.000000,0.000000,0.000000,0.000000
39.099999,0.643817,0.115348,2.356183,-0.115348,0.026610,0.000000,0.000000,0.000000,0.000000,0.000000,0.000000
39.199999,0.643238,0.114958,2.356762,-0.114958,0.026431,0.000000,0.000000,0.000000,0.000000,0.000000,0.000000
39.299999,0.642662,0.114571,2.357338,-0.114571,0.026253,0.000000,0.000000,0.000000,0.000000,0.000000,0.000000
39.399999,0.642088,0.114187,2.357912,-0.114187,0.026077,0.000000,0.000000,0.000000,0.000000,0.000000,0.000000
39.499999,0.641516,0.113805,2.358484,-0.113805,0.025903,0.000000,0.000000,0.000000,0.000000,0.000000,0.000000
39.599999,0.640946,0.113426,2.359054,-0.113426,0.025731,0.000000,0.000000,0.000000,0.000000,0.000000,0.000000
39.699999,0.640379,0.113050,2.359621,-0.113050,0.025561,0.000000,0.000000,0.000000,0.000000,0.000000,0.000000
39.799999,0.639814,0.112677,2.360186,-0.112677,0.025392,0.000000,0.000000,0.000000,0.000000,0.000000,0.000000
39.899999,0.639251,0.112306,2.360749,-0.112306,0.025225,0.000000,0.000000,0.000000,0.000000,0.000000,0.000000
39.999999,0.638690,0.111938,2.361310,-0.111938,0.025060,0.000000,0.000000,0.000000,0.000000,0.000000,0.000000
40.099999,0.638132,0.111572,2.361868,-0.111572,0.024897,0.000000,0.000000,0.000000,0.000000,0.000000,0.000000
40.199999,0.637575,0.111209,2.362425,-0.111209,0.024735,0.000000,0.000000,0.000000,0.000000,0.000000,0.000000
40.299999,0.637021,0.110848,2.362979,-0.110848,0.024575,0.000000,0.000000,0.000000,0.000000,0.000000,0.000000
40.399999,0.636469,0.110490,2.363531,-0.110490,0.024416,0.000000,0.000000,0.000000,0.000000,0.000000,0.000000
40.499999,0.635919,0.110135,2.364081,-0.110135,0.024259,0.000000,0.000000,0.000000,0.000000,0.000000,0.000000
40.599999,0.635371,0.109781,2.364629,-0.109781,0.024104,0.000000,0.000000,0.000000,0.000000,0.000000,0.000000
40.699999,0.634826,0.109431,2.365174,-0.109431,0.023950,0.000000,0.000000,0.000000,0.000000,0.000000,0.000000
40.799999,0.634282,0.109082,2.365718,-0.109082,0.023798,0.000000,0.000000,0.000000,0.000000,0.000000,0.000000
40.899999,0.633741,0.108736,2.366259,-0.108736,0.023647,0.000000,0.000000,0.000000,0.000000,0.000000,0.000000
40.999999,0.633201,0.108393,2.366799,-0.108393,0.023498,0.000000,0.000000,0.000000,0.000000,0.000000,0.000000
41.099999,0.632664,0.108051,2.367336,-0.108051,0.023350,0.000000,0.000000,0.000000,0.000000,0.000000,0.000000
41.199999,0.632129,0.107712,2.367871,-0.107712,0.023204,0.000000,0.000000,0.000000,0.000000,0.000000,0.000000
41.299999,0.631595,0.107375,2.368405,-0.107375,0.023059,0.000000,0.000000,0.000000,0.000000,0.000000,0.000000
41.399999,0.631064,0.107041,2.368936,-0.107041,0.022916,0.000000,0.000000,0.000000,0.000000,0.000000,0.000000
41.499999,0.630535,0.106709,2.369465,-0.106709,0.022773,0.000000,0.000000,0.000000,0.000000,0.000000,0.000000
41.599999,0.630007,0.106379,2.369993,-0.106379,0.022633,0.000000,0.000000,0.000000,0.000000,0.000000,0.000000
41.699999,0.629482,0.106051,2.370518,-0.106051,0.022494,0.000000,0.000000,0.000000,0.000000,0.000000,0.000000
41.799999,0.628959,0.105725,2.371041,-0.105725,0.022356,0.000000,0.000000,0.000000,0.000000,0.000000,0.000000
41.899999,0.628437,0.105401,2.371563,-0.105401,0.022219,0.000000,0.000000,0.000000,0.000000,0.000000,0.000000
41.999999,0.627918,0.105080,2.372082,-0.105080,0.022084,0.000000,0.000000,0.000000,0.000000,0.000000,0.000000
42.099999,0.627400,0.104761,2.372600,-0.104761,0.021950,0.000000,0.000000,0.000000,0.000000,0.000000,0.000000
42.199999,0.626885,0.104443,2.373115,-0.104443,0.021817,0.000000,0.000000,0.000000,0.000000,0.000000,0.000000
42.299999,0.626371,0.104128,2.373629,-0.104128,0.021685,0.000000,0.000000,0.000000,0.000000,0.000000,0.000000
42.399999,0.625860,0.103815,2.374140,-0.103815,0.021555,0.000000,0.000000,0.000000,0.000000,0.000000,0.000000
42.499999,0.625350,0.103504,2.374650,-0.103504,0.021426,0.000000,0.000000,0.000000,0.000000,0.000000,0.000000
42.599999,0.624842,0.103195,2.375158,-0.103195,0.021298,0.000000,0.000000,0.000000,0.000000,0.000000,0.000000
42.699999,0.624336,0.102888,2.375664,-0.102888,0.021172,0.000000,0.000000,0.000000,0.000000,0.000000,0.000000
42.799999,0.623831,0.102583,2.376169,-0.102583,0.021046,0.000000,0.000000,0.000000,0.000000,0.000000,0.000000
42.899999,0.623329,0.102279,2.376671,-0.102279,0.020922,0.000000,0.000000,0.000000,0.000000,0.000000,0.000000
42.999999,0.622828,0.101978,2.377172,-0.101978,0.020799,0.000000,0.000000,0.000000,0.000000,0.000000,0.000000
43.099999,0.622330,0.101679,2.377670,-0.101679,0.020677,0.000000,0.000000,0.000000,0.000000,0.000000,0.000000
43.199999,0.621833,0.101381,2.378167,-0.101381,0.020556,0.000000,0.000000,0.000000,0.000000,0.000000,0.000000
43.299999,0.621338,0.101085,2.378662,-0.101085,0.020437,0.000000,0.000000,0.000000,0.000000,0.000000,0.000000
43.399999,0.620844,0.100792,2.379156,-0.100792,0.020318,0.000000,0.000000,0.000000,0.000000,0.000000,0.000000
43.499999,0.620353,0.100500,2.379647,-0.100500,0.020200,0.000000,0.000000,0.000000,0.000000,0.000000,0.000000
43.599999,0.619863,0.100210,2.380137,-0.100210,0.020084,0.000000,0.000000,0.000000,0.000000,0.000000,0.000000
43.699999,0.619375,0.099921,2.380625,-0.099921,0.019969,0.000000,0.000000,0.000000,0.000000,0.000000,0.000000
43.799999,0.618889,0.099635,2.381111,-0.099635,0.019854,0.000000,0.000000,0.000000,0.000000,0.000000,0.000000
43.899999,0.618404,0.099350,2.381596,-0.099350,0.019741,0.000000,0.000000,0.000000,0.000000,0.000000,0.000000
43.999999,0.617921,0.099067,2.382079,-0.099067,0.019629,0.000000,0.000000,0.000000,0.000000,0.000000,0.000000
44.099999,0.617440,0.098786,2.382560,-0.098786,0.019517,0.000000,0.000000,0.000000,0.000000,0.000000,0.000000
44.199999,0.616961,0.098506,2.383039,-0.098506,0.019407,0.000000,0.000000,0.000000,0.000000,0.000000,0.000000
44.299999,0.616483,0.098228,2.383517,-0.098228,0.019298,0.000000,0.000000,0.000000,0.000000,0.000000,0.000000
44.399999,0.616007,0.097952,2.383993,-0.097952,0.019189,0.000000,0.000000,0.000000,0.000000,0.000000,0.000000
44.499999,0.615533,0.097678,2.384467,-0.097678,0.019082,0.000000,0.000000,0.000000,0.000000,0.000000,0.000000
44.599999,0.615060,0.097405,2.384940,-0.097405,0.018975,0.000000,0.000000,0.000000,0.000000,0.000000,0.000000
44.699999,0.614589,0.097134,2.385411,-0.097134,0.018870,0.000000,0.000000,0.000000,0.000000,0.000000,0.000000
44.799999,0.614120,0.096864,2.385880,-0.096864,0.018765,0.000000,0.000000,0.000000,0.000000,0.000000,0.000000
44.899999,0.613652,0.096596,2.386348,-0.096596,0.018662,0.000000,0.000000,0.000000,0.000000,0.000000,0.000000
44.999999,0.613186,0.096330,2.386814,-0.096330,0.018559,0.000000,0.000000,0.000000,0.000000,0.000000,0.000000
45.099999,0.612721,0.096065,2.387279,-0.096065,0.018457,0.000000,0.000000,0.000000,0.000000,0.000000,0.000000
45.199999,0.612259,0.095802,2.387741,-0.095802,0.018356,0.000000,0.000000,0.000000,0.000000,0.000000,0.000000
45.299999,0.611797,0.095540,2.388203,-0.095540,0.018256,0.000000,0.000000,0.000000,0.000000,0.000000,0.000000
45.399999,0.611338,0.095280,2.388662,-0.095280,0.018157,0.000000,0.000000,0.000000,0.000000,0.000000,0.000000
45.499999,0.610880,0.095022,2.389120,-0.095022,0.018058,0.000000,0.000000,0.000000,0.000000,0.000000,0.000000
45.599999,0.610423,0.094765,2.389577,-0.094765,0.017961,0.000000,0.000000,0.000000,0.000000,0.000000,0.000000
45.699999,0.609968,0.094509,2.390032,-0.094509,0.017864,0.000000,0.000000,0.000000,0.000000,0.000000,0.000000
45.799999,0.609515,0.094255,2.390485,-0.094255,0.017768,0.000000,0.000000,0.000000,0.000000,0.000000,0.000000
45.899999,0.609063,0.094002,2.390937,-0.094002,0.017673,0.000000,0.000000,0.000000,0.000000,0.000000,0.000000
45.999999,0.608613,0.093751,2.391387,-0.093751,0.017579,0.000000,0.000000,0.000000,0.000000,0.000000,0.000000
46.099999,0.608164,0.093502,2.391836,-0.093502,0.017485,0.000000,0.000000,0.000000,0.000000,0.000000,0.000000
46.199999,0.607717,0.093253,2.392283,-0.093253,0.017392,0.000000,0.000000,0.000000,0.000000,0.000000,0.000000
46.299999,0.607271,0.093007,2.392729,-0.093007,0.017300,0.000000,0.000000,0.000000,0.000000,0.000000,0.000000
46.399999,0.606827,0.092761,2.393173,-0.092761,0.017209,0.000000,0.000000,0.000000,0.000000,0.000000,0.000000
46.499999,0.606384,0.092517,2.393616,-0.092517,0.017119,0.000000,0.000000,0.000000,0.000000,0.000000,0.000000
46.599999,0.605943,0.092275,2.394057,-0.092275,0.017029,0.000000,0.000000,0.000000,0.000000,0.000000,0.000000
46.699999,0.605503,0.092033,2.394497,-0.092033,0.016940,0.000000,0.000000,0.000000,0.000000,0.000000,0.000000
46.799999,0.605065,0.091794,2.394935,-0.091794,0.016852,0.000000,0.000000,0.000000,0.000000,0.000000,0.000000
46.899999,0.604628,0.091555,2.395372,-0.091555,0.016765,0.000000,0.000000,0.000000,0.000000,0.000000,0.000000
46.999999,0.604193,0.091318,2.395807,-0.091318,0.016678,0.000000,0.000000,0.000000,0.000000,0.000000,0.000000
47.099999,0.603759,0.091082,2.396241,-0.091082,0.016592,0.000000,0.000000,0.000000,0.000000,0.000000,0.000000
47.199999,0.603327,0.090848,2.396673,-0.090848,0.016507,0.000000,0.000000,0.000000,0.000000,0.000000,0.000000
47.299999,0.602896,0.090614,2.397104,-0.090614,0.016422,0.000000,0.000000,0.000000,0.000000,0.000000,0.000000
47.399999,0.602466,0.090383,2.397534,-0.090383,0.016338,0.000000,0.000000,0.000000,0.000000,0.000000,0.000000
47.499999,0.602038,0.090152,2.397962,-0.090152,0.016255,0.000000,0.000000,0.000000,0.000000,0.000000,0.000000
47.599999,0.601611,0.089923,2.398389,-0.089923,0.016172,0.000000,0.000000,0.000000,0.000000,0.000000,0.000000
47.699999,0.601186,0.089694,2.398814,-0.089694,0.016090,0.000000,0.000000,0.000000,0.000000,0.000000,0.000000
47.799999,0.600762,0.089468,2.399238,-0.089468,0.016009,0.000000,0.000000,0.000000,0.000000,0.000000,0.000000
47.899999,0.600339,0.089242,2.399661,-0.089242,0.015928,0.000000,0.000000,0.000000,0.000000,0.000000,0.000000
47.999999,0.599918,0.089018,2.400082,-0.089018,0.015848,0.000000,0.000000,0.000000,0.000000,0.000000,0.000000
48.099999,0.599498,0.088795,2.400502,-0.088795,0.015769,0.000000,0.000000,0.000000,0.000000,0.000000,0.000000
48.199999,0.599079,0.088573,2.400921,-0.088573,0.015690,0.000000,0.000000,0.000000,0.000000,0.000000,0.000000
48.299999,0.598662,0.088352,2.401338,-0.088352,0.015612,0.000000,0.000000,0.000000,0.000000,0.000000,0.000000
48.399999,0.598246,0.088132,2.401754,-0.088132,0.015535,0.000000,0.000000,0.000000,0.000000,0.000000,0.000000
48.499999,0.597832,0.087914,2.402168,-0.087914,0.015458,0.000000,0.000000,0.000000,0.000000,0.000000,0.000000
48.599999,0.597419,0.087697,2.402581,-0.087697,0.015382,0.000000,0.000000,0.000000,0.000000,0.000000,0.000000
48.699999,0.597007,0.087481,2.402993,-0.087481,0.015306,0.000000,0.000000,0.000000,0.000000,0.000000,0.000000
48.799999,0.596596,0.087266,2.403404,-0.087266,0.015231,0.000000,0.000000,0.000000,0.000000,0.000000,0.000000
48.899999,0.596187,0.087052,2.403813,-0.087052,0.015156,0.000000,0.000000,0.000000,0.000000,0.000000,0.000000
48.999999,0.595779,0.086840,2.404221,-0.086840,0.015082,0.000000,0.000000,0.000000,0.000000,0.000000,0.000000
49.099999,0.595373,0.086628,2.404627,-0.086628,0.015009,0.000000,0.000000,0.000000,0.000000,0.000000,0.000000
49.199999,0.594968,0.086418,2.405032,-0.086418,0.014936,0.000000,0.000000,0.000000,0.000000,0.000000,0.000000
49.299999,0.594564,0.086209,2.405436,-0.086209,0.014864,0.000000,0.000000,0.000000,0.000000,0.000000,0.000000
49.399999,0.594161,0.086001,2.405839,-0.086001,0.014792,0.000000,0.000000,0.000000,0.000000,0.000000,0.000000
49.499999,0.593759,0.085794,2.406241,-0.085794,0.014721,0.000000,0.000000,0.000000,0.000000,0.000000,0.000000
49.599999,0.593359,0.085588,2.406641,-0.085588,0.014651,0.000000,0.000000,0.000000,0.000000,0.000000,0.000000
49.699999,0.592960,0.085383,2.407040,-0.085383,0.014580,0.000000,0.000000,0.000000,0.000000,0.000000,0.000000
49.799999,0.592562,0.085179,2.407438,-0.085179,0.014511,0.000000,0.000000,0.000000,0.000000,0.000000,0.000000
49.899999,0.592166,0.084976,2.407834,-0.084976,0.014442,0.000000,0.000000,0.000000,0.000000,0.000000,0.000000
49.999999,0.591771,0.084775,2.408229,-0.084775,0.014373,0.000000,0.000000,0.000000,0.000000,0.000000,0.000000
50.099999,0.591377,0.084574,2.408623,-0.084574,0.014306,0.000000,0.000000,0.000000,0.000000,0.000000,0.000000
50.199999,0.590984,0.084374,2.409016,-0.084374,0.014238,0.000000,0.000000,0.000000,0.000000,0.000000,0.000000
50.299999,0.590592,0.084176,2.409408,-0.084176,0.014171,0.000000,0.000000,0.000000,0.000000,0.000000,0.000000
50.399999,0.590202,0.083978,2.409798,-0.083978,0.014105,0.000000,0.000000,0.000000,0.000000,0.000000,0.000000
50.499999,0.589813,0.083782,2.410187,-0.083782,0.014039,0.000000,0.000000,0.000000,0.000000,0.000000,0.000000
50.599999,0.589425,0.083586,2.410575,-0.083586,0.013973,0.000000,0.000000,0.000000,0.000000,0.000000,0.000000
50.699999,0.589038,0.083391,2.410962,-0.083391,0.013908,0.000000,0.000000,0.000000,0.000000,0.000000,0.000000
50.799999,0.588653,0.083198,2.411347,-0.083198,0.013844,0.000000,0.000000,0.000000,0.000000,0.000000,0.000000
50.899999,0.588268,0.083005,2.411732,-0.083005,0.013780,0.000000,0.000000,0.000000,0.000000,0.000000,0.000000
50.999999,0.587885,0.082814,2.412115,-0.082814,0.013716,0.000000,0.000000,0.000000,0.000000,0.000000,0.000000
51.099999,0.587503,0.082623,2.412497,-0.082623,0.013653,0.000000,0.000000,0.000000,0.000000,0.000000,0.000000
51.199999,0.587122,0.082433,2.412878,-0.082433,0.013590,0.000000,0.000000,0.000000,0.000000,0.000000,0.000000
51.299999,0.586742,0.082244,2.413258,-0.082244,0.013528,0.000000,0.000000,0.000000,0.000000,0.000000,0.000000
51.399999,0.586363,0.082057,2.413637,-0.082057,0.013467,0.000000,0.000000,0.000000,0.000000,0.000000,0.000000
51.499999,0.585986,0.081870,2.414014,-0.081870,0.013405,0.000000,0.000000,0.000000,0.000000,0.000000,0.000000
51.599999,0.585610,0.081684,2.414390,-0.081684,0.013344,0.000000,0.000000,0.000000,0.000000,0.000000,0.000000
51.699999,0.585234,0.081499,2.414766,-0.081499,0.013284,0.000000,0.000000,0.000000,0.000000,0.000000,0.000000
51.799999,0.584860,0.081314,2.415140,-0.081314,0.013224,0.000000,0.000000,0.000000,0.000000,0.000000,0.000000
51.899999,0.584487,0.081131,2.415513,-0.081131,0.013165,0.000000,0.000000,0.000000,0.000000,0.000000,0.000000
51.999999,0.584115,0.080949,2.415885,-0.080949,0.013105,0.000000,0.000000,0.000000,0.000000,0.000000,0.000000
52.099999,0.583745,0.080767,2.416255,-0.080767,0.013047,0.000000,0.000000,0.000000,0.000000,0.000000,0.000000
52.199999,0.583375,0.080587,2.416625,-0.080587,0.012988,0.000000,0.000000,0.000000,0.000000,0.000000,0.000000
52.299999,0.583006,0.080407,2.416994,-0.080407,0.012931,0.000000,0.000000,0.000000,0.000000,0.000000,0.000000
52.399999,0.582639,0.080228,2.417361,-0.080228,0.012873,0.000000,0.000000,0.000000,0.000000,0.000000,0.000000
52.499999,0.582273,0.080050,2.417727,-0.080050,0.012816,0.000000,0.000000,0.000000,0.000000,0.000000,0.000000
52.599999,0.581907,0.079873,2.418093,-0.079873,0.012759,0.000000,0.000000,0.000000,0.000000,0.000000,0.000000
52.699999,0.581543,0.079697,2.418457,-0.079697,0.012703,0.000000,0.000000,0.000000,0.000000,0.000000,0.000000
52.799999,0.581180,0.079522,2.418820,-0.079522,0.012647,0.000000,0.000000,0.000000,0.000000,0.000000,0.000000
52.899999,0.580818,0.079347,2.419182,-0.079347,0.012592,0.000000,0.000000,0.000000,0.000000,0.000000,0.000000
52.999999,0.580457,0.079173,2.419543,-0.079173,0.012537,0.000000,0.000000,0.000000,0.000000,0.000000,0.000000
53.099999,0.580097,0.079000,2.419903,-0.079000,0.012482,0.000000,0.000000,0.000000,0.000000,0.000000,0.000000
53.199999,0.579738,0.078828,2.420262,-0.078828,0.012428,0.000000,0.000000,0.000000,0.000000,0.000000,0.000000
53.299999,0.579380,0.078657,2.420620,-0.078657,0.012374,0.000000,0.000000,0.000000,0.000000,0.000000,0.000000
53.399999,0.579023,0.078487,2.420977,-0.078487,0.012320,0.000000,0.000000,0.000000,0.000000,0.000000,0.000000
53.499999,0.578667,0.078317,2.421333,-0.078317,0.012267,0.000000,0.000000,0.000000,0.000000,0.000000,0.000000
53.599999,0.578312,0.078148,2.421688,-0.078148,0.012214,0.000000,0.000000,0.000000,0.000000,0.000000,0.000000
53.699999,0.577958,0.077980,2.422042,-0.077980,0.012162,0.000000,0.000000,0.000000,0.000000,0.000000,0.000000
53.799999,0.577606,0.077813,2.422394,-0.077813,0.012110,0.000000,0.000000,0.000000,0.000000,0.000000,0.000000
53.899999,0.577254,0.077646,2.422746,-0.077646,0.012058,0.000000,0.000000,0.000000,0.000000,0.000000,0.000000
53.999999,0.576903,0.077481,2.423097,-0.077481,0.012006,0.000000,0.000000,0.000000,0.000000,0.000000,0.000000
54.099999,0.576553,0.077316,2.423447,-0.077316,0.011955,0.000000,0.000000,0.000000,0.000000,0.000000,0.000000
54.199999,0.576204,0.077151,2.423796,-0.077151,0.011905,0.000000,0.000000,0.000000,0.000000,0.000000,0.000000
54.299999,0.575857,0.076988,2.424143,-0.076988,0.011854,0.000000,0.000000,0.000000,0.000000,0.000000,0.000000
54.399999,0.575510,0.076825,2.424490,-0.076825,0.011804,0.000000,0.000000,0.000000,0.000000,0.000000,0.000000
54.499999,0.575164,0.076663,2.424836,-0.076663,0.011755,0.000000,0.000000,0.000000,0.000000,0.000000,0.000000
54.599999,0.574819,0.076502,2.425181,-0.076502,0.011705,0.000000,0.000000,0.000000,0.000000,0.000000,0.000000
54.699999,0.574475,0.076342,2.425525,-0.076342,0.011656,0.000000,0.000000,0.000000,0.000000,0.000000,0.000000
54.799999,0.574132,0.076182,2.425868,-0.076182,0.011607,0.000000,0.000000,0.000000,0.000000,0.000000,0.000000
54.899999,0.573790,0.076023,2.426210,-0.076023,0.011559,0.000000,0.000000,0.000000,0.000000,0.000000,0.000000
54.999999,0.573449,0.075865,2.426551,-0.075865,0.011511,0.000000,0.000000,0.000000,0.000000,0.000000,0.000000
55.099999,0.573109,0.075707,2.426891,-0.075707,0.011463,0.000000,0.000000,0.000000,0.000000,0.000000,0.000000
55.199999,0.572770,0.075551,2.427230,-0.075551,0.011416,0.000000,0.000000,0.000000,0.000000,0.000000,0.000000
55.299999,0.572432,0.075394,2.427568,-0.075394,0.011369,0.000000,0.000000,0.000000,0.000000,0.000000,0.000000
55.399999,0.572095,0.075239,2.427905,-0.075239,0.011322,0.000000,0.000000,0.000000,0.000000,0.000000,0.000000
55.499999,0.571758,0.075084,2.428242,-0.075084,0.011275,0.000000,0.000000,0.000000,0.000000,0.000000,0.000000
55.599999,0.571423,0.074930,2.428577,-0.074930,0.011229,0.000000,0.000000,0.000000,0.000000,0.000000,0.000000
55.699999,0.571088,0.074777,2.428912,-0.074777,0.011183,0.000000,0.000000,0.000000,0.000000,0.000000,0.000000
55.799999,0.570755,0.074624,2.429245,-0.074624,0.011138,0.000000,0.000000,0.000000,0.000000,0.000000,0.000000
55.899999,0.570422,0.074472,2.429578,-0.074472,0.011092,0.000000,0.000000,0.000000,0.000000,0.000000,0.000000
55.999999,0.570091,0.074321,2.429909,-0.074321,0.011047,0.000000,0.000000,0.000000,0.000000,0.000000,0.000000
56.099999,0.569760,0.074170,2.430240,-0.074170,0.011003,0.000000,0.000000,0.000000,0.000000,0.000000,0.000000
56.199999,0.569430,0.074021,2.430570,-0.074021,0.010958,0.000000,0.000000,0.000000,0.000000,0.000000,0.000000
56.299999,0.569101,0.073871,2.430899,-0.073871,0.010914,0.000000,0.000000,0.000000,0.000000,0.000000,0.000000
56.399999,0.568773,0.073723,2.431227,-0.073723,0.010870,0.000000,0.000000,0.000000,0.000000,0.000000,0.000000
56.499999,0.568445,0.073575,2.431555,-0.073575,0.010826,0.000000,0.000000,0.000000,0.000000,0.000000,0.000000
56.599999,0.568119,0.073427,2.431881,-0.073427,0.010783,0.000000,0.000000,0.000000,0.000000,0.000000,0.000000
56.699999,0.567794,0.073281,2.432206,-0.073281,0.010740,0.000000,0.000000,0.000000,0.000000,0.000000,0.000000
56.799999,0.567469,0.073135,2.432531,-0.073135,0.010697,0.000000,0.000000,0.000000,0.000000,0.000000,0.000000
56.899999,0.567145,0.072989,2.432855,-0.072989,0.010655,0.000000,0.000000,0.000000,0.000000,0.000000,0.000000
56.999999,0.566822,0.072844,2.433178,-0.072844,0.010613,0.000000,0.000000,0.000000,0.000000,0.000000,0.000000
57.099999,0.566500,0.072700,2.433500,-0.072700,0.010571,0.000000,0.000000,0.000000,0.000000,0.000000,0.000000
57.199999,0.566179,0.072557,2.433821,-0.072557,0.010529,0.000000,0.000000,0.000000,0.000000,0.000000,0.000000
57.299999,0.565859,0.072414,2.434141,-0.072414,0.010487,0.000000,0.000000,0.000000,0.000000,0.000000,0.000000
57.399999,0.565540,0.072271,2.434460,-0.072271,0.010446,0.000000,0.000000,0.000000,0.000000,0.000000,0.000000
57.499999,0.565221,0.072130,2.434779,-0.072130,0.010405,0.000000,0.000000,0.000000,0.000000,0.000000,0.000000
57.599999,0.564903,0.071989,2.435097,-0.071989,0.010365,0.000000,0.000000,0.000000,0.000000,0.000000,0.000000
57.699999,0.564586,0.071848,2.435414,-0.071848,0.010324,0.000000,0.000000,0.000000,0.000000,0.000000,0.000000
57.799999,0.564270,0.071708,2.435730,-0.071708,0.010284,0.000000,0.000000,0.000000,0.000000,0.000000,0.000000
57.899999,0.563955,0.071569,2.436045,-0.071569,0.010244,0.000000,0.000000,0.000000,0.000000,0.000000,0.000000
57.999999,0.563641,0.071430,2.436359,-0.071430,0.010205,0.000000,0.000000,0.000000,0.000000,0.000000,0.000000
58.099999,0.563327,0.071292,2.436673,-0.071292,0.010165,0.000000,0.000000,0.000000,0.000000,0.000000,0.000000
58.199999,0.563014,0.071155,2.436986,-0.071155,0.010126,0.000000,0.000000,0.000000,0.000000,0.000000,0.000000
58.299999,0.562702,0.071018,2.437298,-0.071018,0.010087,0.000000,0.000000,0.000000,0.000000,0.000000,0.000000
58.399999,0.562391,0.070881,2.437609,-0.070881,0.010048,0.000000,0.000000,0.000000,0.000000,0.000000,0.000000
58.499999,0.562081,0.070745,2.437919,-0.070745,0.010010,0.000000,0.000000,0.000000,0.000000,0.000000,0.000000
58.599999,0.561772,0.070610,2.438228,-0.070610,0.009972,0.000000,0.000000,0.000000,0.000000,0.000000,0.000000
58.699999,0.561463,0.070475,2.438537,-0.070475,0.009934,0.000000,0.000000,0.000000,0.000000,0.000000,0.000000
58.799999,0.561155,0.070341,2.438845,-0.070341,0.009896,0.000000,0.000000,0.000000,0.000000,0.000000,0.000000
58.899999,0.560848,0.070208,2.439152,-0.070208,0.009858,0.000000,0.000000,0.000000,0.000000,0.000000,0.000000
58.999999,0.560541,0.070075,2.439459,-0.070075,0.009821,0.000000,0.000000,0.000000,0.000000,0.000000,0.000000
59.099999,0.560236,0.069942,2.439764,-0.069942,0.009784,0.000000,0.000000,0.000000,0.000000,0.000000,0.000000
59.199999,0.559931,0.069810,2.440069,-0.069810,0.009747,0.000000,0.000000,0.000000,0.000000,0.000000,0.000000
59.299999,0.559627,0.069679,2.440373,-0.069679,0.009710,0.000000,0.000000,0.000000,0.000000,0.000000,0.000000
59.399999,0.559324,0.069548,2.440676,-0.069548,0.009674,0.000000,0.000000,0.000000,0.000000,0.000000,0.000000
59.499999,0.559022,0.069418,2.440978,-0.069418,0.009638,0.000000,0.000000,0.000000,0.000000,0.000000,0.000000
59.599999,0.558720,0.069288,2.441280,-0.069288,0.009602,0.000000,0.000000,0.000000,0.000000,0.000000,0.000000
59.699999,0.558419,0.069159,2.441581,-0.069159,0.009566,0.000000,0.000000,0.000000,0.000000,0.000000,0.000000
59.799999,0.558119,0.069030,2.441881,-0.069030,0.009530,0.000000,0.000000,0.000000,0.000000,0.000000,0.000000
59.899999,0.557820,0.068902,2.442180,-0.068902,0.009495,0.000000,0.000000,0.000000,0.000000,0.000000,0.000000
59.999999,0.557521,0.068774,2.442479,-0.068774,0.009460,0.000000,0.000000,0.000000,0.000000,0.000000,0.000000
60.099999,0.557223,0.068647,2.442777,-0.068647,0.009425,0.000000,0.000000,0.000000,0.000000,0.000000,0.000000
60.199999,0.556926,0.068521,2.443074,-0.068521,0.009390,0.000000,0.000000,0.000000,0.000000,0.000000,0.000000
60.299999,0.556630,0.068394,2.443370,-0.068394,0.009356,0.000000,0.000000,0.000000,0.000000,0.000000,0.000000
60.399999,0.556334,0.068269,2.443666,-0.068269,0.009321,0.000000,0.000000,0.000000,0.000000,0.000000,0.000000
60.499999,0.556039,0.068144,2.443961,-0.068144,0.009287,0.000000,0.000000,0.000000,0.000000,0.000000,0.000000
60.599999,0.555745,0.068019,2.444255,-0.068019,0.009253,0.000000,0.000000,0.000000,0.000000,0.000000,0.000000
60.699999,0.555451,0.067895,2.444549,-0.067895,0.009219,0.000000,0.000000,0.000000,0.000000,0.000000,0.000000
60.799999,0.555159,0.067771,2.444841,-0.067771,0.009186,0.000000,0.000000,0.000000,0.000000,0.000000,0.000000
60.899999,0.554867,0.067648,2.445133,-0.067648,0.009153,0.000000,0.000000,0.000000,0.000000,0.000000,0.000000
60.999999,0.554576,0.067526,2.445424,-0.067526,0.009119,0.000000,0.000000,0.000000,0.000000,0.000000,0.000000
61.099999,0.554285,0.067403,2.445715,-0.067403,0.009086,0.000000,0.000000,0.000000,0.000000,0.000000,0.000000
61.199999,0.553995,0.067282,2.446005,-0.067282,0.009054,0.000000,0.000000,0.000000,0.000000,0.000000,0.000000
61.299999,0.553706,0.067161,2.446294,-0.067161,0.009021,0.000000,0.000000,0.000000,0.000000,0.000000,0.000000
61.399999,0.553418,0.067040,2.446582,-0.067040,0.008989,0.000000,0.000000,0.000000,0.000000,0.000000,0.000000
61.499999,0.553130,0.066920,2.446870,-0.066920,0.008956,0.000000,0.000000,0.000000,0.000000,0.000000,0.000000
61.599999,0.552843,0.066800,2.447157,-0.066800,0.008924,0.000000,0.000000,0.000000,0.000000,0.000000,0.000000
61.699999,0.552557,0.066680,2.447443,-0.066680,0.008893,0.000000,0.000000,0.000000,0.000000,0.000000,0.000000
61.799999,0.552271,0.066562,2.447729,-0.066562,0.008861,0.000000,0.000000,0.000000,0.000000,0.000000,0.000000
61.899999,0.551986,0.066443,2.448014,-0.066443,0.008829,0.000000,0.000000,0.000000,0.000000,0.000000,0.000000
61.999999,0.551702,0.066325,2.448298,-0.066325,0.008798,0.000000,0.000000,0.000000,0.000000,0.000000,0.000000
62.099999,0.551419,0.066208,2.448581,-0.066208,0.008767,0.000000,0.000000,0.000000,0.000000,0.000000,0.000000
62.199999,0.551136,0.066091,2.448864,-0.066091,0.008736,0.000000,0.000000,0.000000,0.000000,0.000000,0.000000
62.299999,0.550854,0.065974,2.449146,-0.065974,0.008705,0.000000,0.000000,0.000000,0.000000,0.000000,0.000000
62.399999,0.550572,0.065858,2.449428,-0.065858,0.008675,0.000000,0.000000,0.000000,0.000000,0.000000,0.000000
62.499999,0.550291,0.065742,2.449709,-0.065742,0.008644,0.000000,0.000000,0.000000,0.000000,0.000000,0.000000
62.599999,0.550011,0.065627,2.449989,-0.065627,0.008614,0.000000,0.000000,0.000000,0.000000,0.000000,0.000000
62.699999,0.549732,0.065512,2.450268,-0.065512,0.008584,0.000000,0.000000,0.000000,0.000000,0.000000,0.000000
62.799999,0.549453,0.065398,2.450547,-0.065398,0.008554,0.000000,0.000000,0.000000,0.000000,0.000000,0.000000
62.899999,0.549175,0.065284,2.450825,-0.065284,0.008524,0.000000,0.000000,0.000000,0.000000,0.000000,0.000000
62.999999,0.548898,0.065171,2.451102,-0.065171,0.008494,0.000000,0.000000,0.000000,0.000000,0.000000,0.000000
63.099999,0.548621,0.065058,2.451379,-0.065058,0.008465,0.000000,0.000000,0.000000,0.000000,0.000000,0.000000
63.199999,0.548345,0.064945,2.451655,-0.064945,0.008436,0.000000,0.000000,0.000000,0.000000,0.000000,0.000000
63.299999,0.548069,0.064833,2.451931,-0.064833,0.008407,0.000000,0.000000,0.000000,0.000000,0.000000,0.000000
63.399999,0.547794,0.064721,2.452206,-0.064721,0.008378,0.000000,0.000000,0.000000,0.000000,0.000000,0.000000
63.499999,0.547520,0.064610,2.452480,-0.064610,0.008349,0.000000,0.000000,0.000000,0.000000,0.000000,0.000000
63.599999,0.547247,0.064499,2.452753,-0.064499,0.008320,0.000000,0.000000,0.000000,0.000000,0.000000,0.000000
63.699999,0.546974,0.064388,2.453026,-0.064388,0.008292,0.000000,0.000000,0.000000,0.000000,0.000000,0.000000
63.799999,0.546701,0.064278,2.453299,-0.064278,0.008263,0.000000,0.000000,0.000000,0.000000,0.000000,0.000000
63.899999,0.546430,0.064168,2.453570,-0.064168,0.008235,0.000000,0.000000,0.000000,0.000000,0.000000,0.000000
63.999999,0.546159,0.064059,2.453841,-0.064059,0.008207,0.000000,0.000000,0.000000,0.000000,0.000000,0.000000
64.099999,0.545889,0.063950,2.454111,-0.063950,0.008179,0.000000,0.000000,0.000000,0.000000,0.000000,0.000000
64.199999,0.545619,0.063842,2.454381,-0.063842,0.008152,0.000000,0.000000,0.000000,0.000000,0.000000,0.000000
64.299999,0.545350,0.063734,2.454650,-0.063734,0.008124,0.000000,0.000000,0.000000,0.000000,0.000000,0.000000
64.399999,0.545081,0.063626,2.454919,-0.063626,0.008097,0.000000,0.000000,0.000000,0.000000,0.000000,0.000000
64.499999,0.544813,0.063519,2.455187,-0.063519,0.008069,0.000000,0.000000,0.000000,0.000000,0.000000,0.000000
64.599999,0.544546,0.063412,2.455454,-0.063412,0.008042,0.000000,0.000000,0.000000,0.000000,0.000000,0.000000
64.699999,0.544280,0.063305,2.455720,-0.063305,0.008015,0.000000,0.000000,0.000000,0.000000,0.000000,0.000000
64.799999,0.544014,0.063199,2.455986,-0.063199,0.007988,0.000000,0.000000,0.000000,0.000000,0.000000,0.000000
64.899999,0.543748,0.063094,2.456252,-0.063094,0.007962,0.000000,0.000000,0.000000,0.000000,0.000000,0.000000
64.999999,0.543483,0.062988,2.456517,-0.062988,0.007935,0.000000,0.000000,0.000000,0.000000,0.000000,0.000000
65.099999,0.543219,0.062883,2.456781,-0.062883,0.007909,0.000000,0.000000,0.000000,0.000000,0.000000,0.000000
65.199999,0.542956,0.062779,2.457044,-0.062779,0.007882,0.000000,0.000000,0.000000,0.000000,0.000000,0.000000
65.299999,0.542693,0.062675,2.457307,-0.062675,0.007856,0.000000,0.000000,0.000000,0.000000,0.000000,0.000000
65.399999,0.542430,0.062571,2.457570,-0.062571,0.007830,0.000000,0.000000,0.000000,0.000000,0.000000,0.000000
65.499999,0.542169,0.062467,2.457831,-0.062467,0.007804,0.000000,0.000000,0.000000,0.000000,0.000000,0.000000
65.599999,0.541907,0.062364,2.458093,-0.062364,0.007779,0.000000,0.000000,0.000000,0.000000,0.000000,0.000000
65.699999,0.541647,0.062262,2.458353,-0.062262,0.007753,0.000000,0.000000,0.000000,0.000000,0.000000,0.000000
65.799999,0.541387,0.062159,2.458613,-0.062159,0.007728,0.000000,0.000000,0.000000,0.000000,0.000000,0.000000
65.899999,0.541127,0.062057,2.458873,-0.062057,0.007702,0.000000,0.000000,0.000000,0.000000,0.000000,0.000000
65.999999,0.540869,0.061956,2.459131,-0.061956,0.007677,0.000000,0.000000,0.000000,0.000000,0.000000,0.000000
66.099999,0.540610,0.061855,2.459390,-0.061855,0.007652,0.000000,0.000000,0.000000,0.000000,0.000000,0.000000
66.199999,0.540353,0.061754,2.459647,-0.061754,0.007627,0.000000,0.000000,0.000000,0.000000,0.000000,0.000000
66.299999,0.540096,0.061653,2.459904,-0.061653,0.007602,0.000000,0.000000,0.000000,0.000000,0.000000,0.000000
66.399999,0.539839,0.061553,2.460161,-0.061553,0.007578,0.000000,0.000000,0.000000,0.000000,0.000000,0.000000
66.499999,0.539583,0.061453,2.460417,-0.061453,0.007553,0.000000,0.000000,0.000000,0.000000,0.000000,0.000000
66.599999,0.539328,0.061354,2.460672,-0.061354,0.007529,0.000000,0.000000,0.000000,0.000000,0.000000,0.000000
66.699999,0.539073,0.061255,2.460927,-0.061255,0.007504,0.000000,0.000000,0.000000,0.000000,0.000000,0.000000
66.799999,0.538819,0.061156,2.461181,-0.061156,0.007480,0.000000,0.000000,0.000000,0.000000,0.000000,0.000000
66.899999,0.538565,0.061058,2.461435,-0.061058,0.007456,0.000000,0.000000,0.000000,0.000000,0.000000,0.000000
66.999999,0.538312,0.060960,2.461688,-0.060960,0.007432,0.000000,0.000000,0.000000,0.000000,0.000000,0.000000
67.099999,0.538059,0.060862,2.461941,-0.060862,0.007408,0.000000,0.000000,0.000000,0.000000,0.000000,0.000000
67.199998,0.537807,0.060764,2.462193,-0.060764,0.007385,0.000000,0.000000,0.000000,0.000000,0.000000,0.000000
67.299998,0.537556,0.060667,2.462444,-0.060667,0.007361,0.000000,0.000000,0.000000,0.000000,0.000000,0.000000
67.399998,0.537305,0.060571,2.462695,-0.060571,0.007338,0.000000,0.000000,0.000000,0.000000,0.000000,0.000000
67.499998,0.537055,0.060474,2.462945,-0.060474,0.007314,0.000000,0.000000,0.000000,0.000000,0.000000,0.000000
67.599998,0.536805,0.060378,2.463195,-0.060378,0.007291,0.000000,0.000000,0.000000,0.000000,0.000000,0.000000
67.699998,0.536555,0.060283,2.463445,-0.060283,0.007268,0.000000,0.000000,0.000000,0.000000,0.000000,0.000000
67.799998,0.536307,0.060187,2.463693,-0.060187,0.007245,0.000000,0.000000,0.000000,0.000000,0.000000,0.000000
67.899998,0.536059,0.060092,2.463941,-0.060092,0.007222,0.000000,0.000000,0.000000,0.000000,0.000000,0.000000
67.999998,0.535811,0.059998,2.464189,-0.059998,0.007199,0.000000,0.000000,0.000000,0.000000,0.000000,0.000000
68.099998,0.535564,0.059903,2.464436,-0.059903,0.007177,0.000000,0.000000,0.000000,0.000000,0.000000,0.000000
68.199998,0.535317,0.059809,2.464683,-0.059809,0.007154,0.000000,0.000000,0.000000,0.000000,0.000000,0.000000
68.299998,0.535071,0.059716,2.464929,-0.059716,0.007132,0.000000,0.000000,0.000000,0.000000,0.000000,0.000000
68.399998,0.534826,0.059622,2.465174,-0.059622,0.007110,0.000000,0.000000,0.000000,0.000000,0.000000,0.000000
68.499998,0.534581,0.059529,2.465419,-0.059529,0.007087,0.000000,0.000000,0.000000,0.000000,0.000000,0.000000
68.599998,0.534336,0.059436,2.465664,-0.059436,0.007065,0.000000,0.000000,0.000000,0.000000,0.000000,0.000000
68.699998,0.534092,0.059344,2.465908,-0.059344,0.007043,0.000000,0.000000,0.000000,0.000000,0.000000,0.000000
68.799998,0.533849,0.059252,2.466151,-0.059252,0.007022,0.000000,0.000000,0.000000,0.000000,0.000000,0.000000
68.899998,0.533606,0.059160,2.466394,-0.059160,0.007000,0.000000,0.000000,0.000000,0.000000,0.000000,0.000000
68.999998,0.533364,0.059068,2.466636,-0.059068,0.006978,0.000000,0.000000,0.000000,0.000000,0.000000,0.000000
69.099998,0.533122,0.058977,2.466878,-0.058977,0.006957,0.000000,0.000000,0.000000,0.000000,0.000000,0.000000
69.199998,0.532881,0.058886,2.467119,-0.058886,0.006935,0.000000,0.000000,0.000000,0.000000,0.000000,0.000000
69.299998,0.532640,0.058796,2.467360,-0.058796,0.006914,0.000000,0.000000,0.000000,0.000000,0.000000,0.000000
69.399998,0.532399,0.058705,2.467601,-0.058705,0.006893,0.000000,0.000000,0.000000,0.000000,0.000000,0.000000
69.499998,0.532160,0.058615,2.467840,-0.058615,0.006872,0.000000,0.000000,0.000000,0.000000,0.000000,0.000000
69.599998,0.531920,0.058526,2.468080,-0.058526,0.006851,0.000000,0.000000,0.000000,0.000000,0.000000,0.000000
69.699998,0.531682,0.058436,2.468318,-0.058436,0.006830,0.000000,0.000000,0.000000,0.000000,0.000000,0.000000
69.799998,0.531443,0.058347,2.468557,-0.058347,0.006809,0.000000,0.000000,0.000000,0.000000,0.000000,0.000000
69.899998,0.531205,0.058258,2.468795,-0.058258,0.006788,0.000000,0.000000,0.000000,0.000000,0.000000,0.000000
69.999998,0.530968,0.058170,2.469032,-0.058170,0.006767,0.000000,0.000000,0.000000,0.000000,0.000000,0.000000
70.099998,0.530731,0.058082,2.469269,-0.058082,0.006747,0.000000,0.000000,0.000000,0.000000,0.000000,0.000000
70.199998,0.530495,0.057994,2.469505,-0.057994,0.006727,0.000000,0.000000,0.000000,0.000000,0.000000,0.000000
70.299998,0.530259,0.057906,2.469741,-0.057906,0.006706,0.000000,0.000000,0.000000,0.000000,0.000000,0.000000
70.399998,0.530024,0.057819,2.469976,-0.057819,0.006686,0.000000,0.000000,0.000000,0.000000,0.000000,0.000000
70.499998,0.529789,0.057732,2.470211,-0.057732,0.006666,0.000000,0.000000,0.000000,0.000000,0.000000,0.000000
70.599998,0.529555,0.057645,2.470445,-0.057645,0.006646,0.000000,0.000000,0.000000,0.000000,0.000000,0.000000
70.699998,0.529321,0.057559,2.470679,-0.057559,0.006626,0.000000,0.000000,0.000000,0.000000,0.000000,0.000000
70.799998,0.529088,0.057472,2.470912,-0.057472,0.006606,0.000000,0.000000,0.000000,0.000000,0.000000,0.000000
70.899998,0.528855,0.057386,2.471145,-0.057386,0.006586,0.000000,0.000000,0.000000,0.000000,0.000000,0.000000
70.999998,0.528622,0.057301,2.471378,-0.057301,0.006567,0.000000,0.000000,0.000000,0.000000,0.000000,0.000000
71.099998,0.528390,0.057215,2.471610,-0.057215,0.006547,0.000000,0.000000,0.000000,0.000000,0.000000,0.000000
71.199998,0.528159,0.057130,2.471841,-0.057130,0.006528,0.000000,0.000000,0.000000,0.000000,0.000000,0.000000
71.299998,0.527928,0.057046,2.472072,-0.057046,0.006508,0.000000,0.000000,0.000000,0.000000,0.000000,0.000000
71.399998,0.527697,0.056961,2.472303,-0.056961,0.006489,0.000000,0.000000,0.000000,0.000000,0.000000,0.000000
71.499998,0.527467,0.056877,2.472533,-0.056877,0.006470,0.000000,0.000000,0.000000,0.000000,0.000000,0.000000
71.599998,0.527238,0.056793,2.472762,-0.056793,0.006451,0.000000,0.000000,0.000000,0.000000,0.000000,0.000000
71.699998,0.527009,0.056709,2.472991,-0.056709,0.006432,0.000000,0.000000,0.000000,0.000000,0.000000,0.000000
71.799998,0.526780,0.056626,2.473220,-0.056626,0.006413,0.000000,0.000000,0.000000,0.000000,0.000000,0.000000
71.899998,0.526552,0.056542,2.473448,-0.056542,0.006394,0.000000,0.000000,0.000000,0.000000,0.000000,0.000000
71.999998,0.526324,0.056460,2.473676,-0.056460,0.006375,0.000000,0.000000,0.000000,0.000000,0.000000,0.000000
72.099998,0.526097,0.056377,2.473903,-0.056377,0.006357,0.000000,0.000000,0.000000,0.000000,0.000000,0.000000
72.199998,0.525870,0.056295,2.474130,-0.056295,0.006338,0.000000,0.000000,0.000000,0.000000,0.000000,0.000000
72.299998,0.525644,0.056212,2.474356,-0.056212,0.006320,0.000000,0.000000,0.000000,0.000000,0.000000,0.000000
72.399998,0.525418,0.056131,2.474582,-0.056131,0.006301,0.000000,0.000000,0.000000,0.000000,0.000000,0.000000
72.499998,0.525192,0.056049,2.474808,-0.056049,0.006283,0.000000,0.000000,0.000000,0.000000,0.000000,0.000000
72.599998,0.524967,0.055968,2.475033,-0.055968,0.006265,0.000000,0.000000,0.000000,0.000000,0.000000,0.000000
72.699998,0.524743,0.055887,2.475257,-0.055887,0.006247,0.000000,0.000000,0.000000,0.000000,0.000000,0.000000
72.799998,0.524519,0.055806,2.475481,-0.055806,0.006229,0.000000,0.000000,0.000000,0.000000,0.000000,0.000000
72.899998,0.524295,0.055725,2.475705,-0.055725,0.006211,0.000000,0.000000,0.000000,0.000000,0.000000,0.000000
72.999998,0.524072,0.055645,2.475928,-0.055645,0.006193,0.000000,0.000000,0.000000,0.000000,0.000000,0.000000
73.099998,0.523849,0.055565,2.476151,-0.055565,0.006175,0.000000,0.000000,0.000000,0.000000,0.000000,0.000000
73.199998,0.523627,0.055485,2.476373,-0.055485,0.006157,0.000000,0.000000,0.000000,0.000000,0.000000,0.000000
73.299998,0.523405,0.055405,2.476595,-0.055405,0.006140,0.000000,0.000000,0.000000,0.000000,0.000000,0.000000
73.399998,0.523184,0.055326,2.476816,-0.055326,0.006122,0.000000,0.000000,0.000000,0.000000,0.000000,0.000000
73.499998,0.522963,0.055247,2.477037,-0.055247,0.006104,0.000000,0.000000,0.000000,0.000000,0.000000,0.000000
73.599998,0.522742,0.055168,2.477258,-0.055168,0.006087,0.000000,0.000000,0.000000,0.000000,0.000000,0.000000
73.699998,0.522522,0.055090,2.477478,-0.055090,0.006070,0.000000,0.000000,0.000000,0.000000,0.000000,0.000000
73.799998,0.522302,0.055011,2.477698,-0.055011,0.006052,0.000000,0.000000,0.000000,0.000000,0.000000,0.000000
73.899998,0.522083,0.054933,2.477917,-0.054933,0.006035,0.000000,0.000000,0.000000,0.000000,0.000000,0.000000
73.999998,0.521864,0.054855,2.478136,-0.054855,0.006018,0.000000,0.000000,0.000000,0.000000,0.000000,0.000000
74.099998,0.521646,0.054778,2.478354,-0.054778,0.006001,0.000000,0.000000,0.000000,0.000000,0.000000,0.000000
74.199998,0.521428,0.054700,2.478572,-0.054700,0.005984,0.000000,0.000000,0.000000,0.000000,0.000000,0.000000
74.299998,0.521210,0.054623,2.478790,-0.054623,0.005967,0.000000,0.000000,0.000000,0.000000,0.000000,0.000000
74.399998,0.520993,0.054546,2.479007,-0.054546,0.005951,0.000000,0.000000,0.000000,0.000000,0.000000,0.000000
74.499998,0.520777,0.054470,2.479223,-0.054470,0.005934,0.000000,0.000000,0.000000,0.000000,0.000000,0.000000
74.599998,0.520560,0.054393,2.479440,-0.054393,0.005917,0.000000,0.000000,0.000000,0.000000,0.000000,0.000000
74.699998,0.520344,0.054317,2.479656,-0.054317,0.005901,0.000000,0.000000,0.000000,0.000000,0.000000,0.000000
74.799998,0.520129,0.054241,2.479871,-0.054241,0.005884,0.000000,0.000000,0.000000,0.000000,0.000000,0.000000
74.899998,0.519914,0.054165,2.480086,-0.054165,0.005868,0.000000,0.000000,0.000000,0.000000,0.000000,0.000000
74.999998,0.519699,0.054090,2.480301,-0.054090,0.005851,0.000000,0.000000,0.000000,0.000000,0.000000,0.000000
75.099998,0.519485,0.054015,2.480515,-0.054015,0.005835,0.000000,0.000000,0.000000,0.000000,0.000000,0.000000
75.199998,0.519271,0.053940,2.480729,-0.053940,0.005819,0.000000,0.000000,0.000000,0.000000,0.000000,0.000000
75.299998,0.519058,0.053865,2.480942,-0.053865,0.005803,0.000000,0.000000,0.000000,0.000000,0.000000,0.000000
75.399998,0.518845,0.053790,2.481155,-0.053790,0.005787,0.000000,0.000000,0.000000,0.000000,0.000000,0.000000
75.499998,0.518632,0.053716,2.481368,-0.053716,0.005771,0.000000,0.000000,0.000000,0.000000,0.000000,0.000000
75.599998,0.518420,0.053642,2.481580,-0.053642,0.005755,0.000000,0.000000,0.000000,0.000000,0.000000,0.000000
75.699998,0.518209,0.053568,2.481791,-0.053568,0.005739,0.000000,0.000000,0.000000,0.000000,0.000000,0.000000
75.799998,0.517997,0.053494,2.482003,-0.053494,0.005723,0.000000,0.000000,0.000000,0.000000,0.000000,0.000000
75.899998,0.517786,0.053421,2.482214,-0.053421,0.005708,0.000000,0.000000,0.000000,0.000000,0.000000,0.000000
75.999998,0.517576,0.053347,2.482424,-0.053347,0.005692,0.000000,0.000000,0.000000,0.000000,0.000000,0.000000
76.099998,0.517366,0.053274,2.482634,-0.053274,0.005676,0.000000,0.000000,0.000000,0.000000,0.000000,0.000000
76.199998,0.517156,0.053201,2.482844,-0.053201,0.005661,0.000000,0.000000,0.000000,0.000000,0.000000,0.000000
76.299998,0.516946,0.053129,2.483054,-0.053129,0.005645,0.000000,0.000000,0.000000,0.000000,0.000000,0.000000
76.399998,0.516737,0.053056,2.483263,-0.053056,0.005630,0.000000,0.000000,0.000000,0.000000,0.000000,0.000000
76.499998,0.516529,0.052984,2.483471,-0.052984,0.005615,0.000000,0.000000,0.000000,0.000000,0.000000,0.000000
76.599998,0.516321,0.052912,2.483679,-0.052912,0.005599,0.000000,0.000000,0.000000,0.000000,0.000000,0.000000
76.699998,0.516113,0.052841,2.483887,-0.052841,0.005584,0.000000,0.000000,0.000000,0.000000,0.000000,0.000000
76.799998,0.515906,0.052769,2.484094,-0.052769,0.005569,0.000000,0.000000,0.000000,0.000000,0.000000,0.000000
76.899998,0.515699,0.052698,2.484301,-0.052698,0.005554,0.000000,0.000000,0.000000,0.000000,0.000000,0.000000
76.999998,0.515492,0.052627,2.484508,-0.052627,0.005539,0.000000,0.000000,0.000000,0.000000,0.000000,0.000000
77.099998,0.515286,0.052556,2.484714,-0.052556,0.005524,0.000000,0.000000,0.000000,0.000000,0.000000,0.000000
77.199998,0.515080,0.052485,2.484920,-0.052485,0.005509,0.000000,0.000000,0.000000,0.000000,0.000000,0.000000
77.299998,0.514874,0.052414,2.485126,-0.052414,0.005495,0.000000,0.000000,0.000000,0.000000,0.000000,0.000000
77.399998,0.514669,0.052344,2.485331,-0.052344,0.005480,0.000000,0.000000,0.000000,0.000000,0.000000,0.000000
77.499998,0.514465,0.052274,2.485535,-0.052274,0.005465,0.000000,0.000000,0.000000,0.000000,0.000000,0.000000
77.599998,0.514260,0.052204,2.485740,-0.052204,0.005451,0.000000,0.000000,0.000000,0.000000,0.000000,0.000000
77.699998,0.514056,0.052135,2.485944,-0.052135,0.005436,0.000000,0.000000,0.000000,0.000000,0.000000,0.000000
77.799998,0.513853,0.052065,2.486147,-0.052065,0.005422,0.000000,0.000000,0.000000,0.000000,0.000000,0.000000
77.899998,0.513649,0.051996,2.486351,-0.051996,0.005407,0.000000,0.000000,0.000000,0.000000,0.000000,0.000000
77.999998,0.513447,0.051927,2.486553,-0.051927,0.005393,0.000000,0.000000,0.000000,0.000000,0.000000,0.000000
78.099998,0.513244,0.051858,2.486756,-0.051858,0.005378,0.000000,0.000000,0.000000,0.000000,0.000000,0.000000
78.199998,0.513042,0.051789,2.486958,-0.051789,0.005364,0.000000,0.000000,0.000000,0.000000,0.000000,0.000000
78.299998,0.512840,0.051721,2.487160,-0.051721,0.005350,0.000000,0.000000,0.000000,0.000000,0.000000,0.000000
78.399998,0.512639,0.051653,2.487361,-0.051653,0.005336,0.000000,0.000000,0.000000,0.000000,0.000000,0.000000
78.499998,0.512438,0.051584,2.487562,-0.051584,0.005322,0.000000,0.000000,0.000000,0.000000,0.000000,0.000000
78.599998,0.512237,0.051517,2.487763,-0.051517,0.005308,0.000000,0.000000,0.000000,0.000000,0.000000,0.000000
78.699998,0.512037,0.051449,2.487963,-0.051449,0.005294,0.000000,0.000000,0.000000,0.000000,0.000000,0.000000
78.799998,0.511837,0.051381,2.488163,-0.051381,0.005280,0.000000,0.000000,0.000000,0.000000,0.000000,0.000000
78.899998,0.511638,0.051314,2.488362,-0.051314,0.005266,0.000000,0.000000,0.000000,0.000000,0.000000,0.000000
78.999998,0.511438,0.051247,2.488562,-0.051247,0.005253,0.000000,0.000000,0.000000,0.000000,0.000000,0.000000
79.099998,0.511240,0.051180,2.488760,-0.051180,0.005239,0.000000,0.000000,0.000000,0.000000,0.000000,0.000000
79.199998,0.511041,0.051113,2.488959,-0.051113,0.005225,0.000000,0.000000,0.000000,0.000000,0.000000,0.000000
79.299998,0.510843,0.051047,2.489157,-0.051047,0.005212,0.000000,0.000000,0.000000,0.000000,0.000000,0.000000
79.399998,0.510645,0.050980,2.489355,-0.050980,0.005198,0.000000,0.000000,0.000000,0.000000,0.000000,0.000000
79.499998,0.510448,0.050914,2.489552,-0.050914,0.005185,0.000000,0.000000,0.000000,0.000000,0.000000,0.000000
79.599998,0.510251,0.050848,2.489749,-0.050848,0.005171,0.000000,0.000000,0.000000,0.000000,0.000000,0.000000
79.699998,0.510054,0.050782,2.489946,-0.050782,0.005158,0.000000,0.000000,0.000000,0.000000,0.000000,0.000000
79.799998,0.509858,0.050717,2.490142,-0.050717,0.005144,0.000000,0.000000,0.000000,0.000000,0.000000,0.000000
79.899998,0.509662,0.050651,2.490338,-0.050651,0.005131,0.000000,0.000000,0.000000,0.000000,0.000000,0.000000
79.999998,0.509466,0.050586,2.490534,-0.050586,0.005118,0.000000,0.000000,0.000000,0.000000,0.000000,0.000000
80.099998,0.509271,0.050521,2.490729,-0.050521,0.005105,0.000000,0.000000,0.000000,0.000000,0.000000,0.000000
80.199998,0.509076,0.050456,2.490924,-0.050456,0.005092,0.000000,0.000000,0.000000,0.000000,0.000000,0.000000
80.299998,0.508881,0.050392,2.491119,-0.050392,0.005079,0.000000,0.000000,0.000000,0.000000,0.000000,0.000000
80.399998,0.508687,0.050327,2.491313,-0.050327,0.005066,0.000000,0.000000,0.000000,0.000000,0.000000,0.000000
80.499998,0.508493,0.050263,2.491507,-0.050263,0.005053,0.000000,0.000000,0.000000,0.000000,0.000000,0.000000
80.599998,0.508300,0.050199,2.491700,-0.050199,0.005040,0.000000,0.000000,0.000000,0.000000,0.000000,0.000000
80.699998,0.508107,0.050135,2.491893,-0.050135,0.005027,0.000000,0.000000,0.000000,0.000000,0.000000,0.000000
80.799998,0.507914,0.050071,2.492086,-0.050071,0.005014,0.000000,0.000000,0.000000,0.000000,0.000000,0.000000
80.899998,0.507721,0.050007,2.492279,-0.050007,0.005001,0.000000,0.000000,0.000000,0.000000,0.000000,0.000000
80.999998,0.507529,0.049944,2.492471,-0.049944,0.004989,0.000000,0.000000,0.000000,0.000000,0.000000,0.000000
81.099998,0.507337,0.049881,2.492663,-0.049881,0.004976,0.000000,0.000000,0.000000,0.000000,0.000000,0.000000
81.199998,0.507146,0.049817,2.492854,-0.049817,0.004964,0.000000,0.000000,0.000000,0.000000,0.000000,0.000000
81.299998,0.506954,0.049754,2.493046,-0.049754,0.004951,0.000000,0.000000,0.000000,0.000000,0.000000,0.000000
81.399998,0.506763,0.049692,2.493237,-0.049692,0.004939,0.000000,0.000000,0.000000,0.000000,0.000000,0.000000
81.499998,0.506573,0.049629,2.493427,-0.049629,0.004926,0.000000,0.000000,0.000000,0.000000,0.000000,0.000000
81.599998,0.506383,0.049567,2.493617,-0.049567,0.004914,0.000000,0.000000,0.000000,0.000000,0.000000,0.000000
81.699998,0.506193,0.049505,2.493807,-0.049505,0.004901,0.000000,0.000000,0.000000,0.000000,0.000000,0.000000
81.799998,0.506003,0.049442,2.493997,-0.049442,0.004889,0.000000,0.000000,0.000000,0.000000,0.000000,0.000000
81.899998,0.505814,0.049381,2.494186,-0.049381,0.004877,0.000000,0.000000,0.000000,0.000000,0.000000,0.000000
81.999998,0.505625,0.049319,2.494375,-0.049319,0.004865,0.000000,0.000000,0.000000,0.000000,0.000000,0.000000
82.099998,0.505437,0.049257,2.494563,-0.049257,0.004853,0.000000,0.000000,0.000000,0.000000,0.000000,0.000000
82.199998,0.505248,0.049196,2.494752,-0.049196,0.004840,0.000000,0.000000,0.000000,0.000000,0.000000,0.000000
82.299998,0.505060,0.049135,2.494940,-0.049135,0.004828,0.000000,0.000000,0.000000,0.000000,0.000000,0.000000
82.399998,0.504873,0.049074,2.495127,-0.049074,0.004816,0.000000,0.000000,0.000000,0.000000,0.000000,0.000000
82.499998,0.504686,0.049013,2.495314,-0.049013,0.004804,0.000000,0.000000,0.000000,0.000000,0.000000,0.000000
82.599998,0.504499,0.048952,2.495501,-0.048952,0.004793,0.000000,0.000000,0.000000,0.000000,0.000000,0.000000
82.699998,0.504312,0.048891,2.495688,-0.048891,0.004781,0.000000,0.000000,0.000000,0.000000,0.000000,0.000000
82.799998,0.504126,0.048831,2.495874,-0.048831,0.004769,0.000000,0.000000,0.000000,0.000000,0.000000,0.000000
82.899998,0.503940,0.048771,2.496060,-0.048771,0.004757,0.000000,0.000000,0.000000,0.000000,0.000000,0.000000
82.999998,0.503754,0.048711,2.496246,-0.048711,0.004745,0.000000,0.000000,0.000000,0.000000,0.000000,0.000000
83.099998,0.503569,0.048651,2.496431,-0.048651,0.004734,0.000000,0.000000,0.000000,0.000000,0.000000,0.000000
83.199998,0.503384,0.048591,2.496616,-0.048591,0.004722,0.000000,0.000000,0.000000,0.000000,0.000000,0.000000
83.299998,0.503199,0.048531,2.496801,-0.048531,0.004711,0.000000,0.000000,0.000000,0.000000,0.000000,0.000000
83.399998,0.503014,0.048472,2.496986,-0.048472,0.004699,0.000000,0.000000,0.000000,0.000000,0.000000,0.000000
83.499998,0.502830,0.048413,2.497170,-0.048413,0.004688,0.000000,0.000000,0.000000,0.000000,0.000000,0.000000
83.599998,0.502647,0.048354,2.497353,-0.048354,0.004676,0.000000,0.000000,0.000000,0.000000,0.000000,0.000000
83.699998,0.502463,0.048295,2.497537,-0.048295,0.004665,0.000000,0.000000,0.000000,0.000000,0.000000,0.000000
83.799998,0.502280,0.048236,2.497720,-0.048236,0.004653,0.000000,0.000000,0.000000,0.000000,0.000000,0.000000
83.899998,0.502097,0.048177,2.497903,-0.048177,0.004642,0.000000,0.000000,0.000000,0.000000,0.000000,0.000000
83.999998,0.501914,0.048119,2.498086,-0.048119,0.004631,0.000000,0.000000,0.000000,0.000000,0.000000,0.000000
84.099998,0.501732,0.048060,2.498268,-0.048060,0.004620,0.000000,0.000000,0.000000,0.000000,0.000000,0.000000
84.199998,0.501550,0.048002,2.498450,-0.048002,0.004608,0.000000,0.000000,0.000000,0.000000,0.000000,0.000000
84.299998,0.501369,0.047944,2.498631,-0.047944,0.004597,0.000000,0.000000,0.000000,0.000000,0.000000,0.000000
84.399998,0.501187,0.047886,2.498813,-0.047886,0.004586,0.000000,0.000000,0.000000,0.000000,0.000000,0.000000
84.499998,0.501006,0.047828,2.498994,-0.047828,0.004575,0.000000,0.000000,0.000000,0.000000,0.000000,0.000000
84.599998,0.500825,0.047771,2.499175,-0.047771,0.004564,0.000000,0.000000,0.000000,0.000000,0.000000,0.000000
84.699998,0.500645,0.047713,2.499355,-0.047713,0.004553,0.000000,0.000000,0.000000,0.000000,0.000000,0.000000
84.799998,0.500465,0.047656,2.499535,-0.047656,0.004542,0.000000,0.000000,0.000000,0.000000,0.000000,0.000000
84.899998,0.500285,0.047599,2.499715,-0.047599,0.004531,0.000000,0.000000,0.000000,0.000000,0.000000,0.000000
84.999998,0.500105,0.047542,2.499895,-0.047542,0.004520,0.000000,0.000000,0.000000,0.000000,0.000000,0.000000
85.099998,0.499926,0.047485,2.500074,-0.047485,0.004510,0.000000,0.000000,0.000000,0.000000,0.000000,0.000000
85.199998,0.499747,0.047428,2.500253,-0.047428,0.004499,0.000000,0.000000,0.000000,0.000000,0.000000,0.000000
85.299998,0.499568,0.047372,2.500432,-0.047372,0.004488,0.000000,0.000000,0.000000,0.000000,0.000000,0.000000
85.399998,0.499390,0.047315,2.500610,-0.047315,0.004477,0.000000,0.000000,0.000000,0.000000,0.000000,0.000000
85.499998,0.499212,0.047259,2.500788,-0.047259,0.004467,0.000000,0.000000,0.000000,0.000000,0.000000,0.000000
85.599998,0.499034,0.047203,2.500966,-0.047203,0.004456,0.000000,0.000000,0.000000,0.000000,0.000000,0.000000
85.699998,0.498857,0.047147,2.501143,-0.047147,0.004446,0.000000,0.000000,0.000000,0.000000,0.000000,0.000000
85.799998,0.498680,0.047091,2.501320,-0.047091,0.004435,0.000000,0.000000,0.000000,0.000000,0.000000,0.000000
85.899998,0.498503,0.047036,2.501497,-0.047036,0.004425,0.000000,0.000000,0.000000,0.000000,0.000000,0.000000
85.999998,0.498326,0.046980,2.501674,-0.046980,0.004414,0.000000,0.000000,0.000000,0.000000,0.000000,0.000000
86.099998,0.498150,0.046925,2.501850,-0.046925,0.004404,0.000000,0.000000,0.000000,0.000000,0.000000,0.000000
86.199998,0.497974,0.046869,2.502026,-0.046869,0.004393,0.000000,0.000000,0.000000,0.000000,0.000000,0.000000
86.299998,0.497798,0.046814,2.502202,-0.046814,0.004383,0.000000,0.000000,0.000000,0.000000,0.000000,0.000000
86.399998,0.497622,0.046759,2.502378,-0.046759,0.004373,0.000000,0.000000,0.000000,0.000000,0.000000,0.000000
86.499998,0.497447,0.046705,2.502553,-0.046705,0.004363,0.000000,0.000000,0.000000,0.000000,0.000000,0.000000
86.599998,0.497272,0.046650,2.502728,-0.046650,0.004352,0.000000,0.000000,0.000000,0.000000,0.000000,0.000000
86.699998,0.497098,0.046595,2.502902,-0.046595,0.004342,0.000000,0.000000,0.000000,0.000000,0.000000,0.000000
86.799998,0.496923,0.046541,2.503077,-0.046541,0.004332,0.000000,0.000000,0.000000,0.000000,0.000000,0.000000
86.899998,0.496749,0.046487,2.503251,-0.046487,0.004322,0.000000,0.000000,0.000000,0.000000,0.000000,0.000000
86.999998,0.496575,0.046432,2.503425,-0.046432,0.004312,0.000000,0.000000,0.000000,0.000000,0.000000,0.000000
87.099998,0.496402,0.046378,2.503598,-0.046378,0.004302,0.000000,0.000000,0.000000,0.000000,0.000000,0.000000
87.199998,0.496229,0.046325,2.503771,-0.046325,0.004292,0.000000,0.000000,0.000000,0.000000,0.000000,0.000000
87.299998,0.496056,0.046271,2.503944,-0.046271,0.004282,0.000000,0.000000,0.000000,0.000000,0.000000,0.000000
87.399998,0.495883,0.046217,2.504117,-0.046217,0.004272,0.000000,0.000000,0.000000,0.000000,0.000000,0.000000
87.499998,0.495710,0.046164,2.504290,-0.046164,0.004262,0.000000,0.000000,0.000000,0.000000,0.000000,0.000000
87.599998,0.495538,0.046111,2.504462,-0.046111,0.004252,0.000000,0.000000,0.000000,0.000000,0.000000,0.000000
87.699998,0.495366,0.046057,2.504634,-0.046057,0.004243,0.000000,0.000000,0.000000,0.000000,0.000000,0.000000
87.799998,0.495195,0.046004,2.504805,-0.046004,0.004233,0.000000,0.000000,0.000000,0.000000,0.000000,0.000000
87.899998,0.495024,0.045951,2.504976,-0.045951,0.004223,0.000000,0.000000,0.000000,0.000000,0.000000,0.000000
87.999998,0.494852,0.045899,2.505148,-0.045899,0.004213,0.000000,0.000000,0.000000,0.000000,0.000000,0.000000
88.099998,0.494682,0.045846,2.505318,-0.045846,0.004204,0.000000,0.000000,0.000000,0.000000,0.000000,0.000000
88.199998,0.494511,0.045793,2.505489,-0.045793,0.004194,0.000000,0.000000,0.000000,0.000000,0.000000,0.000000
88.299998,0.494341,0.045741,2.505659,-0.045741,0.004184,0.000000,0.000000,0.000000,0.000000,0.000000,0.000000
88.399998,0.494171,0.045689,2.505829,-0.045689,0.004175,0.000000,0.000000,0.000000,0.000000,0.000000,0.000000
88.499998,0.494001,0.045637,2.505999,-0.045637,0.004165,0.000000,0.000000,0.000000,0.000000,0.000000,0.000000
88.599998,0.493832,0.045585,2.506168,-0.045585,0.004156,0.000000,0.000000,0.000000,0.000000,0.000000,0.000000
88.699998,0.493663,0.045533,2.506337,-0.045533,0.004146,0.000000,0.000000,0.000000,0.000000,0.000000,0.000000
88.799998,0.493494,0.045481,2.506506,-0.045481,0.004137,0.000000,0.000000,0.000000,0.000000,0.000000,0.000000
88.899998,0.493325,0.045429,2.506675,-0.045429,0.004128,0.000000,0.000000,0.000000,0.000000,0.000000,0.000000
88.999998,0.493157,0.045378,2.506843,-0.045378,0.004118,0.000000,0.000000,0.000000,0.000000,0.000000,0.000000
89.099998,0.492989,0.045326,2.507011,-0.045326,0.004109,0.000000,0.000000,0.000000,0.000000,0.000000,0.000000
89.199998,0.492821,0.045275,2.507179,-0.045275,0.004100,0.000000,0.000000,0.000000,0.000000,0.000000,0.000000
89.299998,0.492653,0.045224,2.507347,-0.045224,0.004090,0.000000,0.000000,0.000000,0.000000,0.000000,0.000000
89.399998,0.492486,0.045173,2.507514,-0.045173,0.004081,0.000000,0.000000,0.000000,0.000000,0.000000,0.000000
89.499998,0.492319,0.045122,2.507681,-0.045122,0.004072,0.000000,0.000000,0.000000,0.000000,0.000000,0.000000
89.599998,0.492152,0.045071,2.507848,-0.045071,0.004063,0.000000,0.000000,0.000000,0.000000,0.000000,0.000000
89.699998,0.491985,0.045021,2.508015,-0.045021,0.004054,0.000000,0.000000,0.000000,0.000000,0.000000,0.000000
89.799998,0.491819,0.044970,2.508181,-0.044970,0.004045,0.000000,0.000000,0.000000,0.000000,0.000000,0.000000
89.899998,0.491653,0.044920,2.508347,-0.044920,0.004036,0.000000,0.000000,0.000000,0.000000,0.000000,0.000000
89.999998,0.491487,0.044870,2.508513,-0.044870,0.004027,0.000000,0.000000,0.000000,0.000000,0.000000,0.000000
90.099998,0.491322,0.044820,2.508678,-0.044820,0.004018,0.000000,0.000000,0.000000,0.000000,0.000000,0.000000
90.199998,0.491156,0.044770,2.508844,-0.044770,0.004009,0.000000,0.000000,0.000000,0.000000,0.000000,0.000000
90.299998,0.490991,0.044720,2.509009,-0.044720,0.004000,0.000000,0.000000,0.000000,0.000000,0.000000,0.000000
90.399998,0.490827,0.044670,2.509173,-0.044670,0.003991,0.000000,0.000000,0.000000,0.000000,0.000000,0.000000
90.499998,0.490662,0.044620,2.509338,-0.044620,0.003982,0.000000,0.000000,0.000000,0.000000,0.000000,0.000000
90.599998,0.490498,0.044571,2.509502,-0.044571,0.003973,0.000000,0.000000,0.000000,0.000000,0.000000,0.000000
90.699998,0.490334,0.044521,2.509666,-0.044521,0.003964,0.000000,0.000000,0.000000,0.000000,0.000000,0.000000
90.799998,0.490170,0.044472,2.509830,-0.044472,0.003956,0.000000,0.000000,0.000000,0.000000,0.000000,0.000000
90.899998,0.490007,0.044423,2.509993,-0.044423,0.003947,0.000000,0.000000,0.000000,0.000000,0.000000,0.000000
90.999998,0.489843,0.044374,2.510157,-0.044374,0.003938,0.000000,0.000000,0.000000,0.000000,0.000000,0.000000
91.099998,0.489680,0.044325,2.510320,-0.044325,0.003929,0.000000,0.000000,0.000000,0.000000,0.000000,0.000000
91.199998,0.489518,0.044276,2.510482,-0.044276,0.003921,0.000000,0.000000,0.000000,0.000000,0.000000,0.000000
91.299998,0.489355,0.044227,2.510645,-0.044227,0.003912,0.000000,0.000000,0.000000,0.000000,0.000000,0.000000
91.399998,0.489193,0.044179,2.510807,-0.044179,0.003904,0.000000,0.000000,0.000000,0.000000,0.000000,0.000000
91.499998,0.489031,0.044130,2.510969,-0.044130,0.003895,0.000000,0.000000,0.000000,0.000000,0.000000,0.000000
91.599998,0.488869,0.044082,2.511131,-0.044082,0.003886,0.000000,0.000000,0.000000,0.000000,0.000000,0.000000
91.699998,0.488707,0.044034,2.511293,-0.044034,0.003878,0.000000,0.000000,0.000000,0.000000,0.000000,0.000000
91.799998,0.488546,0.043986,2.511454,-0.043986,0.003869,0.000000,0.000000,0.000000,0.000000,0.000000,0.000000
91.899998,0.488385,0.043938,2.511615,-0.043938,0.003861,0.000000,0.000000,0.000000,0.000000,0.000000,0.000000
91.999998,0.488224,0.043890,2.511776,-0.043890,0.003853,0.000000,0.000000,0.000000,0.000000,0.000000,0.000000
92.099998,0.488064,0.043842,2.511936,-0.043842,0.003844,0.000000,0.000000,0.000000,0.000000,0.000000,0.000000
92.199998,0.487903,0.043794,2.512097,-0.043794,0.003836,0.000000,0.000000,0.000000,0.000000,0.000000,0.000000
92.299998,0.487743,0.043747,2.512257,-0.043747,0.003828,0.000000,0.000000,0.000000,0.000000,0.000000,0.000000
92.399998,0.487583,0.043699,2.512417,-0.043699,0.003819,0.000000,0.000000,0.000000,0.000000,0.000000,0.000000
92.499998,0.487424,0.043652,2.512576,-0.043652,0.003811,0.000000,0.000000,0.000000,0.000000,0.000000,0.000000
92.599998,0.487264,0.043605,2.512736,-0.043605,0.003803,0.000000,0.000000,0.000000,0.000000,0.000000,0.000000
92.699998,0.487105,0.043557,2.512895,-0.043557,0.003795,0.000000,0.000000,0.000000,0.000000,0.000000,0.000000
92.799998,0.486946,0.043510,2.513054,-0.043510,0.003786,0.000000,0.000000,0.000000,0.000000,0.000000,0.000000
92.899998,0.486787,0.043464,2.513213,-0.043464,0.003778,0.000000,0.000000,0.000000,0.000000,0.000000,0.000000
92.999998,0.486629,0.043417,2.513371,-0.043417,0.003770,0.000000,0.000000,0.000000,0.000000,0.000000,0.000000
93.099998,0.486471,0.043370,2.513529,-0.043370,0.003762,0.000000,0.000000,0.000000,0.000000,0.000000,0.000000
93.199998,0.486313,0.043324,2.513687,-0.043324,0.003754,0.000000,0.000000,0.000000,0.000000,0.000000,0.000000
93.299998,0.486155,0.043277,2.513845,-0.043277,0.003746,0.000000,0.000000,0.000000,0.000000,0.000000,0.000000
93.399998,0.485998,0.043231,2.514002,-0.043231,0.003738,0.000000,0.000000,0.000000,0.000000,0.000000,0.000000
93.499998,0.485840,0.043184,2.514160,-0.043184,0.003730,0.000000,0.000000,0.000000,0.000000,0.000000,0.000000
93.599998,0.485683,0.043138,2.514317,-0.043138,0.003722,0.000000,0.000000,0.000000,0.000000,0.000000,0.000000
93.699998,0.485526,0.043092,2.514474,-0.043092,0.003714,0.000000,0.000000,0.000000,0.000000,0.000000,0.000000
93.799998,0.485370,0.043046,2.514630,-0.043046,0.003706,0.000000,0.000000,0.000000,0.000000,0.000000,0.000000
93.899998,0.485213,0.043001,2.514787,-0.043001,0.003698,0.000000,0.000000,0.000000,0.000000,0.000000,0.000000
93.999998,0.485057,0.042955,2.514943,-0.042955,0.003690,0.000000,0.000000,0.000000,0.000000,0.000000,0.000000
94.099998,0.484901,0.042909,2.515099,-0.042909,0.003682,0.000000,0.000000,0.000000,0.000000,0.000000,0.000000
94.199998,0.484746,0.042864,2.515254,-0.042864,0.003675,0.000000,0.000000,0.000000,0.000000,0.000000,0.000000
94.299998,0.484590,0.042818,2.515410,-0.042818,0.003667,0.000000,0.000000,0.000000,0.000000,0.000000,0.000000
94.399998,0.484435,0.042773,2.515565,-0.042773,0.003659,0.000000,0.000000,0.000000,0.000000,0.000000,0.000000
94.499998,0.484280,0.042728,2.515720,-0.042728,0.003651,0.000000,0.000000,0.000000,0.000000,0.000000,0.000000
94.599998,0.484125,0.042683,2.515875,-0.042683,0.003644,0.000000,0.000000,0.000000,0.000000,0.000000,0.000000
94.699998,0.483971,0.042638,2.516029,-0.042638,0.003636,0.000000,0.000000,0.000000,0.000000,0.000000,0.000000
94.799998,0.483816,0.042593,2.516184,-0.042593,0.003628,0.000000,0.000000,0.000000,0.000000,0.000000,0.000000
94.899998,0.483662,0.042548,2.516338,-0.042548,0.003621,0.000000,0.000000,0.000000,0.000000,0.000000,0.000000
94.999998,0.483508,0.042503,2.516492,-0.042503,0.003613,0.000000,0.000000,0.000000,0.000000,0.000000,0.000000
95.099998,0.483355,0.042459,2.516645,-0.042459,0.003606,0.000000,0.000000,0.000000,0.000000,0.000000,0.000000
95.199998,0.483201,0.042414,2.516799,-0.042414,0.003598,0.000000,0.000000,0.000000,0.000000,0.000000,0.000000
95.299998,0.483048,0.042370,2.516952,-0.042370,0.003590,0.000000,0.000000,0.000000,0.000000,0.000000,0.000000
95.399998,0.482895,0.042326,2.517105,-0.042326,0.003583,0.000000,0.000000,0.000000,0.000000,0.000000,0.000000
95.499998,0.482742,0.042282,2.517258,-0.042282,0.003575,0.000000,0.000000,0.000000,0.000000,0.000000,0.000000
95.599998,0.482590,0.042237,2.517410,-0.042237,0.003568,0.000000,0.000000,0.000000,0.000000,0.000000,0.000000
95.699998,0.482437,0.042193,2.517563,-0.042193,0.003561,0.000000,0.000000,0.000000,0.000000,0.000000,0.000000
95.799998,0.482285,0.042150,2.517715,-0.042150,0.003553,0.000000,0.000000,0.000000,0.000000,0.000000,0.000000
95.899998,0.482133,0.042106,2.517867,-0.042106,0.003546,0.000000,0.000000,0.000000,0.000000,0.000000,0.000000
95.999998,0.481982,0.042062,2.518018,-0.042062,0.003538,0.000000,0.000000,0.000000,0.000000,0.000000,0.000000
96.099998,0.481830,0.042019,2.518170,-0.042019,0.003531,0.000000,0.000000,0.000000,0.000000,0.000000,0.000000
96.199998,0.481679,0.041975,2.518321,-0.041975,0.003524,0.000000,0.000000,0.000000,0.000000,0.000000,0.000000
96.299998,0.481528,0.041932,2.518472,-0.041932,0.003517,0.000000,0.000000,0.000000,0.000000,0.000000,0.000000
96.399998,0.481377,0.041888,2.518623,-0.041888,0.003509,0.000000,0.000000,0.000000,0.000000,0.000000,0.000000
96.499998,0.481227,0.041845,2.518773,-0.041845,0.003502,0.000000,0.000000,0.000000,0.000000,0.000000,0.000000
96.599998,0.481076,0.041802,2.518924,-0.041802,0.003495,0.000000,0.000000,0.000000,0.000000,0.000000,0.000000
96.699998,0.480926,0.041759,2.519074,-0.041759,0.003488,0.000000,0.000000,0.000000,0.000000,0.000000,0.000000
96.799998,0.480776,0.041716,2.519224,-0.041716,0.003480,0.000000,0.000000,0.000000,0.000000,0.000000,0.000000
96.899998,0.480626,0.041673,2.519374,-0.041673,0.003473,0.000000,0.000000,0.000000,0.000000,0.000000,0.000000
96.999998,0.480477,0.041631,2.519523,-0.041631,0.003466,0.000000,0.000000,0.000000,0.000000,0.000000,0.000000
97.099998,0.480327,0.041588,2.519673,-0.041588,0.003459,0.000000,0.000000,0.000000,0.000000,0.000000,0.000000
97.199998,0.480178,0.041546,2.519822,-0.041546,0.003452,0.000000,0.000000,0.000000,0.000000,0.000000,0.000000
97.299998,0.480029,0.041503,2.519971,-0.041503,0.003445,0.000000,0.000000,0.000000,0.000000,0.000000,0.000000
97.399998,0.479880,0.041461,2.520120,-0.041461,0.003438,0.000000,0.000000,0.000000,0.000000,0.000000,0.000000
97.499998,0.479732,0.041419,2.520268,-0.041419,0.003431,0.000000,0.000000,0.000000,0.000000,0.000000,0.000000
97.599998,0.479584,0.041376,2.520416,-0.041376,0.003424,0.000000,0.000000,0.000000,0.000000,0.000000,0.000000
97.699998,0.479436,0.041334,2.520564,-0.041334,0.003417,0.000000,0.000000,0.000000,0.000000,0.000000,0.000000
97.799998,0.479288,0.041292,2.520712,-0.041292,0.003410,0.000000,0.000000,0.000000,0.000000,0.000000,0.000000
97.899998,0.479140,0.041251,2.520860,-0.041251,0.003403,0.000000,0.000000,0.000000,0.000000,0.000000,0.000000
97.999998,0.478992,0.041209,2.521008,-0.041209,0.003396,0.000000,0.000000,0.000000,0.000000,0.000000,0.000000
98.099998,0.478845,0.041167,2.521155,-0.041167,0.003389,0.000000,0.000000,0.000000,0.000000,0.000000,0.000000
98.199998,0.478698,0.041125,2.521302,-0.041125,0.003383,0.000000,0.000000,0.000000,0.000000,0.000000,0.000000
98.299998,0.478551,0.041084,2.521449,-0.041084,0.003376,0.000000,0.000000,0.000000,0.000000,0.000000,0.000000
98.399998,0.478405,0.041043,2.521595,-0.041043,0.003369,0.000000,0.000000,0.000000,0.000000,0.000000,0.000000
98.499998,0.478258,0.041001,2.521742,-0.041001,0.003362,0.000000,0.000000,0.000000,0.000000,0.000000,0.000000
98.599998,0.478112,0.040960,2.521888,-0.040960,0.003355,0.000000,0.000000,0.000000,0.000000,0.000000,0.000000
98.699998,0.477966,0.040919,2.522034,-0.040919,0.003349,0.000000,0.000000,0.000000,0.000000,0.000000,0.000000
98.799998,0.477820,0.040878,2.522180,-0.040878,0.003342,0.000000,0.000000,0.000000,0.000000,0.000000,0.000000
98.899998,0.477674,0.040837,2.522326,-0.040837,0.003335,0.000000,0.000000,0.000000,0.000000,0.000000,0.000000
98.999998,0.477529,0.040796,2.522471,-0.040796,0.003329,0.000000,0.000000,0.000000,0.000000,0.000000,0.000000
99.099998,0.477383,0.040755,2.522617,-0.040755,0.003322,0.000000,0.000000,0.000000,0.000000,0.000000,0.000000
99.199998,0.477238,0.040714,2.522762,-0.040714,0.003315,0.000000,0.000000,0.000000,0.000000,0.000000,0.000000
99.299998,0.477094,0.040674,2.522906,-0.040674,0.003309,0.000000,0.000000,0.000000,0.000000,0.000000,0.000000
99.399998,0.476949,0.040633,2.523051,-0.040633,0.003302,0.000000,0.000000,0.000000,0.000000,0.000000,0.000000
99.499998,0.476804,0.040593,2.523196,-0.040593,0.003296,0.000000,0.000000,0.000000,0.000000,0.000000,0.000000
99.599998,0.476660,0.040552,2.523340,-0.040552,0.003289,0.000000,0.000000,0.000000,0.000000,0.000000,0.000000
99.699998,0.476516,0.040512,2.523484,-0.040512,0.003282,0.000000,0.000000,0.000000,0.000000,0.000000,0.000000
99.799998,0.476372,0.040472,2.523628,-0.040472,0.003276,0.000000,0.000000,0.000000,0.000000,0.000000,0.000000
99.899998,0.476228,0.040432,2.523772,-0.040432,0.003269,0.000000,0.000000,0.000000,0.000000,0.000000,0.000000
99.999998,0.476085,0.040392,2.523915,-0.040392,0.003263,0.000000,0.000000,0.000000,0.000000,0.000000,0.000000
