# Two Dipoles. Viscous opposite moments. $\\Reyn=4$, $x(0)=3$
# Commit: 2026-08-08-4-g5e9f416
# KinematicViscosity: 0.25
# TauMode: ConstPi32 τ = 1/π^(3/2)
# Date: 2026-08-14 01:33:44
time,d1_rx,d1_mx,d2_rx,d2_mx,sum_zeta_square,linear_impulse_x,linear_impulse_y,linear_impulse_z,angular_impulse_x,angular_impulse_y,angular_impulse_z
0.000000,0.000000,1.000000,3.000000,-1.000000,2.000000,0.000000,0.000000,0.000000,0.000000,0.000000,0.000000
0.100000,0.011376,1.000592,2.988624,-1.000592,2.002368,0.000000,0.000000,0.000000,0.000000,0.000000,0.000000
0.200000,0.022746,1.001202,2.977254,-1.001202,2.004811,0.000000,0.000000,0.000000,0.000000,0.000000,0.000000
0.300000,0.034107,1.001831,2.965893,-1.001831,2.007331,0.000000,0.000000,0.000000,0.000000,0.000000,0.000000
0.400000,0.045460,1.002480,2.954540,-1.002480,2.009931,0.000000,0.000000,0.000000,0.000000,0.000000,0.000000
0.500000,0.056805,1.003149,2.943195,-1.003149,2.012615,0.000000,0.000000,0.000000,0.000000,0.000000,0.000000
0.600000,0.068142,1.003839,2.931858,-1.003839,2.015385,0.000000,0.000000,0.000000,0.000000,0.000000,0.000000
0.700000,0.079469,1.004551,2.920531,-1.004551,2.018244,0.000000,0.000000,0.000000,0.000000,0.000000,0.000000
0.800000,0.090787,1.005285,2.909213,-1.005285,2.021196,0.000000,0.000000,0.000000,0.000000,0.000000,0.000000
0.900000,0.102095,1.006043,2.897905,-1.006043,2.024244,0.000000,0.000000,0.000000,0.000000,0.000000,0.000000
1.000000,0.113393,1.006824,2.886607,-1.006824,2.027390,0.000000,0.000000,0.000000,0.000000,0.000000,0.000000
1.100000,0.124681,1.007631,2.875319,-1.007631,2.030640,0.000000,0.000000,0.000000,0.000000,0.000000,0.000000
1.200000,0.135957,1.008463,2.864043,-1.008463,2.033995,0.000000,0.000000,0.000000,0.000000,0.000000,0.000000
1.300000,0.147222,1.009322,2.852778,-1.009322,2.037460,0.000000,0.000000,0.000000,0.000000,0.000000,0.000000
1.400000,0.158475,1.010208,2.841525,-1.010208,2.041039,0.000000,0.000000,0.000000,0.000000,0.000000,0.000000
1.500000,0.169715,1.011122,2.830285,-1.011122,2.044735,0.000000,0.000000,0.000000,0.000000,0.000000,0.000000
1.600000,0.180942,1.012065,2.819058,-1.012065,2.048552,0.000000,0.000000,0.000000,0.000000,0.000000,0.000000
1.700000,0.192155,1.013038,2.807845,-1.013038,2.052494,0.000000,0.000000,0.000000,0.000000,0.000000,0.000000
1.800000,0.203354,1.014043,2.796646,-1.014043,2.056565,0.000000,0.000000,0.000000,0.000000,0.000000,0.000000
1.900000,0.214537,1.015078,2.785463,-1.015078,2.060769,0.000000,0.000000,0.000000,0.000000,0.000000,0.000000
2.000000,0.225705,1.016147,2.774295,-1.016147,2.065110,0.000000,0.000000,0.000000,0.000000,0.000000,0.000000
2.100000,0.236855,1.017249,2.763145,-1.017249,2.069592,0.000000,0.000000,0.000000,0.000000,0.000000,0.000000
2.200000,0.247989,1.018386,2.752011,-1.018386,2.074219,0.000000,0.000000,0.000000,0.000000,0.000000,0.000000
2.300000,0.259103,1.019558,2.740897,-1.019558,2.078995,0.000000,0.000000,0.000000,0.000000,0.000000,0.000000
2.400000,0.270199,1.020766,2.729801,-1.020766,2.083925,0.000000,0.000000,0.000000,0.000000,0.000000,0.000000
2.500000,0.281274,1.022011,2.718726,-1.022011,2.089013,0.000000,0.000000,0.000000,0.000000,0.000000,0.000000
2.600000,0.292327,1.023294,2.707673,-1.023294,2.094261,0.000000,0.000000,0.000000,0.000000,0.000000,0.000000
2.700000,0.303359,1.024616,2.696641,-1.024616,2.099675,0.000000,0.000000,0.000000,0.000000,0.000000,0.000000
2.800000,0.314366,1.025977,2.685634,-1.025977,2.105257,0.000000,0.000000,0.000000,0.000000,0.000000,0.000000
2.900000,0.325349,1.027378,2.674651,-1.027378,2.111013,0.000000,0.000000,0.000000,0.000000,0.000000,0.000000
3.000000,0.336305,1.028821,2.663695,-1.028821,2.116944,0.000000,0.000000,0.000000,0.000000,0.000000,0.000000
3.100000,0.347234,1.030304,2.652766,-1.030304,2.123054,0.000000,0.000000,0.000000,0.000000,0.000000,0.000000
3.200000,0.358134,1.031830,2.641866,-1.031830,2.129347,0.000000,0.000000,0.000000,0.000000,0.000000,0.000000
3.300000,0.369004,1.033399,2.630996,-1.033399,2.135826,0.000000,0.000000,0.000000,0.000000,0.000000,0.000000
3.400000,0.379842,1.035010,2.620158,-1.035010,2.142492,0.000000,0.000000,0.000000,0.000000,0.000000,0.000000
3.500000,0.390646,1.036665,2.609354,-1.036665,2.149348,0.000000,0.000000,0.000000,0.000000,0.000000,0.000000
3.600000,0.401415,1.038363,2.598585,-1.038363,2.156396,0.000000,0.000000,0.000000,0.000000,0.000000,0.000000
3.700000,0.412146,1.040105,2.587854,-1.040105,2.163638,0.000000,0.000000,0.000000,0.000000,0.000000,0.000000
3.800000,0.422839,1.041891,2.577161,-1.041891,2.171074,0.000000,0.000000,0.000000,0.000000,0.000000,0.000000
3.900000,0.433491,1.043720,2.566509,-1.043720,2.178705,0.000000,0.000000,0.000000,0.000000,0.000000,0.000000
4.000000,0.444100,1.045593,2.555900,-1.045593,2.186530,0.000000,0.000000,0.000000,0.000000,0.000000,0.000000
4.100000,0.454664,1.047509,2.545336,-1.047509,2.194550,0.000000,0.000000,0.000000,0.000000,0.000000,0.000000
4.200000,0.465181,1.049467,2.534819,-1.049467,2.202763,0.000000,0.000000,0.000000,0.000000,0.000000,0.000000
4.300000,0.475648,1.051467,2.524352,-1.051467,2.211167,0.000000,0.000000,0.000000,0.000000,0.000000,0.000000
4.400000,0.486064,1.053508,2.513936,-1.053508,2.219760,0.000000,0.000000,0.000000,0.000000,0.000000,0.000000
4.500000,0.496426,1.055589,2.503574,-1.055589,2.228537,0.000000,0.000000,0.000000,0.000000,0.000000,0.000000
4.600000,0.506732,1.057709,2.493268,-1.057709,2.237495,0.000000,0.000000,0.000000,0.000000,0.000000,0.000000
4.700000,0.516978,1.059865,2.483022,-1.059865,2.246629,0.000000,0.000000,0.000000,0.000000,0.000000,0.000000
4.800000,0.527164,1.062058,2.472836,-1.062058,2.255933,0.000000,0.000000,0.000000,0.000000,0.000000,0.000000
4.900000,0.537285,1.064284,2.462715,-1.064284,2.265399,0.000000,0.000000,0.000000,0.000000,0.000000,0.000000
5.000000,0.547339,1.066541,2.452661,-1.066541,2.275020,0.000000,0.000000,0.000000,0.000000,0.000000,0.000000
5.100000,0.557325,1.068828,2.442675,-1.068828,2.284786,0.000000,0.000000,0.000000,0.000000,0.000000,0.000000
5.200000,0.567238,1.071142,2.432762,-1.071142,2.294689,0.000000,0.000000,0.000000,0.000000,0.000000,0.000000
5.300000,0.577076,1.073479,2.422924,-1.073479,2.304715,0.000000,0.000000,0.000000,0.000000,0.000000,0.000000
5.400000,0.586838,1.075838,2.413162,-1.075838,2.314854,0.000000,0.000000,0.000000,0.000000,0.000000,0.000000
5.500000,0.596519,1.078214,2.403481,-1.078214,2.325091,0.000000,0.000000,0.000000,0.000000,0.000000,0.000000
5.600000,0.606117,1.080604,2.393883,-1.080604,2.335412,0.000000,0.000000,0.000000,0.000000,0.000000,0.000000
5.700000,0.615629,1.083005,2.384371,-1.083005,2.345802,0.000000,0.000000,0.000000,0.000000,0.000000,0.000000
5.800000,0.625053,1.085413,2.374947,-1.085413,2.356243,0.000000,0.000000,0.000000,0.000000,0.000000,0.000000
5.900000,0.634387,1.087823,2.365613,-1.087823,2.366717,0.000000,0.000000,0.000000,0.000000,0.000000,0.000000
6.000000,0.643626,1.090231,2.356374,-1.090231,2.377205,0.000000,0.000000,0.000000,0.000000,0.000000,0.000000
6.100000,0.652769,1.092632,2.347231,-1.092632,2.387688,0.000000,0.000000,0.000000,0.000000,0.000000,0.000000
6.200000,0.661813,1.095021,2.338187,-1.095021,2.398143,0.000000,0.000000,0.000000,0.000000,0.000000,0.000000
6.300000,0.670756,1.097394,2.329244,-1.097394,2.408547,0.000000,0.000000,0.000000,0.000000,0.000000,0.000000
6.400000,0.679596,1.099745,2.320404,-1.099745,2.418879,0.000000,0.000000,0.000000,0.000000,0.000000,0.000000
6.500000,0.688329,1.102069,2.311671,-1.102069,2.429113,0.000000,0.000000,0.000000,0.000000,0.000000,0.000000
6.600000,0.696953,1.104360,2.303047,-1.104360,2.439224,0.000000,0.000000,0.000000,0.000000,0.000000,0.000000
6.700000,0.705468,1.106613,2.294532,-1.106613,2.449186,0.000000,0.000000,0.000000,0.000000,0.000000,0.000000
6.800000,0.713869,1.108822,2.286131,-1.108822,2.458972,0.000000,0.000000,0.000000,0.000000,0.000000,0.000000
6.900000,0.722157,1.110981,2.277843,-1.110981,2.468556,0.000000,0.000000,0.000000,0.000000,0.000000,0.000000
7.000000,0.730327,1.113083,2.269673,-1.113083,2.477909,0.000000,0.000000,0.000000,0.000000,0.000000,0.000000
7.100000,0.738380,1.115124,2.261620,-1.115124,2.487003,0.000000,0.000000,0.000000,0.000000,0.000000,0.000000
7.200000,0.746313,1.117097,2.253687,-1.117097,2.495809,0.000000,0.000000,0.000000,0.000000,0.000000,0.000000
7.300000,0.754125,1.118995,2.245875,-1.118995,2.504299,0.000000,0.000000,0.000000,0.000000,0.000000,0.000000
7.400000,0.761815,1.120813,2.238185,-1.120813,2.512444,0.000000,0.000000,0.000000,0.000000,0.000000,0.000000
7.500000,0.769380,1.122545,2.230620,-1.122545,2.520215,0.000000,0.000000,0.000000,0.000000,0.000000,0.000000
7.600000,0.776822,1.124185,2.223178,-1.124185,2.527582,0.000000,0.000000,0.000000,0.000000,0.000000,0.000000
7.700000,0.784137,1.125726,2.215863,-1.125726,2.534519,0.000000,0.000000,0.000000,0.000000,0.000000,0.000000
7.800000,0.791326,1.127164,2.208674,-1.127164,2.540995,0.000000,0.000000,0.000000,0.000000,0.000000,0.000000
7.900000,0.798388,1.128491,2.201612,-1.128491,2.546985,0.000000,0.000000,0.000000,0.000000,0.000000,0.000000
8.000000,0.805323,1.129704,2.194677,-1.129704,2.552462,0.000000,0.000000,0.000000,0.000000,0.000000,0.000000
8.100000,0.812129,1.130796,2.187871,-1.130796,2.557398,0.000000,0.000000,0.000000,0.000000,0.000000,0.000000
8.200000,0.818808,1.131762,2.181192,-1.131762,2.561769,0.000000,0.000000,0.000000,0.000000,0.000000,0.000000
8.300000,0.825358,1.132597,2.174642,-1.132597,2.565550,0.000000,0.000000,0.000000,0.000000,0.000000,0.000000
8.400000,0.831779,1.133296,2.168221,-1.133296,2.568718,0.000000,0.000000,0.000000,0.000000,0.000000,0.000000
8.500000,0.838073,1.133854,2.161927,-1.133854,2.571251,0.000000,0.000000,0.000000,0.000000,0.000000,0.000000
8.600000,0.844239,1.134268,2.155761,-1.134268,2.573129,0.000000,0.000000,0.000000,0.000000,0.000000,0.000000
8.700000,0.850277,1.134533,2.149723,-1.134533,2.574332,0.000000,0.000000,0.000000,0.000000,0.000000,0.000000
8.800000,0.856188,1.134646,2.143812,-1.134646,2.574841,0.000000,0.000000,0.000000,0.000000,0.000000,0.000000
8.900000,0.861973,1.134601,2.138027,-1.134601,2.574641,0.000000,0.000000,0.000000,0.000000,0.000000,0.000000
9.000000,0.867632,1.134398,2.132368,-1.134398,2.573716,0.000000,0.000000,0.000000,0.000000,0.000000,0.000000
9.100000,0.873166,1.134031,2.126834,-1.134031,2.572053,0.000000,0.000000,0.000000,0.000000,0.000000,0.000000
9.200000,0.878576,1.133499,2.121424,-1.133499,2.569640,0.000000,0.000000,0.000000,0.000000,0.000000,0.000000
9.300000,0.883862,1.132799,2.116138,-1.132799,2.566468,0.000000,0.000000,0.000000,0.000000,0.000000,0.000000
9.400000,0.889027,1.131929,2.110973,-1.131929,2.562528,0.000000,0.000000,0.000000,0.000000,0.000000,0.000000
9.500000,0.894070,1.130888,2.105930,-1.130888,2.557814,0.000000,0.000000,0.000000,0.000000,0.000000,0.000000
9.600000,0.898994,1.129673,2.101006,-1.129673,2.552321,0.000000,0.000000,0.000000,0.000000,0.000000,0.000000
9.700000,0.903799,1.128283,2.096201,-1.128283,2.546046,0.000000,0.000000,0.000000,0.000000,0.000000,0.000000
9.800000,0.908487,1.126718,2.091513,-1.126718,2.538988,0.000000,0.000000,0.000000,0.000000,0.000000,0.000000
9.900000,0.913058,1.124977,2.086942,-1.124977,2.531147,0.000000,0.000000,0.000000,0.000000,0.000000,0.000000
10.000000,0.917516,1.123060,2.082484,-1.123060,2.522525,0.000000,0.000000,0.000000,0.000000,0.000000,0.000000
10.100000,0.921860,1.120965,2.078140,-1.120965,2.513127,0.000000,0.000000,0.000000,0.000000,0.000000,0.000000
10.200000,0.926092,1.118695,2.073908,-1.118695,2.502958,0.000000,0.000000,0.000000,0.000000,0.000000,0.000000
10.300000,0.930214,1.116249,2.069786,-1.116249,2.492024,0.000000,0.000000,0.000000,0.000000,0.000000,0.000000
10.400000,0.934227,1.113628,2.065773,-1.113628,2.480335,0.000000,0.000000,0.000000,0.000000,0.000000,0.000000
10.500000,0.938133,1.110833,2.061867,-1.110833,2.467901,0.000000,0.000000,0.000000,0.000000,0.000000,0.000000
10.600000,0.941934,1.107866,2.058066,-1.107866,2.454734,0.000000,0.000000,0.000000,0.000000,0.000000,0.000000
10.700000,0.945631,1.104727,2.054369,-1.104727,2.440846,0.000000,0.000000,0.000000,0.000000,0.000000,0.000000
10.800000,0.949225,1.101420,2.050775,-1.101420,2.426251,0.000000,0.000000,0.000000,0.000000,0.000000,0.000000
10.900000,0.952718,1.097945,2.047282,-1.097945,2.410965,0.000000,0.000000,0.000000,0.000000,0.000000,0.000000
11.000000,0.956113,1.094305,2.043887,-1.094305,2.395006,0.000000,0.000000,0.000000,0.000000,0.000000,0.000000
11.100000,0.959410,1.090502,2.040590,-1.090502,2.378389,0.000000,0.000000,0.000000,0.000000,0.000000,0.000000
11.200000,0.962610,1.086539,2.037390,-1.086539,2.361135,0.000000,0.000000,0.000000,0.000000,0.000000,0.000000
11.300000,0.965717,1.082419,2.034283,-1.082419,2.343263,0.000000,0.000000,0.000000,0.000000,0.000000,0.000000
11.400000,0.968731,1.078145,2.031269,-1.078145,2.324794,0.000000,0.000000,0.000000,0.000000,0.000000,0.000000
11.500000,0.971653,1.073720,2.028347,-1.073720,2.305748,0.000000,0.000000,0.000000,0.000000,0.000000,0.000000
11.600000,0.974487,1.069146,2.025513,-1.069146,2.286148,0.000000,0.000000,0.000000,0.000000,0.000000,0.000000
11.700000,0.977232,1.064428,2.022768,-1.064428,2.266016,0.000000,0.000000,0.000000,0.000000,0.000000,0.000000
11.800000,0.979891,1.059570,2.020109,-1.059570,2.245376,0.000000,0.000000,0.000000,0.000000,0.000000,0.000000
11.900000,0.982465,1.054574,2.017535,-1.054574,2.224251,0.000000,0.000000,0.000000,0.000000,0.000000,0.000000
12.000000,0.984956,1.049444,2.015044,-1.049444,2.202665,0.000000,0.000000,0.000000,0.000000,0.000000,0.000000
12.100000,0.987365,1.044184,2.012635,-1.044184,2.180642,0.000000,0.000000,0.000000,0.000000,0.000000,0.000000
12.200000,0.989694,1.038799,2.010306,-1.038799,2.158208,0.000000,0.000000,0.000000,0.000000,0.000000,0.000000
12.300000,0.991944,1.033292,2.008056,-1.033292,2.135385,0.000000,0.000000,0.000000,0.000000,0.000000,0.000000
12.400000,0.994117,1.027667,2.005883,-1.027667,2.112200,0.000000,0.000000,0.000000,0.000000,0.000000,0.000000
12.500000,0.996214,1.021929,2.003786,-1.021929,2.088677,0.000000,0.000000,0.000000,0.000000,0.000000,0.000000
12.600000,0.998237,1.016081,2.001763,-1.016081,2.064841,0.000000,0.000000,0.000000,0.000000,0.000000,0.000000
12.700000,1.000187,1.010128,1.999813,-1.010128,2.040717,0.000000,0.000000,0.000000,0.000000,0.000000,0.000000
12.800000,1.002065,1.004074,1.997935,-1.004074,2.016328,0.000000,0.000000,0.000000,0.000000,0.000000,0.000000
12.900000,1.003874,0.997923,1.996126,-0.997923,1.991700,0.000000,0.000000,0.000000,0.000000,0.000000,0.000000
13.000000,1.005613,0.991679,1.994387,-0.991679,1.966856,0.000000,0.000000,0.000000,0.000000,0.000000,0.000000
13.100000,1.007285,0.985348,1.992715,-0.985348,1.941821,0.000000,0.000000,0.000000,0.000000,0.000000,0.000000
13.200000,1.008891,0.978932,1.991109,-0.978932,1.916617,0.000000,0.000000,0.000000,0.000000,0.000000,0.000000
13.300000,1.010432,0.972437,1.989568,-0.972437,1.891267,0.000000,0.000000,0.000000,0.000000,0.000000,0.000000
13.400000,1.011909,0.965866,1.988091,-0.965866,1.865795,0.000000,0.000000,0.000000,0.000000,0.000000,0.000000
13.500000,1.013324,0.959224,1.986676,-0.959224,1.840222,0.000000,0.000000,0.000000,0.000000,0.000000,0.000000
13.600000,1.014678,0.952515,1.985322,-0.952515,1.814570,0.000000,0.000000,0.000000,0.000000,0.000000,0.000000
13.700000,1.015971,0.945743,1.984029,-0.945743,1.788860,0.000000,0.000000,0.000000,0.000000,0.000000,0.000000
13.800000,1.017206,0.938912,1.982794,-0.938912,1.763113,0.000000,0.000000,0.000000,0.000000,0.000000,0.000000
13.900000,1.018384,0.932027,1.981616,-0.932027,1.737348,0.000000,0.000000,0.000000,0.000000,0.000000,0.000000
14.000000,1.019505,0.925091,1.980495,-0.925091,1.711585,0.000000,0.000000,0.000000,0.000000,0.000000,0.000000
14.100000,1.020570,0.918108,1.979430,-0.918108,1.685843,0.000000,0.000000,0.000000,0.000000,0.000000,0.000000
14.200000,1.021582,0.911082,1.978418,-0.911082,1.660141,0.000000,0.000000,0.000000,0.000000,0.000000,0.000000
14.300000,1.022540,0.904017,1.977460,-0.904017,1.634494,0.000000,0.000000,0.000000,0.000000,0.000000,0.000000
14.400000,1.023446,0.896917,1.976554,-0.896917,1.608922,0.000000,0.000000,0.000000,0.000000,0.000000,0.000000
14.500000,1.024301,0.889786,1.975699,-0.889786,1.583439,0.000000,0.000000,0.000000,0.000000,0.000000,0.000000
14.600000,1.025106,0.882627,1.974894,-0.882627,1.558061,0.000000,0.000000,0.000000,0.000000,0.000000,0.000000
14.700000,1.025861,0.875444,1.974139,-0.875444,1.532804,0.000000,0.000000,0.000000,0.000000,0.000000,0.000000
14.800000,1.026569,0.868240,1.973431,-0.868240,1.507681,0.000000,0.000000,0.000000,0.000000,0.000000,0.000000
14.900000,1.027229,0.861019,1.972771,-0.861019,1.482706,0.000000,0.000000,0.000000,0.000000,0.000000,0.000000
15.000000,1.027844,0.853784,1.972156,-0.853784,1.457893,0.000000,0.000000,0.000000,0.000000,0.000000,0.000000
15.100000,1.028412,0.846538,1.971588,-0.846538,1.433252,0.000000,0.000000,0.000000,0.000000,0.000000,0.000000
15.200000,1.028937,0.839285,1.971063,-0.839285,1.408797,0.000000,0.000000,0.000000,0.000000,0.000000,0.000000
15.300000,1.029418,0.832027,1.970582,-0.832027,1.384538,0.000000,0.000000,0.000000,0.000000,0.000000,0.000000
15.400000,1.029856,0.824768,1.970144,-0.824768,1.360485,0.000000,0.000000,0.000000,0.000000,0.000000,0.000000
15.500000,1.030253,0.817511,1.969747,-0.817511,1.336647,0.000000,0.000000,0.000000,0.000000,0.000000,0.000000
15.600000,1.030608,0.810258,1.969392,-0.810258,1.313035,0.000000,0.000000,0.000000,0.000000,0.000000,0.000000
15.700000,1.030924,0.803012,1.969076,-0.803012,1.289657,0.000000,0.000000,0.000000,0.000000,0.000000,0.000000
15.800000,1.031200,0.795777,1.968800,-0.795777,1.266521,0.000000,0.000000,0.000000,0.000000,0.000000,0.000000
15.900000,1.031437,0.788553,1.968563,-0.788553,1.243633,0.000000,0.000000,0.000000,0.000000,0.000000,0.000000
16.000000,1.031637,0.781345,1.968363,-0.781345,1.221001,0.000000,0.000000,0.000000,0.000000,0.000000,0.000000
16.100000,1.031800,0.774155,1.968200,-0.774155,1.198631,0.000000,0.000000,0.000000,0.000000,0.000000,0.000000
16.200000,1.031926,0.766984,1.968074,-0.766984,1.176529,0.000000,0.000000,0.000000,0.000000,0.000000,0.000000
16.300000,1.032017,0.759835,1.967983,-0.759835,1.154699,0.000000,0.000000,0.000000,0.000000,0.000000,0.000000
16.400000,1.032074,0.752711,1.967926,-0.752711,1.133146,0.000000,0.000000,0.000000,0.000000,0.000000,0.000000
16.500000,1.032096,0.745612,1.967904,-0.745612,1.111875,0.000000,0.000000,0.000000,0.000000,0.000000,0.000000
16.600000,1.032084,0.738542,1.967916,-0.738542,1.090890,0.000000,0.000000,0.000000,0.000000,0.000000,0.000000
16.700000,1.032040,0.731503,1.967960,-0.731503,1.070193,0.000000,0.000000,0.000000,0.000000,0.000000,0.000000
16.800000,1.031964,0.724495,1.968036,-0.724495,1.049787,0.000000,0.000000,0.000000,0.000000,0.000000,0.000000
16.900000,1.031857,0.717522,1.968143,-0.717522,1.029675,0.000000,0.000000,0.000000,0.000000,0.000000,0.000000
17.000000,1.031718,0.710584,1.968282,-0.710584,1.009859,0.000000,0.000000,0.000000,0.000000,0.000000,0.000000
17.100000,1.031550,0.703683,1.968450,-0.703683,0.990340,0.000000,0.000000,0.000000,0.000000,0.000000,0.000000
17.200000,1.031352,0.696821,1.968648,-0.696821,0.971119,0.000000,0.000000,0.000000,0.000000,0.000000,0.000000
17.300000,1.031125,0.689999,1.968875,-0.689999,0.952198,0.000000,0.000000,0.000000,0.000000,0.000000,0.000000
17.400000,1.030870,0.683219,1.969130,-0.683219,0.933577,0.000000,0.000000,0.000000,0.000000,0.000000,0.000000
17.500000,1.030588,0.676482,1.969412,-0.676482,0.915255,0.000000,0.000000,0.000000,0.000000,0.000000,0.000000
17.600000,1.030278,0.669789,1.969722,-0.669789,0.897234,0.000000,0.000000,0.000000,0.000000,0.000000,0.000000
17.700000,1.029941,0.663141,1.970059,-0.663141,0.879512,0.000000,0.000000,0.000000,0.000000,0.000000,0.000000
17.800000,1.029579,0.656540,1.970421,-0.656540,0.862089,0.000000,0.000000,0.000000,0.000000,0.000000,0.000000
17.900000,1.029191,0.649986,1.970809,-0.649986,0.844963,0.000000,0.000000,0.000000,0.000000,0.000000,0.000000
18.000000,1.028779,0.643481,1.971221,-0.643481,0.828135,0.000000,0.000000,0.000000,0.000000,0.000000,0.000000
18.100000,1.028342,0.637025,1.971658,-0.637025,0.811601,0.000000,0.000000,0.000000,0.000000,0.000000,0.000000
18.200000,1.027881,0.630619,1.972119,-0.630619,0.795362,0.000000,0.000000,0.000000,0.000000,0.000000,0.000000
18.300000,1.027397,0.624265,1.972603,-0.624265,0.779413,0.000000,0.000000,0.000000,0.000000,0.000000,0.000000
18.400000,1.026890,0.617962,1.973110,-0.617962,0.763755,0.000000,0.000000,0.000000,0.000000,0.000000,0.000000
18.500000,1.026360,0.611712,1.973640,-0.611712,0.748384,0.000000,0.000000,0.000000,0.000000,0.000000,0.000000
18.600000,1.025809,0.605515,1.974191,-0.605515,0.733298,0.000000,0.000000,0.000000,0.000000,0.000000,0.000000
18.700000,1.025237,0.599372,1.974763,-0.599372,0.718494,0.000000,0.000000,0.000000,0.000000,0.000000,0.000000
18.800000,1.024644,0.593283,1.975356,-0.593283,0.703970,0.000000,0.000000,0.000000,0.000000,0.000000,0.000000
18.900000,1.024030,0.587249,1.975970,-0.587249,0.689723,0.000000,0.000000,0.000000,0.000000,0.000000,0.000000
19.000000,1.023396,0.581270,1.976604,-0.581270,0.675751,0.000000,0.000000,0.000000,0.000000,0.000000,0.000000
19.100000,1.022743,0.575347,1.977257,-0.575347,0.662048,0.000000,0.000000,0.000000,0.000000,0.000000,0.000000
19.200000,1.022071,0.569480,1.977929,-0.569480,0.648614,0.000000,0.000000,0.000000,0.000000,0.000000,0.000000
19.300000,1.021380,0.563668,1.978620,-0.563668,0.635444,0.000000,0.000000,0.000000,0.000000,0.000000,0.000000
19.400000,1.020672,0.557914,1.979328,-0.557914,0.622535,0.000000,0.000000,0.000000,0.000000,0.000000,0.000000
19.500000,1.019945,0.552216,1.980055,-0.552216,0.609884,0.000000,0.000000,0.000000,0.000000,0.000000,0.000000
19.600000,1.019201,0.546574,1.980799,-0.546574,0.597487,0.000000,0.000000,0.000000,0.000000,0.000000,0.000000
19.700000,1.018440,0.540990,1.981560,-0.540990,0.585341,0.000000,0.000000,0.000000,0.000000,0.000000,0.000000
19.800000,1.017663,0.535463,1.982337,-0.535463,0.573442,0.000000,0.000000,0.000000,0.000000,0.000000,0.000000
19.900000,1.016869,0.529993,1.983131,-0.529993,0.561786,0.000000,0.000000,0.000000,0.000000,0.000000,0.000000
20.000000,1.016060,0.524581,1.983940,-0.524581,0.550370,0.000000,0.000000,0.000000,0.000000,0.000000,0.000000
20.100000,1.015236,0.519225,1.984764,-0.519225,0.539189,0.000000,0.000000,0.000000,0.000000,0.000000,0.000000
20.200000,1.014396,0.513927,1.985604,-0.513927,0.528241,0.000000,0.000000,0.000000,0.000000,0.000000,0.000000
20.300000,1.013542,0.508685,1.986458,-0.508685,0.517522,0.000000,0.000000,0.000000,0.000000,0.000000,0.000000
20.400000,1.012674,0.503501,1.987326,-0.503501,0.507027,0.000000,0.000000,0.000000,0.000000,0.000000,0.000000
20.500000,1.011792,0.498374,1.988208,-0.498374,0.496753,0.000000,0.000000,0.000000,0.000000,0.000000,0.000000
20.600000,1.010897,0.493303,1.989103,-0.493303,0.486697,0.000000,0.000000,0.000000,0.000000,0.000000,0.000000
20.700000,1.009988,0.488290,1.990012,-0.488290,0.476853,0.000000,0.000000,0.000000,0.000000,0.000000,0.000000
20.800000,1.009067,0.483332,1.990933,-0.483332,0.467220,0.000000,0.000000,0.000000,0.000000,0.000000,0.000000
20.900000,1.008133,0.478431,1.991867,-0.478431,0.457792,0.000000,0.000000,0.000000,0.000000,0.000000,0.000000
21.000000,1.007187,0.473585,1.992813,-0.473585,0.448566,0.000000,0.000000,0.000000,0.000000,0.000000,0.000000
21.100000,1.006229,0.468796,1.993771,-0.468796,0.439539,0.000000,0.000000,0.000000,0.000000,0.000000,0.000000
21.200000,1.005260,0.464062,1.994740,-0.464062,0.430707,0.000000,0.000000,0.000000,0.000000,0.000000,0.000000
21.300000,1.004280,0.459383,1.995720,-0.459383,0.422065,0.000000,0.000000,0.000000,0.000000,0.000000,0.000000
21.400000,1.003288,0.454759,1.996712,-0.454759,0.413611,0.000000,0.000000,0.000000,0.000000,0.000000,0.000000
21.500000,1.002287,0.450189,1.997713,-0.450189,0.405340,0.000000,0.000000,0.000000,0.000000,0.000000,0.000000
21.600000,1.001275,0.445674,1.998725,-0.445674,0.397250,0.000000,0.000000,0.000000,0.000000,0.000000,0.000000
21.700000,1.000253,0.441212,1.999747,-0.441212,0.389336,0.000000,0.000000,0.000000,0.000000,0.000000,0.000000
21.800000,0.999222,0.436804,2.000778,-0.436804,0.381596,0.000000,0.000000,0.000000,0.000000,0.000000,0.000000
21.900000,0.998181,0.432449,2.001819,-0.432449,0.374024,0.000000,0.000000,0.000000,0.000000,0.000000,0.000000
22.000000,0.997132,0.428147,2.002868,-0.428147,0.366619,0.000000,0.000000,0.000000,0.000000,0.000000,0.000000
22.100000,0.996073,0.423897,2.003927,-0.423897,0.359377,0.000000,0.000000,0.000000,0.000000,0.000000,0.000000
22.200000,0.995006,0.419699,2.004994,-0.419699,0.352294,0.000000,0.000000,0.000000,0.000000,0.000000,0.000000
22.300000,0.993931,0.415552,2.006069,-0.415552,0.345367,0.000000,0.000000,0.000000,0.000000,0.000000,0.000000
22.399999,0.992848,0.411457,2.007152,-0.411457,0.338593,0.000000,0.000000,0.000000,0.000000,0.000000,0.000000
22.499999,0.991757,0.407412,2.008243,-0.407412,0.331969,0.000000,0.000000,0.000000,0.000000,0.000000,0.000000
22.599999,0.990659,0.403417,2.009341,-0.403417,0.325490,0.000000,0.000000,0.000000,0.000000,0.000000,0.000000
22.699999,0.989554,0.399472,2.010446,-0.399472,0.319155,0.000000,0.000000,0.000000,0.000000,0.000000,0.000000
22.799999,0.988442,0.395576,2.011558,-0.395576,0.312961,0.000000,0.000000,0.000000,0.000000,0.000000,0.000000
22.899999,0.987323,0.391729,2.012677,-0.391729,0.306903,0.000000,0.000000,0.000000,0.000000,0.000000,0.000000
22.999999,0.986198,0.387930,2.013802,-0.387930,0.300979,0.000000,0.000000,0.000000,0.000000,0.000000,0.000000
23.099999,0.985066,0.384179,2.014934,-0.384179,0.295187,0.000000,0.000000,0.000000,0.000000,0.000000,0.000000
23.199999,0.983929,0.380475,2.016071,-0.380475,0.289523,0.000000,0.000000,0.000000,0.000000,0.000000,0.000000
23.299999,0.982786,0.376819,2.017214,-0.376819,0.283985,0.000000,0.000000,0.000000,0.000000,0.000000,0.000000
23.399999,0.981637,0.373208,2.018363,-0.373208,0.278569,0.000000,0.000000,0.000000,0.000000,0.000000,0.000000
23.499999,0.980484,0.369644,2.019516,-0.369644,0.273273,0.000000,0.000000,0.000000,0.000000,0.000000,0.000000
23.599999,0.979325,0.366125,2.020675,-0.366125,0.268095,0.000000,0.000000,0.000000,0.000000,0.000000,0.000000
23.699999,0.978161,0.362650,2.021839,-0.362650,0.263031,0.000000,0.000000,0.000000,0.000000,0.000000,0.000000
23.799999,0.976993,0.359221,2.023007,-0.359221,0.258079,0.000000,0.000000,0.000000,0.000000,0.000000,0.000000
23.899999,0.975820,0.355835,2.024180,-0.355835,0.253237,0.000000,0.000000,0.000000,0.000000,0.000000,0.000000
23.999999,0.974643,0.352492,2.025357,-0.352492,0.248502,0.000000,0.000000,0.000000,0.000000,0.000000,0.000000
24.099999,0.973462,0.349193,2.026538,-0.349193,0.243871,0.000000,0.000000,0.000000,0.000000,0.000000,0.000000
24.199999,0.972277,0.345936,2.027723,-0.345936,0.239343,0.000000,0.000000,0.000000,0.000000,0.000000,0.000000
24.299999,0.971089,0.342720,2.028911,-0.342720,0.234915,0.000000,0.000000,0.000000,0.000000,0.000000,0.000000
24.399999,0.969897,0.339547,2.030103,-0.339547,0.230584,0.000000,0.000000,0.000000,0.000000,0.000000,0.000000
24.499999,0.968702,0.336414,2.031298,-0.336414,0.226349,0.000000,0.000000,0.000000,0.000000,0.000000,0.000000
24.599999,0.967504,0.333321,2.032496,-0.333321,0.222206,0.000000,0.000000,0.000000,0.000000,0.000000,0.000000
24.699999,0.966303,0.330269,2.033697,-0.330269,0.218155,0.000000,0.000000,0.000000,0.000000,0.000000,0.000000
24.799999,0.965099,0.327256,2.034901,-0.327256,0.214193,0.000000,0.000000,0.000000,0.000000,0.000000,0.000000
24.899999,0.963892,0.324282,2.036108,-0.324282,0.210318,0.000000,0.000000,0.000000,0.000000,0.000000,0.000000
24.999999,0.962684,0.321347,2.037316,-0.321347,0.206527,0.000000,0.000000,0.000000,0.000000,0.000000,0.000000
25.099999,0.961473,0.318449,2.038527,-0.318449,0.202819,0.000000,0.000000,0.000000,0.000000,0.000000,0.000000
25.199999,0.960260,0.315589,2.039740,-0.315589,0.199193,0.000000,0.000000,0.000000,0.000000,0.000000,0.000000
25.299999,0.959045,0.312766,2.040955,-0.312766,0.195645,0.000000,0.000000,0.000000,0.000000,0.000000,0.000000
25.399999,0.957828,0.309980,2.042172,-0.309980,0.192175,0.000000,0.000000,0.000000,0.000000,0.000000,0.000000
25.499999,0.956610,0.307229,2.043390,-0.307229,0.188780,0.000000,0.000000,0.000000,0.000000,0.000000,0.000000
25.599999,0.955390,0.304514,2.044610,-0.304514,0.185458,0.000000,0.000000,0.000000,0.000000,0.000000,0.000000
25.699999,0.954169,0.301835,2.045831,-0.301835,0.182209,0.000000,0.000000,0.000000,0.000000,0.000000,0.000000
25.799999,0.952947,0.299190,2.047053,-0.299190,0.179029,0.000000,0.000000,0.000000,0.000000,0.000000,0.000000
25.899999,0.951724,0.296579,2.048276,-0.296579,0.175919,0.000000,0.000000,0.000000,0.000000,0.000000,0.000000
25.999999,0.950500,0.294002,2.049500,-0.294002,0.172875,0.000000,0.000000,0.000000,0.000000,0.000000,0.000000
26.099999,0.949275,0.291459,2.050725,-0.291459,0.169897,0.000000,0.000000,0.000000,0.000000,0.000000,0.000000
26.199999,0.948049,0.288948,2.051951,-0.288948,0.166982,0.000000,0.000000,0.000000,0.000000,0.000000,0.000000
26.299999,0.946823,0.286470,2.053177,-0.286470,0.164130,0.000000,0.000000,0.000000,0.000000,0.000000,0.000000
26.399999,0.945597,0.284024,2.054403,-0.284024,0.161339,0.000000,0.000000,0.000000,0.000000,0.000000,0.000000
26.499999,0.944371,0.281609,2.055629,-0.281609,0.158607,0.000000,0.000000,0.000000,0.000000,0.000000,0.000000
26.599999,0.943144,0.279225,2.056856,-0.279225,0.155933,0.000000,0.000000,0.000000,0.000000,0.000000,0.000000
26.699999,0.941917,0.276872,2.058083,-0.276872,0.153317,0.000000,0.000000,0.000000,0.000000,0.000000,0.000000
26.799999,0.940691,0.274550,2.059309,-0.274550,0.150755,0.000000,0.000000,0.000000,0.000000,0.000000,0.000000
26.899999,0.939464,0.272257,2.060536,-0.272257,0.148248,0.000000,0.000000,0.000000,0.000000,0.000000,0.000000
26.999999,0.938238,0.269993,2.061762,-0.269993,0.145793,0.000000,0.000000,0.000000,0.000000,0.000000,0.000000
27.099999,0.937013,0.267759,2.062987,-0.267759,0.143390,0.000000,0.000000,0.000000,0.000000,0.000000,0.000000
27.199999,0.935788,0.265553,2.064212,-0.265553,0.141037,0.000000,0.000000,0.000000,0.000000,0.000000,0.000000
27.299999,0.934563,0.263376,2.065437,-0.263376,0.138734,0.000000,0.000000,0.000000,0.000000,0.000000,0.000000
27.399999,0.933339,0.261226,2.066661,-0.261226,0.136478,0.000000,0.000000,0.000000,0.000000,0.000000,0.000000
27.499999,0.932117,0.259104,2.067883,-0.259104,0.134269,0.000000,0.000000,0.000000,0.000000,0.000000,0.000000
27.599999,0.930895,0.257008,2.069105,-0.257008,0.132107,0.000000,0.000000,0.000000,0.000000,0.000000,0.000000
27.699999,0.929674,0.254940,2.070326,-0.254940,0.129989,0.000000,0.000000,0.000000,0.000000,0.000000,0.000000
27.799999,0.928454,0.252898,2.071546,-0.252898,0.127914,0.000000,0.000000,0.000000,0.000000,0.000000,0.000000
27.899999,0.927235,0.250881,2.072765,-0.250881,0.125883,0.000000,0.000000,0.000000,0.000000,0.000000,0.000000
27.999999,0.926018,0.248890,2.073982,-0.248890,0.123893,0.000000,0.000000,0.000000,0.000000,0.000000,0.000000
28.099999,0.924802,0.246925,2.075198,-0.246925,0.121943,0.000000,0.000000,0.000000,0.000000,0.000000,0.000000
28.199999,0.923588,0.244984,2.076412,-0.244984,0.120034,0.000000,0.000000,0.000000,0.000000,0.000000,0.000000
28.299999,0.922375,0.243067,2.077625,-0.243067,0.118163,0.000000,0.000000,0.000000,0.000000,0.000000,0.000000
28.399999,0.921163,0.241175,2.078837,-0.241175,0.116331,0.000000,0.000000,0.000000,0.000000,0.000000,0.000000
28.499999,0.919953,0.239306,2.080047,-0.239306,0.114535,0.000000,0.000000,0.000000,0.000000,0.000000,0.000000
28.599999,0.918746,0.237461,2.081254,-0.237461,0.112775,0.000000,0.000000,0.000000,0.000000,0.000000,0.000000
28.699999,0.917539,0.235639,2.082461,-0.235639,0.111051,0.000000,0.000000,0.000000,0.000000,0.000000,0.000000
28.799999,0.916335,0.233840,2.083665,-0.233840,0.109362,0.000000,0.000000,0.000000,0.000000,0.000000,0.000000
28.899999,0.915133,0.232063,2.084867,-0.232063,0.107706,0.000000,0.000000,0.000000,0.000000,0.000000,0.000000
28.999999,0.913933,0.230308,2.086067,-0.230308,0.106083,0.000000,0.000000,0.000000,0.000000,0.000000,0.000000
29.099999,0.912734,0.228575,2.087266,-0.228575,0.104493,0.000000,0.000000,0.000000,0.000000,0.000000,0.000000
29.199999,0.911538,0.226863,2.088462,-0.226863,0.102934,0.000000,0.000000,0.000000,0.000000,0.000000,0.000000
29.299999,0.910344,0.225173,2.089656,-0.225173,0.101405,0.000000,0.000000,0.000000,0.000000,0.000000,0.000000
29.399999,0.909153,0.223503,2.090847,-0.223503,0.099907,0.000000,0.000000,0.000000,0.000000,0.000000,0.000000
29.499999,0.907964,0.221854,2.092036,-0.221854,0.098438,0.000000,0.000000,0.000000,0.000000,0.000000,0.000000
29.599999,0.906777,0.220225,2.093223,-0.220225,0.096998,0.000000,0.000000,0.000000,0.000000,0.000000,0.000000
29.699999,0.905592,0.218616,2.094408,-0.218616,0.095586,0.000000,0.000000,0.000000,0.000000,0.000000,0.000000
29.799999,0.904410,0.217027,2.095590,-0.217027,0.094201,0.000000,0.000000,0.000000,0.000000,0.000000,0.000000
29.899999,0.903231,0.215457,2.096769,-0.215457,0.092843,0.000000,0.000000,0.000000,0.000000,0.000000,0.000000
29.999999,0.902054,0.213906,2.097946,-0.213906,0.091512,0.000000,0.000000,0.000000,0.000000,0.000000,0.000000
30.099999,0.900880,0.212374,2.099120,-0.212374,0.090206,0.000000,0.000000,0.000000,0.000000,0.000000,0.000000
30.199999,0.899708,0.210861,2.100292,-0.210861,0.088925,0.000000,0.000000,0.000000,0.000000,0.000000,0.000000
30.299999,0.898539,0.209366,2.101461,-0.209366,0.087668,0.000000,0.000000,0.000000,0.000000,0.000000,0.000000
30.399999,0.897373,0.207889,2.102627,-0.207889,0.086435,0.000000,0.000000,0.000000,0.000000,0.000000,0.000000
30.499999,0.896210,0.206429,2.103790,-0.206429,0.085226,0.000000,0.000000,0.000000,0.000000,0.000000,0.000000
30.599999,0.895049,0.204987,2.104951,-0.204987,0.084040,0.000000,0.000000,0.000000,0.000000,0.000000,0.000000
30.699999,0.893892,0.203563,2.106108,-0.203563,0.082875,0.000000,0.000000,0.000000,0.000000,0.000000,0.000000
30.799999,0.892737,0.202155,2.107263,-0.202155,0.081733,0.000000,0.000000,0.000000,0.000000,0.000000,0.000000
30.899999,0.891585,0.200764,2.108415,-0.200764,0.080612,0.000000,0.000000,0.000000,0.000000,0.000000,0.000000
30.999999,0.890436,0.199389,2.109564,-0.199389,0.079512,0.000000,0.000000,0.000000,0.000000,0.000000,0.000000
31.099999,0.889290,0.198031,2.110710,-0.198031,0.078433,0.000000,0.000000,0.000000,0.000000,0.000000,0.000000
31.199999,0.888148,0.196689,2.111852,-0.196689,0.077373,0.000000,0.000000,0.000000,0.000000,0.000000,0.000000
31.299999,0.887008,0.195363,2.112992,-0.195363,0.076333,0.000000,0.000000,0.000000,0.000000,0.000000,0.000000
31.399999,0.885871,0.194052,2.114129,-0.194052,0.075312,0.000000,0.000000,0.000000,0.000000,0.000000,0.000000
31.499999,0.884738,0.192756,2.115262,-0.192756,0.074310,0.000000,0.000000,0.000000,0.000000,0.000000,0.000000
31.599999,0.883608,0.191476,2.116392,-0.191476,0.073326,0.000000,0.000000,0.000000,0.000000,0.000000,0.000000
31.699999,0.882481,0.190210,2.117519,-0.190210,0.072360,0.000000,0.000000,0.000000,0.000000,0.000000,0.000000
31.799999,0.881357,0.188960,2.118643,-0.188960,0.071412,0.000000,0.000000,0.000000,0.000000,0.000000,0.000000
31.899999,0.880236,0.187723,2.119764,-0.187723,0.070480,0.000000,0.000000,0.000000,0.000000,0.000000,0.000000
31.999999,0.879119,0.186501,2.120881,-0.186501,0.069565,0.000000,0.000000,0.000000,0.000000,0.000000,0.000000
32.099999,0.878004,0.185293,2.121996,-0.185293,0.068667,0.000000,0.000000,0.000000,0.000000,0.000000,0.000000
32.199999,0.876894,0.184099,2.123106,-0.184099,0.067785,0.000000,0.000000,0.000000,0.000000,0.000000,0.000000
32.299999,0.875786,0.182919,2.124214,-0.182919,0.066918,0.000000,0.000000,0.000000,0.000000,0.000000,0.000000
32.399999,0.874682,0.181752,2.125318,-0.181752,0.066067,0.000000,0.000000,0.000000,0.000000,0.000000,0.000000
32.499999,0.873581,0.180598,2.126419,-0.180598,0.065231,0.000000,0.000000,0.000000,0.000000,0.000000,0.000000
32.599999,0.872484,0.179457,2.127516,-0.179457,0.064410,0.000000,0.000000,0.000000,0.000000,0.000000,0.000000
32.699999,0.871390,0.178329,2.128610,-0.178329,0.063603,0.000000,0.000000,0.000000,0.000000,0.000000,0.000000
32.799999,0.870299,0.177214,2.129701,-0.177214,0.062810,0.000000,0.000000,0.000000,0.000000,0.000000,0.000000
32.899999,0.869212,0.176112,2.130788,-0.176112,0.062031,0.000000,0.000000,0.000000,0.000000,0.000000,0.000000
32.999999,0.868128,0.175022,2.131872,-0.175022,0.061265,0.000000,0.000000,0.000000,0.000000,0.000000,0.000000
33.099999,0.867047,0.173944,2.132953,-0.173944,0.060513,0.000000,0.000000,0.000000,0.000000,0.000000,0.000000
33.199999,0.865970,0.172878,2.134030,-0.172878,0.059773,0.000000,0.000000,0.000000,0.000000,0.000000,0.000000
33.299999,0.864897,0.171824,2.135103,-0.171824,0.059047,0.000000,0.000000,0.000000,0.000000,0.000000,0.000000
33.399999,0.863827,0.170781,2.136173,-0.170781,0.058332,0.000000,0.000000,0.000000,0.000000,0.000000,0.000000
33.499999,0.862760,0.169750,2.137240,-0.169750,0.057630,0.000000,0.000000,0.000000,0.000000,0.000000,0.000000
33.599999,0.861697,0.168730,2.138303,-0.168730,0.056940,0.000000,0.000000,0.000000,0.000000,0.000000,0.000000
33.699999,0.860638,0.167722,2.139362,-0.167722,0.056261,0.000000,0.000000,0.000000,0.000000,0.000000,0.000000
33.799999,0.859582,0.166724,2.140418,-0.166724,0.055594,0.000000,0.000000,0.000000,0.000000,0.000000,0.000000
33.899999,0.858529,0.165738,2.141471,-0.165738,0.054938,0.000000,0.000000,0.000000,0.000000,0.000000,0.000000
33.999999,0.857481,0.164762,2.142519,-0.164762,0.054293,0.000000,0.000000,0.000000,0.000000,0.000000,0.000000
34.099999,0.856435,0.163797,2.143565,-0.163797,0.053659,0.000000,0.000000,0.000000,0.000000,0.000000,0.000000
34.199999,0.855393,0.162842,2.144607,-0.162842,0.053035,0.000000,0.000000,0.000000,0.000000,0.000000,0.000000
34.299999,0.854355,0.161897,2.145645,-0.161897,0.052421,0.000000,0.000000,0.000000,0.000000,0.000000,0.000000
34.399999,0.853320,0.160963,2.146680,-0.160963,0.051818,0.000000,0.000000,0.000000,0.000000,0.000000,0.000000
34.499999,0.852289,0.160038,2.147711,-0.160038,0.051225,0.000000,0.000000,0.000000,0.000000,0.000000,0.000000
34.599999,0.851261,0.159124,2.148739,-0.159124,0.050641,0.000000,0.000000,0.000000,0.000000,0.000000,0.000000
34.699999,0.850237,0.158219,2.149763,-0.158219,0.050066,0.000000,0.000000,0.000000,0.000000,0.000000,0.000000
34.799999,0.849216,0.157324,2.150784,-0.157324,0.049501,0.000000,0.000000,0.000000,0.000000,0.000000,0.000000
34.899999,0.848199,0.156438,2.151801,-0.156438,0.048945,0.000000,0.000000,0.000000,0.000000,0.000000,0.000000
34.999999,0.847186,0.155561,2.152814,-0.155561,0.048399,0.000000,0.000000,0.000000,0.000000,0.000000,0.000000
35.099999,0.846176,0.154694,2.153824,-0.154694,0.047860,0.000000,0.000000,0.000000,0.000000,0.000000,0.000000
35.199999,0.845170,0.153835,2.154830,-0.153835,0.047331,0.000000,0.000000,0.000000,0.000000,0.000000,0.000000
35.299999,0.844167,0.152986,2.155833,-0.152986,0.046810,0.000000,0.000000,0.000000,0.000000,0.000000,0.000000
35.399999,0.843167,0.152146,2.156833,-0.152146,0.046297,0.000000,0.000000,0.000000,0.000000,0.000000,0.000000
35.499999,0.842172,0.151314,2.157828,-0.151314,0.045792,0.000000,0.000000,0.000000,0.000000,0.000000,0.000000
35.599999,0.841180,0.150491,2.158820,-0.150491,0.045295,0.000000,0.000000,0.000000,0.000000,0.000000,0.000000
35.699999,0.840191,0.149676,2.159809,-0.149676,0.044806,0.000000,0.000000,0.000000,0.000000,0.000000,0.000000
35.799999,0.839206,0.148869,2.160794,-0.148869,0.044324,0.000000,0.000000,0.000000,0.000000,0.000000,0.000000
35.899999,0.838225,0.148071,2.161775,-0.148071,0.043850,0.000000,0.000000,0.000000,0.000000,0.000000,0.000000
35.999999,0.837247,0.147281,2.162753,-0.147281,0.043384,0.000000,0.000000,0.000000,0.000000,0.000000,0.000000
36.099999,0.836272,0.146499,2.163728,-0.146499,0.042924,0.000000,0.000000,0.000000,0.000000,0.000000,0.000000
36.199999,0.835301,0.145725,2.164699,-0.145725,0.042472,0.000000,0.000000,0.000000,0.000000,0.000000,0.000000
36.299999,0.834334,0.144959,2.165666,-0.144959,0.042026,0.000000,0.000000,0.000000,0.000000,0.000000,0.000000
36.399999,0.833370,0.144200,2.166630,-0.144200,0.041587,0.000000,0.000000,0.000000,0.000000,0.000000,0.000000
36.499999,0.832410,0.143449,2.167590,-0.143449,0.041155,0.000000,0.000000,0.000000,0.000000,0.000000,0.000000
36.599999,0.831453,0.142706,2.168547,-0.142706,0.040730,0.000000,0.000000,0.000000,0.000000,0.000000,0.000000
36.699999,0.830500,0.141970,2.169500,-0.141970,0.040311,0.000000,0.000000,0.000000,0.000000,0.000000,0.000000
36.799999,0.829550,0.141241,2.170450,-0.141241,0.039898,0.000000,0.000000,0.000000,0.000000,0.000000,0.000000
36.899999,0.828604,0.140519,2.171396,-0.140519,0.039491,0.000000,0.000000,0.000000,0.000000,0.000000,0.000000
36.999999,0.827661,0.139805,2.172339,-0.139805,0.039091,0.000000,0.000000,0.000000,0.000000,0.000000,0.000000
37.099999,0.826721,0.139097,2.173279,-0.139097,0.038696,0.000000,0.000000,0.000000,0.000000,0.000000,0.000000
37.199999,0.825786,0.138397,2.174214,-0.138397,0.038307,0.000000,0.000000,0.000000,0.000000,0.000000,0.000000
37.299999,0.824853,0.137703,2.175147,-0.137703,0.037924,0.000000,0.000000,0.000000,0.000000,0.000000,0.000000
37.399999,0.823924,0.137016,2.176076,-0.137016,0.037547,0.000000,0.000000,0.000000,0.000000,0.000000,0.000000
37.499999,0.822999,0.136336,2.177001,-0.136336,0.037175,0.000000,0.000000,0.000000,0.000000,0.000000,0.000000
37.599999,0.822077,0.135662,2.177923,-0.135662,0.036808,0.000000,0.000000,0.000000,0.000000,0.000000,0.000000
37.699999,0.821158,0.134995,2.178842,-0.134995,0.036447,0.000000,0.000000,0.000000,0.000000,0.000000,0.000000
37.799999,0.820243,0.134334,2.179757,-0.134334,0.036091,0.000000,0.000000,0.000000,0.000000,0.000000,0.000000
37.899999,0.819331,0.133679,2.180669,-0.133679,0.035740,0.000000,0.000000,0.000000,0.000000,0.000000,0.000000
37.999999,0.818423,0.133031,2.181577,-0.133031,0.035394,0.000000,0.000000,0.000000,0.000000,0.000000,0.000000
38.099999,0.817518,0.132389,2.182482,-0.132389,0.035054,0.000000,0.000000,0.000000,0.000000,0.000000,0.000000
38.199999,0.816616,0.131753,2.183384,-0.131753,0.034718,0.000000,0.000000,0.000000,0.000000,0.000000,0.000000
38.299999,0.815718,0.131123,2.184282,-0.131123,0.034386,0.000000,0.000000,0.000000,0.000000,0.000000,0.000000
38.399999,0.814824,0.130498,2.185176,-0.130498,0.034060,0.000000,0.000000,0.000000,0.000000,0.000000,0.000000
38.499999,0.813932,0.129880,2.186068,-0.129880,0.033738,0.000000,0.000000,0.000000,0.000000,0.000000,0.000000
38.599999,0.813044,0.129268,2.186956,-0.129268,0.033420,0.000000,0.000000,0.000000,0.000000,0.000000,0.000000
38.699999,0.812159,0.128661,2.187841,-0.128661,0.033107,0.000000,0.000000,0.000000,0.000000,0.000000,0.000000
38.799999,0.811278,0.128060,2.188722,-0.128060,0.032798,0.000000,0.000000,0.000000,0.000000,0.000000,0.000000
38.899999,0.810400,0.127464,2.189600,-0.127464,0.032494,0.000000,0.000000,0.000000,0.000000,0.000000,0.000000
38.999999,0.809525,0.126874,2.190475,-0.126874,0.032194,0.000000,0.000000,0.000000,0.000000,0.000000,0.000000
39.099999,0.808654,0.126289,2.191346,-0.126289,0.031898,0.000000,0.000000,0.000000,0.000000,0.000000,0.000000
39.199999,0.807785,0.125710,2.192215,-0.125710,0.031606,0.000000,0.000000,0.000000,0.000000,0.000000,0.000000
39.299999,0.806920,0.125135,2.193080,-0.125135,0.031318,0.000000,0.000000,0.000000,0.000000,0.000000,0.000000
39.399999,0.806059,0.124567,2.193941,-0.124567,0.031034,0.000000,0.000000,0.000000,0.000000,0.000000,0.000000
39.499999,0.805200,0.124003,2.194800,-0.124003,0.030753,0.000000,0.000000,0.000000,0.000000,0.000000,0.000000
39.599999,0.804345,0.123444,2.195655,-0.123444,0.030477,0.000000,0.000000,0.000000,0.000000,0.000000,0.000000
39.699999,0.803493,0.122891,2.196507,-0.122891,0.030204,0.000000,0.000000,0.000000,0.000000,0.000000,0.000000
39.799999,0.802645,0.122342,2.197355,-0.122342,0.029935,0.000000,0.000000,0.000000,0.000000,0.000000,0.000000
39.899999,0.801799,0.121798,2.198201,-0.121798,0.029670,0.000000,0.000000,0.000000,0.000000,0.000000,0.000000
39.999999,0.800957,0.121259,2.199043,-0.121259,0.029408,0.000000,0.000000,0.000000,0.000000,0.000000,0.000000
40.099999,0.800118,0.120725,2.199882,-0.120725,0.029149,0.000000,0.000000,0.000000,0.000000,0.000000,0.000000
40.199999,0.799282,0.120196,2.200718,-0.120196,0.028894,0.000000,0.000000,0.000000,0.000000,0.000000,0.000000
40.299999,0.798449,0.119671,2.201551,-0.119671,0.028642,0.000000,0.000000,0.000000,0.000000,0.000000,0.000000
40.399999,0.797620,0.119151,2.202380,-0.119151,0.028394,0.000000,0.000000,0.000000,0.000000,0.000000,0.000000
40.499999,0.796793,0.118635,2.203207,-0.118635,0.028149,0.000000,0.000000,0.000000,0.000000,0.000000,0.000000
40.599999,0.795970,0.118124,2.204030,-0.118124,0.027907,0.000000,0.000000,0.000000,0.000000,0.000000,0.000000
40.699999,0.795150,0.117617,2.204850,-0.117617,0.027668,0.000000,0.000000,0.000000,0.000000,0.000000,0.000000
40.799999,0.794333,0.117115,2.205667,-0.117115,0.027432,0.000000,0.000000,0.000000,0.000000,0.000000,0.000000
40.899999,0.793519,0.116617,2.206481,-0.116617,0.027199,0.000000,0.000000,0.000000,0.000000,0.000000,0.000000
40.999999,0.792708,0.116124,2.207292,-0.116124,0.026969,0.000000,0.000000,0.000000,0.000000,0.000000,0.000000
41.099999,0.791900,0.115634,2.208100,-0.115634,0.026743,0.000000,0.000000,0.000000,0.000000,0.000000,0.000000
41.199999,0.791095,0.115149,2.208905,-0.115149,0.026519,0.000000,0.000000,0.000000,0.000000,0.000000,0.000000
41.299999,0.790293,0.114668,2.209707,-0.114668,0.026298,0.000000,0.000000,0.000000,0.000000,0.000000,0.000000
41.399999,0.789495,0.114191,2.210505,-0.114191,0.026079,0.000000,0.000000,0.000000,0.000000,0.000000,0.000000
41.499999,0.788699,0.113718,2.211301,-0.113718,0.025864,0.000000,0.000000,0.000000,0.000000,0.000000,0.000000
41.599999,0.787906,0.113249,2.212094,-0.113249,0.025651,0.000000,0.000000,0.000000,0.000000,0.000000,0.000000
41.699999,0.787117,0.112784,2.212883,-0.112784,0.025441,0.000000,0.000000,0.000000,0.000000,0.000000,0.000000
41.799999,0.786330,0.112323,2.213670,-0.112323,0.025233,0.000000,0.000000,0.000000,0.000000,0.000000,0.000000
41.899999,0.785546,0.111866,2.214454,-0.111866,0.025028,0.000000,0.000000,0.000000,0.000000,0.000000,0.000000
41.999999,0.784765,0.111413,2.215235,-0.111413,0.024826,0.000000,0.000000,0.000000,0.000000,0.000000,0.000000
42.099999,0.783988,0.110963,2.216012,-0.110963,0.024626,0.000000,0.000000,0.000000,0.000000,0.000000,0.000000
42.199999,0.783213,0.110517,2.216787,-0.110517,0.024428,0.000000,0.000000,0.000000,0.000000,0.000000,0.000000
42.299999,0.782441,0.110075,2.217559,-0.110075,0.024233,0.000000,0.000000,0.000000,0.000000,0.000000,0.000000
42.399999,0.781672,0.109636,2.218328,-0.109636,0.024040,0.000000,0.000000,0.000000,0.000000,0.000000,0.000000
42.499999,0.780905,0.109201,2.219095,-0.109201,0.023850,0.000000,0.000000,0.000000,0.000000,0.000000,0.000000
42.599999,0.780142,0.108770,2.219858,-0.108770,0.023662,0.000000,0.000000,0.000000,0.000000,0.000000,0.000000
42.699999,0.779382,0.108342,2.220618,-0.108342,0.023476,0.000000,0.000000,0.000000,0.000000,0.000000,0.000000
42.799999,0.778624,0.107917,2.221376,-0.107917,0.023292,0.000000,0.000000,0.000000,0.000000,0.000000,0.000000
42.899999,0.777869,0.107496,2.222131,-0.107496,0.023111,0.000000,0.000000,0.000000,0.000000,0.000000,0.000000
42.999999,0.777117,0.107078,2.222883,-0.107078,0.022932,0.000000,0.000000,0.000000,0.000000,0.000000,0.000000
43.099999,0.776368,0.106664,2.223632,-0.106664,0.022754,0.000000,0.000000,0.000000,0.000000,0.000000,0.000000
43.199999,0.775622,0.106253,2.224378,-0.106253,0.022579,0.000000,0.000000,0.000000,0.000000,0.000000,0.000000
43.299999,0.774878,0.105845,2.225122,-0.105845,0.022406,0.000000,0.000000,0.000000,0.000000,0.000000,0.000000
43.399999,0.774137,0.105441,2.225863,-0.105441,0.022236,0.000000,0.000000,0.000000,0.000000,0.000000,0.000000
43.499999,0.773400,0.105040,2.226600,-0.105040,0.022067,0.000000,0.000000,0.000000,0.000000,0.000000,0.000000
43.599999,0.772664,0.104641,2.227336,-0.104641,0.021900,0.000000,0.000000,0.000000,0.000000,0.000000,0.000000
43.699999,0.771932,0.104246,2.228068,-0.104246,0.021735,0.000000,0.000000,0.000000,0.000000,0.000000,0.000000
43.799999,0.771202,0.103855,2.228798,-0.103855,0.021572,0.000000,0.000000,0.000000,0.000000,0.000000,0.000000
43.899999,0.770475,0.103466,2.229525,-0.103466,0.021410,0.000000,0.000000,0.000000,0.000000,0.000000,0.000000
43.999999,0.769751,0.103080,2.230249,-0.103080,0.021251,0.000000,0.000000,0.000000,0.000000,0.000000,0.000000
44.099999,0.769029,0.102697,2.230971,-0.102697,0.021093,0.000000,0.000000,0.000000,0.000000,0.000000,0.000000
44.199999,0.768310,0.102317,2.231690,-0.102317,0.020938,0.000000,0.000000,0.000000,0.000000,0.000000,0.000000
44.299999,0.767594,0.101941,2.232406,-0.101941,0.020784,0.000000,0.000000,0.000000,0.000000,0.000000,0.000000
44.399999,0.766880,0.101567,2.233120,-0.101567,0.020632,0.000000,0.000000,0.000000,0.000000,0.000000,0.000000
44.499999,0.766169,0.101195,2.233831,-0.101195,0.020481,0.000000,0.000000,0.000000,0.000000,0.000000,0.000000
44.599999,0.765461,0.100827,2.234539,-0.100827,0.020332,0.000000,0.000000,0.000000,0.000000,0.000000,0.000000
44.699999,0.764755,0.100462,2.235245,-0.100462,0.020185,0.000000,0.000000,0.000000,0.000000,0.000000,0.000000
44.799999,0.764052,0.100099,2.235948,-0.100099,0.020040,0.000000,0.000000,0.000000,0.000000,0.000000,0.000000
44.899999,0.763351,0.099739,2.236649,-0.099739,0.019896,0.000000,0.000000,0.000000,0.000000,0.000000,0.000000
44.999999,0.762653,0.099382,2.237347,-0.099382,0.019753,0.000000,0.000000,0.000000,0.000000,0.000000,0.000000
45.099999,0.761958,0.099027,2.238042,-0.099027,0.019613,0.000000,0.000000,0.000000,0.000000,0.000000,0.000000
45.199999,0.761265,0.098675,2.238735,-0.098675,0.019474,0.000000,0.000000,0.000000,0.000000,0.000000,0.000000
45.299999,0.760575,0.098326,2.239425,-0.098326,0.019336,0.000000,0.000000,0.000000,0.000000,0.000000,0.000000
45.399999,0.759887,0.097979,2.240113,-0.097979,0.019200,0.000000,0.000000,0.000000,0.000000,0.000000,0.000000
45.499999,0.759202,0.097635,2.240798,-0.097635,0.019065,0.000000,0.000000,0.000000,0.000000,0.000000,0.000000
45.599999,0.758519,0.097294,2.241481,-0.097294,0.018932,0.000000,0.000000,0.000000,0.000000,0.000000,0.000000
45.699999,0.757839,0.096955,2.242161,-0.096955,0.018800,0.000000,0.000000,0.000000,0.000000,0.000000,0.000000
45.799999,0.757161,0.096618,2.242839,-0.096618,0.018670,0.000000,0.000000,0.000000,0.000000,0.000000,0.000000
45.899999,0.756485,0.096284,2.243515,-0.096284,0.018541,0.000000,0.000000,0.000000,0.000000,0.000000,0.000000
45.999999,0.755813,0.095953,2.244187,-0.095953,0.018414,0.000000,0.000000,0.000000,0.000000,0.000000,0.000000
46.099999,0.755142,0.095623,2.244858,-0.095623,0.018288,0.000000,0.000000,0.000000,0.000000,0.000000,0.000000
46.199999,0.754474,0.095297,2.245526,-0.095297,0.018163,0.000000,0.000000,0.000000,0.000000,0.000000,0.000000
46.299999,0.753809,0.094972,2.246191,-0.094972,0.018039,0.000000,0.000000,0.000000,0.000000,0.000000,0.000000
46.399999,0.753146,0.094650,2.246854,-0.094650,0.017917,0.000000,0.000000,0.000000,0.000000,0.000000,0.000000
46.499999,0.752485,0.094330,2.247515,-0.094330,0.017796,0.000000,0.000000,0.000000,0.000000,0.000000,0.000000
46.599999,0.751826,0.094013,2.248174,-0.094013,0.017677,0.000000,0.000000,0.000000,0.000000,0.000000,0.000000
46.699999,0.751170,0.093698,2.248830,-0.093698,0.017559,0.000000,0.000000,0.000000,0.000000,0.000000,0.000000
46.799999,0.750517,0.093385,2.249483,-0.093385,0.017441,0.000000,0.000000,0.000000,0.000000,0.000000,0.000000
46.899999,0.749866,0.093074,2.250134,-0.093074,0.017326,0.000000,0.000000,0.000000,0.000000,0.000000,0.000000
46.999999,0.749217,0.092765,2.250783,-0.092765,0.017211,0.000000,0.000000,0.000000,0.000000,0.000000,0.000000
47.099999,0.748570,0.092459,2.251430,-0.092459,0.017097,0.000000,0.000000,0.000000,0.000000,0.000000,0.000000
47.199999,0.747926,0.092155,2.252074,-0.092155,0.016985,0.000000,0.000000,0.000000,0.000000,0.000000,0.000000
47.299999,0.747284,0.091853,2.252716,-0.091853,0.016874,0.000000,0.000000,0.000000,0.000000,0.000000,0.000000
47.399999,0.746644,0.091553,2.253356,-0.091553,0.016764,0.000000,0.000000,0.000000,0.000000,0.000000,0.000000
47.499999,0.746007,0.091255,2.253993,-0.091255,0.016655,0.000000,0.000000,0.000000,0.000000,0.000000,0.000000
47.599999,0.745372,0.090959,2.254628,-0.090959,0.016547,0.000000,0.000000,0.000000,0.000000,0.000000,0.000000
47.699999,0.744739,0.090665,2.255261,-0.090665,0.016440,0.000000,0.000000,0.000000,0.000000,0.000000,0.000000
47.799999,0.744108,0.090374,2.255892,-0.090374,0.016335,0.000000,0.000000,0.000000,0.000000,0.000000,0.000000
47.899999,0.743480,0.090084,2.256520,-0.090084,0.016230,0.000000,0.000000,0.000000,0.000000,0.000000,0.000000
47.999999,0.742854,0.089796,2.257146,-0.089796,0.016127,0.000000,0.000000,0.000000,0.000000,0.000000,0.000000
48.099999,0.742230,0.089511,2.257770,-0.089511,0.016024,0.000000,0.000000,0.000000,0.000000,0.000000,0.000000
48.199999,0.741608,0.089227,2.258392,-0.089227,0.015923,0.000000,0.000000,0.000000,0.000000,0.000000,0.000000
48.299999,0.740989,0.088945,2.259011,-0.088945,0.015822,0.000000,0.000000,0.000000,0.000000,0.000000,0.000000
48.399999,0.740371,0.088665,2.259629,-0.088665,0.015723,0.000000,0.000000,0.000000,0.000000,0.000000,0.000000
48.499999,0.739756,0.088387,2.260244,-0.088387,0.015624,0.000000,0.000000,0.000000,0.000000,0.000000,0.000000
48.599999,0.739143,0.088111,2.260857,-0.088111,0.015527,0.000000,0.000000,0.000000,0.000000,0.000000,0.000000
48.699999,0.738532,0.087836,2.261468,-0.087836,0.015430,0.000000,0.000000,0.000000,0.000000,0.000000,0.000000
48.799999,0.737924,0.087564,2.262076,-0.087564,0.015335,0.000000,0.000000,0.000000,0.000000,0.000000,0.000000
48.899999,0.737317,0.087293,2.262683,-0.087293,0.015240,0.000000,0.000000,0.000000,0.000000,0.000000,0.000000
48.999999,0.736713,0.087024,2.263287,-0.087024,0.015146,0.000000,0.000000,0.000000,0.000000,0.000000,0.000000
49.099999,0.736110,0.086757,2.263890,-0.086757,0.015054,0.000000,0.000000,0.000000,0.000000,0.000000,0.000000
49.199999,0.735510,0.086492,2.264490,-0.086492,0.014962,0.000000,0.000000,0.000000,0.000000,0.000000,0.000000
49.299999,0.734912,0.086228,2.265088,-0.086228,0.014871,0.000000,0.000000,0.000000,0.000000,0.000000,0.000000
49.399999,0.734316,0.085966,2.265684,-0.085966,0.014780,0.000000,0.000000,0.000000,0.000000,0.000000,0.000000
49.499999,0.733722,0.085706,2.266278,-0.085706,0.014691,0.000000,0.000000,0.000000,0.000000,0.000000,0.000000
49.599999,0.733130,0.085448,2.266870,-0.085448,0.014603,0.000000,0.000000,0.000000,0.000000,0.000000,0.000000
49.699999,0.732540,0.085191,2.267460,-0.085191,0.014515,0.000000,0.000000,0.000000,0.000000,0.000000,0.000000
49.799999,0.731952,0.084936,2.268048,-0.084936,0.014428,0.000000,0.000000,0.000000,0.000000,0.000000,0.000000
49.899999,0.731367,0.084683,2.268633,-0.084683,0.014342,0.000000,0.000000,0.000000,0.000000,0.000000,0.000000
49.999999,0.730783,0.084431,2.269217,-0.084431,0.014257,0.000000,0.000000,0.000000,0.000000,0.000000,0.000000
50.099999,0.730201,0.084181,2.269799,-0.084181,0.014173,0.000000,0.000000,0.000000,0.000000,0.000000,0.000000
50.199999,0.729621,0.083932,2.270379,-0.083932,0.014089,0.000000,0.000000,0.000000,0.000000,0.000000,0.000000
50.299999,0.729043,0.083685,2.270957,-0.083685,0.014006,0.000000,0.000000,0.000000,0.000000,0.000000,0.000000
50.399999,0.728468,0.083440,2.271532,-0.083440,0.013924,0.000000,0.000000,0.000000,0.000000,0.000000,0.000000
50.499999,0.727894,0.083196,2.272106,-0.083196,0.013843,0.000000,0.000000,0.000000,0.000000,0.000000,0.000000
50.599999,0.727322,0.082954,2.272678,-0.082954,0.013763,0.000000,0.000000,0.000000,0.000000,0.000000,0.000000
50.699999,0.726752,0.082713,2.273248,-0.082713,0.013683,0.000000,0.000000,0.000000,0.000000,0.000000,0.000000
50.799999,0.726184,0.082474,2.273816,-0.082474,0.013604,0.000000,0.000000,0.000000,0.000000,0.000000,0.000000
50.899999,0.725618,0.082236,2.274382,-0.082236,0.013525,0.000000,0.000000,0.000000,0.000000,0.000000,0.000000
50.999999,0.725054,0.082000,2.274946,-0.082000,0.013448,0.000000,0.000000,0.000000,0.000000,0.000000,0.000000
51.099999,0.724491,0.081765,2.275509,-0.081765,0.013371,0.000000,0.000000,0.000000,0.000000,0.000000,0.000000
51.199999,0.723931,0.081532,2.276069,-0.081532,0.013295,0.000000,0.000000,0.000000,0.000000,0.000000,0.000000
51.299999,0.723373,0.081300,2.276627,-0.081300,0.013219,0.000000,0.000000,0.000000,0.000000,0.000000,0.000000
51.399999,0.722816,0.081069,2.277184,-0.081069,0.013144,0.000000,0.000000,0.000000,0.000000,0.000000,0.000000
51.499999,0.722261,0.080840,2.277739,-0.080840,0.013070,0.000000,0.000000,0.000000,0.000000,0.000000,0.000000
51.599999,0.721709,0.080613,2.278291,-0.080613,0.012997,0.000000,0.000000,0.000000,0.000000,0.000000,0.000000
51.699999,0.721158,0.080387,2.278842,-0.080387,0.012924,0.000000,0.000000,0.000000,0.000000,0.000000,0.000000
51.799999,0.720608,0.080162,2.279392,-0.080162,0.012852,0.000000,0.000000,0.000000,0.000000,0.000000,0.000000
51.899999,0.720061,0.079938,2.279939,-0.079938,0.012780,0.000000,0.000000,0.000000,0.000000,0.000000,0.000000
51.999999,0.719516,0.079716,2.280484,-0.079716,0.012709,0.000000,0.000000,0.000000,0.000000,0.000000,0.000000
52.099999,0.718972,0.079496,2.281028,-0.079496,0.012639,0.000000,0.000000,0.000000,0.000000,0.000000,0.000000
52.199999,0.718430,0.079276,2.281570,-0.079276,0.012569,0.000000,0.000000,0.000000,0.000000,0.000000,0.000000
52.299999,0.717890,0.079058,2.282110,-0.079058,0.012500,0.000000,0.000000,0.000000,0.000000,0.000000,0.000000
52.399999,0.717352,0.078841,2.282648,-0.078841,0.012432,0.000000,0.000000,0.000000,0.000000,0.000000,0.000000
52.499999,0.716815,0.078626,2.283185,-0.078626,0.012364,0.000000,0.000000,0.000000,0.000000,0.000000,0.000000
52.599999,0.716281,0.078412,2.283719,-0.078412,0.012297,0.000000,0.000000,0.000000,0.000000,0.000000,0.000000
52.699999,0.715748,0.078199,2.284252,-0.078199,0.012230,0.000000,0.000000,0.000000,0.000000,0.000000,0.000000
52.799999,0.715217,0.077987,2.284783,-0.077987,0.012164,0.000000,0.000000,0.000000,0.000000,0.000000,0.000000
52.899999,0.714687,0.077777,2.285313,-0.077777,0.012098,0.000000,0.000000,0.000000,0.000000,0.000000,0.000000
52.999999,0.714159,0.077568,2.285841,-0.077568,0.012034,0.000000,0.000000,0.000000,0.000000,0.000000,0.000000
53.099999,0.713634,0.077360,2.286366,-0.077360,0.011969,0.000000,0.000000,0.000000,0.000000,0.000000,0.000000
53.199999,0.713109,0.077153,2.286891,-0.077153,0.011905,0.000000,0.000000,0.000000,0.000000,0.000000,0.000000
53.299999,0.712587,0.076948,2.287413,-0.076948,0.011842,0.000000,0.000000,0.000000,0.000000,0.000000,0.000000
53.399999,0.712066,0.076744,2.287934,-0.076744,0.011779,0.000000,0.000000,0.000000,0.000000,0.000000,0.000000
53.499999,0.711547,0.076541,2.288453,-0.076541,0.011717,0.000000,0.000000,0.000000,0.000000,0.000000,0.000000
53.599999,0.711029,0.076339,2.288971,-0.076339,0.011655,0.000000,0.000000,0.000000,0.000000,0.000000,0.000000
53.699999,0.710514,0.076138,2.289486,-0.076138,0.011594,0.000000,0.000000,0.000000,0.000000,0.000000,0.000000
53.799999,0.710000,0.075938,2.290000,-0.075938,0.011533,0.000000,0.000000,0.000000,0.000000,0.000000,0.000000
53.899999,0.709487,0.075740,2.290513,-0.075740,0.011473,0.000000,0.000000,0.000000,0.000000,0.000000,0.000000
53.999999,0.708976,0.075543,2.291024,-0.075543,0.011413,0.000000,0.000000,0.000000,0.000000,0.000000,0.000000
54.099999,0.708467,0.075347,2.291533,-0.075347,0.011354,0.000000,0.000000,0.000000,0.000000,0.000000,0.000000
54.199999,0.707960,0.075152,2.292040,-0.075152,0.011296,0.000000,0.000000,0.000000,0.000000,0.000000,0.000000
54.299999,0.707454,0.074958,2.292546,-0.074958,0.011237,0.000000,0.000000,0.000000,0.000000,0.000000,0.000000
54.399999,0.706950,0.074765,2.293050,-0.074765,0.011180,0.000000,0.000000,0.000000,0.000000,0.000000,0.000000
54.499999,0.706447,0.074573,2.293553,-0.074573,0.011122,0.000000,0.000000,0.000000,0.000000,0.000000,0.000000
54.599999,0.705946,0.074383,2.294054,-0.074383,0.011066,0.000000,0.000000,0.000000,0.000000,0.000000,0.000000
54.699999,0.705447,0.074193,2.294553,-0.074193,0.011009,0.000000,0.000000,0.000000,0.000000,0.000000,0.000000
54.799999,0.704949,0.074005,2.295051,-0.074005,0.010953,0.000000,0.000000,0.000000,0.000000,0.000000,0.000000
54.899999,0.704453,0.073817,2.295547,-0.073817,0.010898,0.000000,0.000000,0.000000,0.000000,0.000000,0.000000
54.999999,0.703958,0.073631,2.296042,-0.073631,0.010843,0.000000,0.000000,0.000000,0.000000,0.000000,0.000000
55.099999,0.703465,0.073446,2.296535,-0.073446,0.010789,0.000000,0.000000,0.000000,0.000000,0.000000,0.000000
55.199999,0.702973,0.073262,2.297027,-0.073262,0.010734,0.000000,0.000000,0.000000,0.000000,0.000000,0.000000
55.299999,0.702483,0.073078,2.297517,-0.073078,0.010681,0.000000,0.000000,0.000000,0.000000,0.000000,0.000000
55.399999,0.701995,0.072896,2.298005,-0.072896,0.010628,0.000000,0.000000,0.000000,0.000000,0.000000,0.000000
55.499999,0.701508,0.072715,2.298492,-0.072715,0.010575,0.000000,0.000000,0.000000,0.000000,0.000000,0.000000
55.599999,0.701023,0.072535,2.298977,-0.072535,0.010523,0.000000,0.000000,0.000000,0.000000,0.000000,0.000000
55.699999,0.700539,0.072355,2.299461,-0.072355,0.010471,0.000000,0.000000,0.000000,0.000000,0.000000,0.000000
55.799999,0.700056,0.072177,2.299944,-0.072177,0.010419,0.000000,0.000000,0.000000,0.000000,0.000000,0.000000
55.899999,0.699576,0.072000,2.300424,-0.072000,0.010368,0.000000,0.000000,0.000000,0.000000,0.000000,0.000000
55.999999,0.699096,0.071823,2.300904,-0.071823,0.010317,0.000000,0.000000,0.000000,0.000000,0.000000,0.000000
56.099999,0.698618,0.071648,2.301382,-0.071648,0.010267,0.000000,0.000000,0.000000,0.000000,0.000000,0.000000
56.199999,0.698142,0.071474,2.301858,-0.071474,0.010217,0.000000,0.000000,0.000000,0.000000,0.000000,0.000000
56.299999,0.697667,0.071300,2.302333,-0.071300,0.010167,0.000000,0.000000,0.000000,0.000000,0.000000,0.000000
56.399999,0.697194,0.071128,2.302806,-0.071128,0.010118,0.000000,0.000000,0.000000,0.000000,0.000000,0.000000
56.499999,0.696722,0.070956,2.303278,-0.070956,0.010069,0.000000,0.000000,0.000000,0.000000,0.000000,0.000000
56.599999,0.696251,0.070785,2.303749,-0.070785,0.010021,0.000000,0.000000,0.000000,0.000000,0.000000,0.000000
56.699999,0.695782,0.070615,2.304218,-0.070615,0.009973,0.000000,0.000000,0.000000,0.000000,0.000000,0.000000
56.799999,0.695315,0.070447,2.304685,-0.070447,0.009925,0.000000,0.000000,0.000000,0.000000,0.000000,0.000000
56.899999,0.694849,0.070279,2.305151,-0.070279,0.009878,0.000000,0.000000,0.000000,0.000000,0.000000,0.000000
56.999999,0.694384,0.070111,2.305616,-0.070111,0.009831,0.000000,0.000000,0.000000,0.000000,0.000000,0.000000
57.099999,0.693921,0.069945,2.306079,-0.069945,0.009785,0.000000,0.000000,0.000000,0.000000,0.000000,0.000000
57.199999,0.693459,0.069780,2.306541,-0.069780,0.009738,0.000000,0.000000,0.000000,0.000000,0.000000,0.000000
57.299999,0.692998,0.069615,2.307002,-0.069615,0.009693,0.000000,0.000000,0.000000,0.000000,0.000000,0.000000
57.399999,0.692539,0.069452,2.307461,-0.069452,0.009647,0.000000,0.000000,0.000000,0.000000,0.000000,0.000000
57.499999,0.692082,0.069289,2.307918,-0.069289,0.009602,0.000000,0.000000,0.000000,0.000000,0.000000,0.000000
57.599999,0.691625,0.069127,2.308375,-0.069127,0.009557,0.000000,0.000000,0.000000,0.000000,0.000000,0.000000
57.699999,0.691170,0.068966,2.308830,-0.068966,0.009513,0.000000,0.000000,0.000000,0.000000,0.000000,0.000000
57.799999,0.690717,0.068806,2.309283,-0.068806,0.009469,0.000000,0.000000,0.000000,0.000000,0.000000,0.000000
57.899999,0.690265,0.068647,2.309735,-0.068647,0.009425,0.000000,0.000000,0.000000,0.000000,0.000000,0.000000
57.999999,0.689814,0.068488,2.310186,-0.068488,0.009381,0.000000,0.000000,0.000000,0.000000,0.000000,0.000000
58.099999,0.689365,0.068330,2.310635,-0.068330,0.009338,0.000000,0.000000,0.000000,0.000000,0.000000,0.000000
58.199999,0.688917,0.068173,2.311083,-0.068173,0.009295,0.000000,0.000000,0.000000,0.000000,0.000000,0.000000
58.299999,0.688470,0.068017,2.311530,-0.068017,0.009253,0.000000,0.000000,0.000000,0.000000,0.000000,0.000000
58.399999,0.688024,0.067862,2.311976,-0.067862,0.009210,0.000000,0.000000,0.000000,0.000000,0.000000,0.000000
58.499999,0.687580,0.067707,2.312420,-0.067707,0.009169,0.000000,0.000000,0.000000,0.000000,0.000000,0.000000
58.599999,0.687138,0.067553,2.312862,-0.067553,0.009127,0.000000,0.000000,0.000000,0.000000,0.000000,0.000000
58.699999,0.686696,0.067400,2.313304,-0.067400,0.009086,0.000000,0.000000,0.000000,0.000000,0.000000,0.000000
58.799999,0.686256,0.067248,2.313744,-0.067248,0.009045,0.000000,0.000000,0.000000,0.000000,0.000000,0.000000
58.899999,0.685817,0.067097,2.314183,-0.067097,0.009004,0.000000,0.000000,0.000000,0.000000,0.000000,0.000000
58.999999,0.685380,0.066946,2.314620,-0.066946,0.008964,0.000000,0.000000,0.000000,0.000000,0.000000,0.000000
59.099999,0.684944,0.066796,2.315056,-0.066796,0.008923,0.000000,0.000000,0.000000,0.000000,0.000000,0.000000
59.199999,0.684509,0.066647,2.315491,-0.066647,0.008884,0.000000,0.000000,0.000000,0.000000,0.000000,0.000000
59.299999,0.684075,0.066499,2.315925,-0.066499,0.008844,0.000000,0.000000,0.000000,0.000000,0.000000,0.000000
59.399999,0.683643,0.066351,2.316357,-0.066351,0.008805,0.000000,0.000000,0.000000,0.000000,0.000000,0.000000
59.499999,0.683212,0.066204,2.316788,-0.066204,0.008766,0.000000,0.000000,0.000000,0.000000,0.000000,0.000000
59.599999,0.682782,0.066058,2.317218,-0.066058,0.008727,0.000000,0.000000,0.000000,0.000000,0.000000,0.000000
59.699999,0.682353,0.065912,2.317647,-0.065912,0.008689,0.000000,0.000000,0.000000,0.000000,0.000000,0.000000
59.799999,0.681926,0.065767,2.318074,-0.065767,0.008651,0.000000,0.000000,0.000000,0.000000,0.000000,0.000000
59.899999,0.681500,0.065623,2.318500,-0.065623,0.008613,0.000000,0.000000,0.000000,0.000000,0.000000,0.000000
59.999999,0.681075,0.065480,2.318925,-0.065480,0.008575,0.000000,0.000000,0.000000,0.000000,0.000000,0.000000
60.099999,0.680652,0.065337,2.319348,-0.065337,0.008538,0.000000,0.000000,0.000000,0.000000,0.000000,0.000000
60.199999,0.680229,0.065195,2.319771,-0.065195,0.008501,0.000000,0.000000,0.000000,0.000000,0.000000,0.000000
60.299999,0.679808,0.065054,2.320192,-0.065054,0.008464,0.000000,0.000000,0.000000,0.000000,0.000000,0.000000
60.399999,0.679388,0.064913,2.320612,-0.064913,0.008428,0.000000,0.000000,0.000000,0.000000,0.000000,0.000000
60.499999,0.678969,0.064774,2.321031,-0.064774,0.008391,0.000000,0.000000,0.000000,0.000000,0.000000,0.000000
60.599999,0.678552,0.064634,2.321448,-0.064634,0.008355,0.000000,0.000000,0.000000,0.000000,0.000000,0.000000
60.699999,0.678136,0.064496,2.321864,-0.064496,0.008319,0.000000,0.000000,0.000000,0.000000,0.000000,0.000000
60.799999,0.677721,0.064358,2.322279,-0.064358,0.008284,0.000000,0.000000,0.000000,0.000000,0.000000,0.000000
60.899999,0.677307,0.064221,2.322693,-0.064221,0.008249,0.000000,0.000000,0.000000,0.000000,0.000000,0.000000
60.999999,0.676894,0.064084,2.323106,-0.064084,0.008214,0.000000,0.000000,0.000000,0.000000,0.000000,0.000000
61.099999,0.676482,0.063948,2.323518,-0.063948,0.008179,0.000000,0.000000,0.000000,0.000000,0.000000,0.000000
61.199999,0.676072,0.063813,2.323928,-0.063813,0.008144,0.000000,0.000000,0.000000,0.000000,0.000000,0.000000
61.299999,0.675663,0.063678,2.324337,-0.063678,0.008110,0.000000,0.000000,0.000000,0.000000,0.000000,0.000000
61.399999,0.675255,0.063544,2.324745,-0.063544,0.008076,0.000000,0.000000,0.000000,0.000000,0.000000,0.000000
61.499999,0.674848,0.063411,2.325152,-0.063411,0.008042,0.000000,0.000000,0.000000,0.000000,0.000000,0.000000
61.599999,0.674442,0.063278,2.325558,-0.063278,0.008008,0.000000,0.000000,0.000000,0.000000,0.000000,0.000000
61.699999,0.674038,0.063146,2.325962,-0.063146,0.007975,0.000000,0.000000,0.000000,0.000000,0.000000,0.000000
61.799999,0.673634,0.063014,2.326366,-0.063014,0.007942,0.000000,0.000000,0.000000,0.000000,0.000000,0.000000
61.899999,0.673232,0.062884,2.326768,-0.062884,0.007909,0.000000,0.000000,0.000000,0.000000,0.000000,0.000000
61.999999,0.672831,0.062753,2.327169,-0.062753,0.007876,0.000000,0.000000,0.000000,0.000000,0.000000,0.000000
62.099999,0.672431,0.062624,2.327569,-0.062624,0.007843,0.000000,0.000000,0.000000,0.000000,0.000000,0.000000
62.199999,0.672032,0.062495,2.327968,-0.062495,0.007811,0.000000,0.000000,0.000000,0.000000,0.000000,0.000000
62.299999,0.671634,0.062366,2.328366,-0.062366,0.007779,0.000000,0.000000,0.000000,0.000000,0.000000,0.000000
62.399999,0.671237,0.062238,2.328763,-0.062238,0.007747,0.000000,0.000000,0.000000,0.000000,0.000000,0.000000
62.499999,0.670842,0.062111,2.329158,-0.062111,0.007716,0.000000,0.000000,0.000000,0.000000,0.000000,0.000000
62.599999,0.670447,0.061984,2.329553,-0.061984,0.007684,0.000000,0.000000,0.000000,0.000000,0.000000,0.000000
62.699999,0.670054,0.061858,2.329946,-0.061858,0.007653,0.000000,0.000000,0.000000,0.000000,0.000000,0.000000
62.799999,0.669661,0.061733,2.330339,-0.061733,0.007622,0.000000,0.000000,0.000000,0.000000,0.000000,0.000000
62.899999,0.669270,0.061608,2.330730,-0.061608,0.007591,0.000000,0.000000,0.000000,0.000000,0.000000,0.000000
62.999999,0.668880,0.061483,2.331120,-0.061483,0.007560,0.000000,0.000000,0.000000,0.000000,0.000000,0.000000
63.099999,0.668491,0.061359,2.331509,-0.061359,0.007530,0.000000,0.000000,0.000000,0.000000,0.000000,0.000000
63.199999,0.668103,0.061236,2.331897,-0.061236,0.007500,0.000000,0.000000,0.000000,0.000000,0.000000,0.000000
63.299999,0.667716,0.061113,2.332284,-0.061113,0.007470,0.000000,0.000000,0.000000,0.000000,0.000000,0.000000
63.399999,0.667330,0.060991,2.332670,-0.060991,0.007440,0.000000,0.000000,0.000000,0.000000,0.000000,0.000000
63.499999,0.666946,0.060870,2.333054,-0.060870,0.007410,0.000000,0.000000,0.000000,0.000000,0.000000,0.000000
63.599999,0.666562,0.060749,2.333438,-0.060749,0.007381,0.000000,0.000000,0.000000,0.000000,0.000000,0.000000
63.699999,0.666179,0.060628,2.333821,-0.060628,0.007352,0.000000,0.000000,0.000000,0.000000,0.000000,0.000000
63.799999,0.665797,0.060508,2.334203,-0.060508,0.007322,0.000000,0.000000,0.000000,0.000000,0.000000,0.000000
63.899999,0.665417,0.060389,2.334583,-0.060389,0.007294,0.000000,0.000000,0.000000,0.000000,0.000000,0.000000
63.999999,0.665037,0.060270,2.334963,-0.060270,0.007265,0.000000,0.000000,0.000000,0.000000,0.000000,0.000000
64.099999,0.664659,0.060151,2.335341,-0.060151,0.007236,0.000000,0.000000,0.000000,0.000000,0.000000,0.000000
64.199999,0.664281,0.060033,2.335719,-0.060033,0.007208,0.000000,0.000000,0.000000,0.000000,0.000000,0.000000
64.299999,0.663905,0.059916,2.336095,-0.059916,0.007180,0.000000,0.000000,0.000000,0.000000,0.000000,0.000000
64.399999,0.663529,0.059799,2.336471,-0.059799,0.007152,0.000000,0.000000,0.000000,0.000000,0.000000,0.000000
64.499999,0.663155,0.059683,2.336845,-0.059683,0.007124,0.000000,0.000000,0.000000,0.000000,0.000000,0.000000
64.599999,0.662781,0.059567,2.337219,-0.059567,0.007097,0.000000,0.000000,0.000000,0.000000,0.000000,0.000000
64.699999,0.662409,0.059452,2.337591,-0.059452,0.007069,0.000000,0.000000,0.000000,0.000000,0.000000,0.000000
64.799999,0.662037,0.059337,2.337963,-0.059337,0.007042,0.000000,0.000000,0.000000,0.000000,0.000000,0.000000
64.899999,0.661667,0.059223,2.338333,-0.059223,0.007015,0.000000,0.000000,0.000000,0.000000,0.000000,0.000000
64.999999,0.661297,0.059109,2.338703,-0.059109,0.006988,0.000000,0.000000,0.000000,0.000000,0.000000,0.000000
65.099999,0.660929,0.058996,2.339071,-0.058996,0.006961,0.000000,0.000000,0.000000,0.000000,0.000000,0.000000
65.199999,0.660561,0.058883,2.339439,-0.058883,0.006934,0.000000,0.000000,0.000000,0.000000,0.000000,0.000000
65.299999,0.660195,0.058771,2.339805,-0.058771,0.006908,0.000000,0.000000,0.000000,0.000000,0.000000,0.000000
65.399999,0.659829,0.058659,2.340171,-0.058659,0.006882,0.000000,0.000000,0.000000,0.000000,0.000000,0.000000
65.499999,0.659465,0.058547,2.340535,-0.058547,0.006856,0.000000,0.000000,0.000000,0.000000,0.000000,0.000000
65.599999,0.659101,0.058437,2.340899,-0.058437,0.006830,0.000000,0.000000,0.000000,0.000000,0.000000,0.000000
65.699999,0.658738,0.058326,2.341262,-0.058326,0.006804,0.000000,0.000000,0.000000,0.000000,0.000000,0.000000
65.799999,0.658377,0.058216,2.341623,-0.058216,0.006778,0.000000,0.000000,0.000000,0.000000,0.000000,0.000000
65.899999,0.658016,0.058107,2.341984,-0.058107,0.006753,0.000000,0.000000,0.000000,0.000000,0.000000,0.000000
65.999999,0.657656,0.057998,2.342344,-0.057998,0.006727,0.000000,0.000000,0.000000,0.000000,0.000000,0.000000
66.099999,0.657297,0.057889,2.342703,-0.057889,0.006702,0.000000,0.000000,0.000000,0.000000,0.000000,0.000000
66.199999,0.656939,0.057781,2.343061,-0.057781,0.006677,0.000000,0.000000,0.000000,0.000000,0.000000,0.000000
66.299999,0.656582,0.057674,2.343418,-0.057674,0.006652,0.000000,0.000000,0.000000,0.000000,0.000000,0.000000
66.399999,0.656226,0.057566,2.343774,-0.057566,0.006628,0.000000,0.000000,0.000000,0.000000,0.000000,0.000000
66.499999,0.655871,0.057460,2.344129,-0.057460,0.006603,0.000000,0.000000,0.000000,0.000000,0.000000,0.000000
66.599999,0.655517,0.057353,2.344483,-0.057353,0.006579,0.000000,0.000000,0.000000,0.000000,0.000000,0.000000
66.699999,0.655164,0.057248,2.344836,-0.057248,0.006555,0.000000,0.000000,0.000000,0.000000,0.000000,0.000000
66.799999,0.654811,0.057142,2.345189,-0.057142,0.006530,0.000000,0.000000,0.000000,0.000000,0.000000,0.000000
66.899999,0.654460,0.057037,2.345540,-0.057037,0.006507,0.000000,0.000000,0.000000,0.000000,0.000000,0.000000
66.999999,0.654109,0.056933,2.345891,-0.056933,0.006483,0.000000,0.000000,0.000000,0.000000,0.000000,0.000000
67.099999,0.653759,0.056829,2.346241,-0.056829,0.006459,0.000000,0.000000,0.000000,0.000000,0.000000,0.000000
67.199998,0.653411,0.056725,2.346589,-0.056725,0.006435,0.000000,0.000000,0.000000,0.000000,0.000000,0.000000
67.299998,0.653063,0.056622,2.346937,-0.056622,0.006412,0.000000,0.000000,0.000000,0.000000,0.000000,0.000000
67.399998,0.652716,0.056519,2.347284,-0.056519,0.006389,0.000000,0.000000,0.000000,0.000000,0.000000,0.000000
67.499998,0.652370,0.056417,2.347630,-0.056417,0.006366,0.000000,0.000000,0.000000,0.000000,0.000000,0.000000
67.599998,0.652025,0.056315,2.347975,-0.056315,0.006343,0.000000,0.000000,0.000000,0.000000,0.000000,0.000000
67.699998,0.651680,0.056213,2.348320,-0.056213,0.006320,0.000000,0.000000,0.000000,0.000000,0.000000,0.000000
67.799998,0.651337,0.056112,2.348663,-0.056112,0.006297,0.000000,0.000000,0.000000,0.000000,0.000000,0.000000
67.899998,0.650994,0.056011,2.349006,-0.056011,0.006275,0.000000,0.000000,0.000000,0.000000,0.000000,0.000000
67.999998,0.650652,0.055911,2.349348,-0.055911,0.006252,0.000000,0.000000,0.000000,0.000000,0.000000,0.000000
68.099998,0.650312,0.055811,2.349688,-0.055811,0.006230,0.000000,0.000000,0.000000,0.000000,0.000000,0.000000
68.199998,0.649972,0.055712,2.350028,-0.055712,0.006208,0.000000,0.000000,0.000000,0.000000,0.000000,0.000000
68.299998,0.649633,0.055613,2.350367,-0.055613,0.006186,0.000000,0.000000,0.000000,0.000000,0.000000,0.000000
68.399998,0.649294,0.055514,2.350706,-0.055514,0.006164,0.000000,0.000000,0.000000,0.000000,0.000000,0.000000
68.499998,0.648957,0.055416,2.351043,-0.055416,0.006142,0.000000,0.000000,0.000000,0.000000,0.000000,0.000000
68.599998,0.648620,0.055318,2.351380,-0.055318,0.006120,0.000000,0.000000,0.000000,0.000000,0.000000,0.000000
68.699998,0.648285,0.055220,2.351715,-0.055220,0.006099,0.000000,0.000000,0.000000,0.000000,0.000000,0.000000
68.799998,0.647950,0.055123,2.352050,-0.055123,0.006077,0.000000,0.000000,0.000000,0.000000,0.000000,0.000000
68.899998,0.647616,0.055027,2.352384,-0.055027,0.006056,0.000000,0.000000,0.000000,0.000000,0.000000,0.000000
68.999998,0.647282,0.054930,2.352718,-0.054930,0.006035,0.000000,0.000000,0.000000,0.000000,0.000000,0.000000
69.099998,0.646950,0.054834,2.353050,-0.054834,0.006014,0.000000,0.000000,0.000000,0.000000,0.000000,0.000000
69.199998,0.646619,0.054739,2.353381,-0.054739,0.005993,0.000000,0.000000,0.000000,0.000000,0.000000,0.000000
69.299998,0.646288,0.054643,2.353712,-0.054643,0.005972,0.000000,0.000000,0.000000,0.000000,0.000000,0.000000
69.399998,0.645958,0.054549,2.354042,-0.054549,0.005951,0.000000,0.000000,0.000000,0.000000,0.000000,0.000000
69.499998,0.645629,0.054454,2.354371,-0.054454,0.005931,0.000000,0.000000,0.000000,0.000000,0.000000,0.000000
69.599998,0.645301,0.054360,2.354699,-0.054360,0.005910,0.000000,0.000000,0.000000,0.000000,0.000000,0.000000
69.699998,0.644973,0.054266,2.355027,-0.054266,0.005890,0.000000,0.000000,0.000000,0.000000,0.000000,0.000000
69.799998,0.644646,0.054173,2.355354,-0.054173,0.005869,0.000000,0.000000,0.000000,0.000000,0.000000,0.000000
69.899998,0.644321,0.054080,2.355679,-0.054080,0.005849,0.000000,0.000000,0.000000,0.000000,0.000000,0.000000
69.999998,0.643995,0.053987,2.356005,-0.053987,0.005829,0.000000,0.000000,0.000000,0.000000,0.000000,0.000000
70.099998,0.643671,0.053895,2.356329,-0.053895,0.005809,0.000000,0.000000,0.000000,0.000000,0.000000,0.000000
70.199998,0.643348,0.053803,2.356652,-0.053803,0.005790,0.000000,0.000000,0.000000,0.000000,0.000000,0.000000
70.299998,0.643025,0.053712,2.356975,-0.053712,0.005770,0.000000,0.000000,0.000000,0.000000,0.000000,0.000000
70.399998,0.642703,0.053621,2.357297,-0.053621,0.005750,0.000000,0.000000,0.000000,0.000000,0.000000,0.000000
70.499998,0.642382,0.053530,2.357618,-0.053530,0.005731,0.000000,0.000000,0.000000,0.000000,0.000000,0.000000
70.599998,0.642062,0.053439,2.357938,-0.053439,0.005712,0.000000,0.000000,0.000000,0.000000,0.000000,0.000000
70.699998,0.641742,0.053349,2.358258,-0.053349,0.005692,0.000000,0.000000,0.000000,0.000000,0.000000,0.000000
70.799998,0.641423,0.053259,2.358577,-0.053259,0.005673,0.000000,0.000000,0.000000,0.000000,0.000000,0.000000
70.899998,0.641105,0.053170,2.358895,-0.053170,0.005654,0.000000,0.000000,0.000000,0.000000,0.000000,0.000000
70.999998,0.640788,0.053081,2.359212,-0.053081,0.005635,0.000000,0.000000,0.000000,0.000000,0.000000,0.000000
71.099998,0.640472,0.052992,2.359528,-0.052992,0.005616,0.000000,0.000000,0.000000,0.000000,0.000000,0.000000
71.199998,0.640156,0.052904,2.359844,-0.052904,0.005598,0.000000,0.000000,0.000000,0.000000,0.000000,0.000000
71.299998,0.639841,0.052815,2.360159,-0.052815,0.005579,0.000000,0.000000,0.000000,0.000000,0.000000,0.000000
71.399998,0.639527,0.052728,2.360473,-0.052728,0.005560,0.000000,0.000000,0.000000,0.000000,0.000000,0.000000
71.499998,0.639213,0.052640,2.360787,-0.052640,0.005542,0.000000,0.000000,0.000000,0.000000,0.000000,0.000000
71.599998,0.638901,0.052553,2.361099,-0.052553,0.005524,0.000000,0.000000,0.000000,0.000000,0.000000,0.000000
71.699998,0.638589,0.052466,2.361411,-0.052466,0.005505,0.000000,0.000000,0.000000,0.000000,0.000000,0.000000
71.799998,0.638278,0.052380,2.361722,-0.052380,0.005487,0.000000,0.000000,0.000000,0.000000,0.000000,0.000000
71.899998,0.637967,0.052294,2.362033,-0.052294,0.005469,0.000000,0.000000,0.000000,0.000000,0.000000,0.000000
71.999998,0.637657,0.052208,2.362343,-0.052208,0.005451,0.000000,0.000000,0.000000,0.000000,0.000000,0.000000
72.099998,0.637348,0.052123,2.362652,-0.052123,0.005434,0.000000,0.000000,0.000000,0.000000,0.000000,0.000000
72.199998,0.637040,0.052037,2.362960,-0.052037,0.005416,0.000000,0.000000,0.000000,0.000000,0.000000,0.000000
72.299998,0.636733,0.051953,2.363267,-0.051953,0.005398,0.000000,0.000000,0.000000,0.000000,0.000000,0.000000
72.399998,0.636426,0.051868,2.363574,-0.051868,0.005381,0.000000,0.000000,0.000000,0.000000,0.000000,0.000000
72.499998,0.636120,0.051784,2.363880,-0.051784,0.005363,0.000000,0.000000,0.000000,0.000000,0.000000,0.000000
72.599998,0.635814,0.051700,2.364186,-0.051700,0.005346,0.000000,0.000000,0.000000,0.000000,0.000000,0.000000
72.699998,0.635510,0.051616,2.364490,-0.051616,0.005328,0.000000,0.000000,0.000000,0.000000,0.000000,0.000000
72.799998,0.635206,0.051533,2.364794,-0.051533,0.005311,0.000000,0.000000,0.000000,0.000000,0.000000,0.000000
72.899998,0.634902,0.051450,2.365098,-0.051450,0.005294,0.000000,0.000000,0.000000,0.000000,0.000000,0.000000
72.999998,0.634600,0.051367,2.365400,-0.051367,0.005277,0.000000,0.000000,0.000000,0.000000,0.000000,0.000000
73.099998,0.634298,0.051285,2.365702,-0.051285,0.005260,0.000000,0.000000,0.000000,0.000000,0.000000,0.000000
73.199998,0.633997,0.051203,2.366003,-0.051203,0.005243,0.000000,0.000000,0.000000,0.000000,0.000000,0.000000
73.299998,0.633697,0.051121,2.366303,-0.051121,0.005227,0.000000,0.000000,0.000000,0.000000,0.000000,0.000000
73.399998,0.633397,0.051040,2.366603,-0.051040,0.005210,0.000000,0.000000,0.000000,0.000000,0.000000,0.000000
73.499998,0.633098,0.050958,2.366902,-0.050958,0.005194,0.000000,0.000000,0.000000,0.000000,0.000000,0.000000
73.599998,0.632800,0.050877,2.367200,-0.050877,0.005177,0.000000,0.000000,0.000000,0.000000,0.000000,0.000000
73.699998,0.632502,0.050797,2.367498,-0.050797,0.005161,0.000000,0.000000,0.000000,0.000000,0.000000,0.000000
73.799998,0.632205,0.050717,2.367795,-0.050717,0.005144,0.000000,0.000000,0.000000,0.000000,0.000000,0.000000
73.899998,0.631909,0.050637,2.368091,-0.050637,0.005128,0.000000,0.000000,0.000000,0.000000,0.000000,0.000000
73.999998,0.631613,0.050557,2.368387,-0.050557,0.005112,0.000000,0.000000,0.000000,0.000000,0.000000,0.000000
74.099998,0.631318,0.050477,2.368682,-0.050477,0.005096,0.000000,0.000000,0.000000,0.000000,0.000000,0.000000
74.199998,0.631024,0.050398,2.368976,-0.050398,0.005080,0.000000,0.000000,0.000000,0.000000,0.000000,0.000000
74.299998,0.630730,0.050319,2.369270,-0.050319,0.005064,0.000000,0.000000,0.000000,0.000000,0.000000,0.000000
74.399998,0.630438,0.050241,2.369562,-0.050241,0.005048,0.000000,0.000000,0.000000,0.000000,0.000000,0.000000
74.499998,0.630145,0.050162,2.369855,-0.050162,0.005033,0.000000,0.000000,0.000000,0.000000,0.000000,0.000000
74.599998,0.629854,0.050084,2.370146,-0.050084,0.005017,0.000000,0.000000,0.000000,0.000000,0.000000,0.000000
74.699998,0.629563,0.050007,2.370437,-0.050007,0.005001,0.000000,0.000000,0.000000,0.000000,0.000000,0.000000
74.799998,0.629273,0.049929,2.370727,-0.049929,0.004986,0.000000,0.000000,0.000000,0.000000,0.000000,0.000000
74.899998,0.628983,0.049852,2.371017,-0.049852,0.004970,0.000000,0.000000,0.000000,0.000000,0.000000,0.000000
74.999998,0.628694,0.049775,2.371306,-0.049775,0.004955,0.000000,0.000000,0.000000,0.000000,0.000000,0.000000
75.099998,0.628406,0.049698,2.371594,-0.049698,0.004940,0.000000,0.000000,0.000000,0.000000,0.000000,0.000000
75.199998,0.628118,0.049622,2.371882,-0.049622,0.004925,0.000000,0.000000,0.000000,0.000000,0.000000,0.000000
75.299998,0.627831,0.049546,2.372169,-0.049546,0.004910,0.000000,0.000000,0.000000,0.000000,0.000000,0.000000
75.399998,0.627545,0.049470,2.372455,-0.049470,0.004895,0.000000,0.000000,0.000000,0.000000,0.000000,0.000000
75.499998,0.627259,0.049394,2.372741,-0.049394,0.004880,0.000000,0.000000,0.000000,0.000000,0.000000,0.000000
75.599998,0.626974,0.049319,2.373026,-0.049319,0.004865,0.000000,0.000000,0.000000,0.000000,0.000000,0.000000
75.699998,0.626690,0.049244,2.373310,-0.049244,0.004850,0.000000,0.000000,0.000000,0.000000,0.000000,0.000000
75.799998,0.626406,0.049169,2.373594,-0.049169,0.004835,0.000000,0.000000,0.000000,0.000000,0.000000,0.000000
75.899998,0.626123,0.049094,2.373877,-0.049094,0.004820,0.000000,0.000000,0.000000,0.000000,0.000000,0.000000
75.999998,0.625841,0.049020,2.374159,-0.049020,0.004806,0.000000,0.000000,0.000000,0.000000,0.000000,0.000000
76.099998,0.625559,0.048946,2.374441,-0.048946,0.004791,0.000000,0.000000,0.000000,0.000000,0.000000,0.000000
76.199998,0.625277,0.048872,2.374723,-0.048872,0.004777,0.000000,0.000000,0.000000,0.000000,0.000000,0.000000
76.299998,0.624997,0.048799,2.375003,-0.048799,0.004763,0.000000,0.000000,0.000000,0.000000,0.000000,0.000000
76.399998,0.624717,0.048725,2.375283,-0.048725,0.004748,0.000000,0.000000,0.000000,0.000000,0.000000,0.000000
76.499998,0.624437,0.048652,2.375563,-0.048652,0.004734,0.000000,0.000000,0.000000,0.000000,0.000000,0.000000
76.599998,0.624159,0.048579,2.375841,-0.048579,0.004720,0.000000,0.000000,0.000000,0.000000,0.000000,0.000000
76.699998,0.623880,0.048507,2.376120,-0.048507,0.004706,0.000000,0.000000,0.000000,0.000000,0.000000,0.000000
76.799998,0.623603,0.048435,2.376397,-0.048435,0.004692,0.000000,0.000000,0.000000,0.000000,0.000000,0.000000
76.899998,0.623326,0.048362,2.376674,-0.048362,0.004678,0.000000,0.000000,0.000000,0.000000,0.000000,0.000000
76.999998,0.623050,0.048291,2.376950,-0.048291,0.004664,0.000000,0.000000,0.000000,0.000000,0.000000,0.000000
77.099998,0.622774,0.048219,2.377226,-0.048219,0.004650,0.000000,0.000000,0.000000,0.000000,0.000000,0.000000
77.199998,0.622499,0.048148,2.377501,-0.048148,0.004636,0.000000,0.000000,0.000000,0.000000,0.000000,0.000000
77.299998,0.622224,0.048077,2.377776,-0.048077,0.004623,0.000000,0.000000,0.000000,0.000000,0.000000,0.000000
77.399998,0.621950,0.048006,2.378050,-0.048006,0.004609,0.000000,0.000000,0.000000,0.000000,0.000000,0.000000
77.499998,0.621677,0.047935,2.378323,-0.047935,0.004596,0.000000,0.000000,0.000000,0.000000,0.000000,0.000000
77.599998,0.621404,0.047865,2.378596,-0.047865,0.004582,0.000000,0.000000,0.000000,0.000000,0.000000,0.000000
77.699998,0.621132,0.047795,2.378868,-0.047795,0.004569,0.000000,0.000000,0.000000,0.000000,0.000000,0.000000
77.799998,0.620861,0.047725,2.379139,-0.047725,0.004555,0.000000,0.000000,0.000000,0.000000,0.000000,0.000000
77.899998,0.620590,0.047655,2.379410,-0.047655,0.004542,0.000000,0.000000,0.000000,0.000000,0.000000,0.000000
77.999998,0.620319,0.047586,2.379681,-0.047586,0.004529,0.000000,0.000000,0.000000,0.000000,0.000000,0.000000
78.099998,0.620050,0.047516,2.379950,-0.047516,0.004516,0.000000,0.000000,0.000000,0.000000,0.000000,0.000000
78.199998,0.619780,0.047447,2.380220,-0.047447,0.004503,0.000000,0.000000,0.000000,0.000000,0.000000,0.000000
78.299998,0.619512,0.047379,2.380488,-0.047379,0.004489,0.000000,0.000000,0.000000,0.000000,0.000000,0.000000
78.399998,0.619244,0.047310,2.380756,-0.047310,0.004477,0.000000,0.000000,0.000000,0.000000,0.000000,0.000000
78.499998,0.618976,0.047242,2.381024,-0.047242,0.004464,0.000000,0.000000,0.000000,0.000000,0.000000,0.000000
78.599998,0.618709,0.047174,2.381291,-0.047174,0.004451,0.000000,0.000000,0.000000,0.000000,0.000000,0.000000
78.699998,0.618443,0.047106,2.381557,-0.047106,0.004438,0.000000,0.000000,0.000000,0.000000,0.000000,0.000000
78.799998,0.618177,0.047038,2.381823,-0.047038,0.004425,0.000000,0.000000,0.000000,0.000000,0.000000,0.000000
78.899998,0.617912,0.046971,2.382088,-0.046971,0.004413,0.000000,0.000000,0.000000,0.000000,0.000000,0.000000
78.999998,0.617647,0.046904,2.382353,-0.046904,0.004400,0.000000,0.000000,0.000000,0.000000,0.000000,0.000000
79.099998,0.617383,0.046837,2.382617,-0.046837,0.004387,0.000000,0.000000,0.000000,0.000000,0.000000,0.000000
79.199998,0.617120,0.046770,2.382880,-0.046770,0.004375,0.000000,0.000000,0.000000,0.000000,0.000000,0.000000
79.299998,0.616857,0.046703,2.383143,-0.046703,0.004362,0.000000,0.000000,0.000000,0.000000,0.000000,0.000000
79.399998,0.616594,0.046637,2.383406,-0.046637,0.004350,0.000000,0.000000,0.000000,0.000000,0.000000,0.000000
79.499998,0.616332,0.046571,2.383668,-0.046571,0.004338,0.000000,0.000000,0.000000,0.000000,0.000000,0.000000
79.599998,0.616071,0.046505,2.383929,-0.046505,0.004325,0.000000,0.000000,0.000000,0.000000,0.000000,0.000000
79.699998,0.615810,0.046439,2.384190,-0.046439,0.004313,0.000000,0.000000,0.000000,0.000000,0.000000,0.000000
79.799998,0.615550,0.046374,2.384450,-0.046374,0.004301,0.000000,0.000000,0.000000,0.000000,0.000000,0.000000
79.899998,0.615290,0.046309,2.384710,-0.046309,0.004289,0.000000,0.000000,0.000000,0.000000,0.000000,0.000000
79.999998,0.615031,0.046244,2.384969,-0.046244,0.004277,0.000000,0.000000,0.000000,0.000000,0.000000,0.000000
80.099998,0.614773,0.046179,2.385227,-0.046179,0.004265,0.000000,0.000000,0.000000,0.000000,0.000000,0.000000
80.199998,0.614515,0.046114,2.385485,-0.046114,0.004253,0.000000,0.000000,0.000000,0.000000,0.000000,0.000000
80.299998,0.614257,0.046050,2.385743,-0.046050,0.004241,0.000000,0.000000,0.000000,0.000000,0.000000,0.000000
80.399998,0.614000,0.045986,2.386000,-0.045986,0.004229,0.000000,0.000000,0.000000,0.000000,0.000000,0.000000
80.499998,0.613744,0.045921,2.386256,-0.045921,0.004218,0.000000,0.000000,0.000000,0.000000,0.000000,0.000000
80.599998,0.613488,0.045858,2.386512,-0.045858,0.004206,0.000000,0.000000,0.000000,0.000000,0.000000,0.000000
80.699998,0.613232,0.045794,2.386768,-0.045794,0.004194,0.000000,0.000000,0.000000,0.000000,0.000000,0.000000
80.799998,0.612978,0.045731,2.387022,-0.045731,0.004183,0.000000,0.000000,0.000000,0.000000,0.000000,0.000000
80.899998,0.612723,0.045667,2.387277,-0.045667,0.004171,0.000000,0.000000,0.000000,0.000000,0.000000,0.000000
80.999998,0.612469,0.045604,2.387531,-0.045604,0.004160,0.000000,0.000000,0.000000,0.000000,0.000000,0.000000
81.099998,0.612216,0.045542,2.387784,-0.045542,0.004148,0.000000,0.000000,0.000000,0.000000,0.000000,0.000000
81.199998,0.611963,0.045479,2.388037,-0.045479,0.004137,0.000000,0.000000,0.000000,0.000000,0.000000,0.000000
81.299998,0.611711,0.045417,2.388289,-0.045417,0.004125,0.000000,0.000000,0.000000,0.000000,0.000000,0.000000
81.399998,0.611459,0.045354,2.388541,-0.045354,0.004114,0.000000,0.000000,0.000000,0.000000,0.000000,0.000000
81.499998,0.611208,0.045292,2.388792,-0.045292,0.004103,0.000000,0.000000,0.000000,0.000000,0.000000,0.000000
81.599998,0.610958,0.045230,2.389042,-0.045230,0.004092,0.000000,0.000000,0.000000,0.000000,0.000000,0.000000
81.699998,0.610707,0.045169,2.389293,-0.045169,0.004080,0.000000,0.000000,0.000000,0.000000,0.000000,0.000000
81.799998,0.610458,0.045107,2.389542,-0.045107,0.004069,0.000000,0.000000,0.000000,0.000000,0.000000,0.000000
81.899998,0.610209,0.045046,2.389791,-0.045046,0.004058,0.000000,0.000000,0.000000,0.000000,0.000000,0.000000
81.999998,0.609960,0.044985,2.390040,-0.044985,0.004047,0.000000,0.000000,0.000000,0.000000,0.000000,0.000000
82.099998,0.609712,0.044924,2.390288,-0.044924,0.004036,0.000000,0.000000,0.000000,0.000000,0.000000,0.000000
82.199998,0.609464,0.044863,2.390536,-0.044863,0.004025,0.000000,0.000000,0.000000,0.000000,0.000000,0.000000
82.299998,0.609217,0.044803,2.390783,-0.044803,0.004015,0.000000,0.000000,0.000000,0.000000,0.000000,0.000000
82.399998,0.608970,0.044743,2.391030,-0.044743,0.004004,0.000000,0.000000,0.000000,0.000000,0.000000,0.000000
82.499998,0.608724,0.044682,2.391276,-0.044682,0.003993,0.000000,0.000000,0.000000,0.000000,0.000000,0.000000
82.599998,0.608478,0.044622,2.391522,-0.044622,0.003982,0.000000,0.000000,0.000000,0.000000,0.000000,0.000000
82.699998,0.608233,0.044563,2.391767,-0.044563,0.003972,0.000000,0.000000,0.000000,0.000000,0.000000,0.000000
82.799998,0.607989,0.044503,2.392011,-0.044503,0.003961,0.000000,0.000000,0.000000,0.000000,0.000000,0.000000
82.899998,0.607744,0.044444,2.392256,-0.044444,0.003950,0.000000,0.000000,0.000000,0.000000,0.000000,0.000000
82.999998,0.607501,0.044384,2.392499,-0.044384,0.003940,0.000000,0.000000,0.000000,0.000000,0.000000,0.000000
83.099998,0.607257,0.044325,2.392743,-0.044325,0.003929,0.000000,0.000000,0.000000,0.000000,0.000000,0.000000
83.199998,0.607015,0.044267,2.392985,-0.044267,0.003919,0.000000,0.000000,0.000000,0.000000,0.000000,0.000000
83.299998,0.606772,0.044208,2.393228,-0.044208,0.003909,0.000000,0.000000,0.000000,0.000000,0.000000,0.000000
83.399998,0.606531,0.044149,2.393469,-0.044149,0.003898,0.000000,0.000000,0.000000,0.000000,0.000000,0.000000
83.499998,0.606289,0.044091,2.393711,-0.044091,0.003888,0.000000,0.000000,0.000000,0.000000,0.000000,0.000000
83.599998,0.606049,0.044033,2.393951,-0.044033,0.003878,0.000000,0.000000,0.000000,0.000000,0.000000,0.000000
83.699998,0.605808,0.043975,2.394192,-0.043975,0.003868,0.000000,0.000000,0.000000,0.000000,0.000000,0.000000
83.799998,0.605568,0.043917,2.394432,-0.043917,0.003857,0.000000,0.000000,0.000000,0.000000,0.000000,0.000000
83.899998,0.605329,0.043859,2.394671,-0.043859,0.003847,0.000000,0.000000,0.000000,0.000000,0.000000,0.000000
83.999998,0.605090,0.043802,2.394910,-0.043802,0.003837,0.000000,0.000000,0.000000,0.000000,0.000000,0.000000
84.099998,0.604852,0.043745,2.395148,-0.043745,0.003827,0.000000,0.000000,0.000000,0.000000,0.000000,0.000000
84.199998,0.604614,0.043688,2.395386,-0.043688,0.003817,0.000000,0.000000,0.000000,0.000000,0.000000,0.000000
84.299998,0.604376,0.043631,2.395624,-0.043631,0.003807,0.000000,0.000000,0.000000,0.000000,0.000000,0.000000
84.399998,0.604139,0.043574,2.395861,-0.043574,0.003797,0.000000,0.000000,0.000000,0.000000,0.000000,0.000000
84.499998,0.603903,0.043517,2.396097,-0.043517,0.003787,0.000000,0.000000,0.000000,0.000000,0.000000,0.000000
84.599998,0.603666,0.043461,2.396334,-0.043461,0.003778,0.000000,0.000000,0.000000,0.000000,0.000000,0.000000
84.699998,0.603431,0.043404,2.396569,-0.043404,0.003768,0.000000,0.000000,0.000000,0.000000,0.000000,0.000000
84.799998,0.603196,0.043348,2.396804,-0.043348,0.003758,0.000000,0.000000,0.000000,0.000000,0.000000,0.000000
84.899998,0.602961,0.043292,2.397039,-0.043292,0.003748,0.000000,0.000000,0.000000,0.000000,0.000000,0.000000
84.999998,0.602727,0.043237,2.397273,-0.043237,0.003739,0.000000,0.000000,0.000000,0.000000,0.000000,0.000000
85.099998,0.602493,0.043181,2.397507,-0.043181,0.003729,0.000000,0.000000,0.000000,0.000000,0.000000,0.000000
85.199998,0.602259,0.043125,2.397741,-0.043125,0.003720,0.000000,0.000000,0.000000,0.000000,0.000000,0.000000
85.299998,0.602026,0.043070,2.397974,-0.043070,0.003710,0.000000,0.000000,0.000000,0.000000,0.000000,0.000000
85.399998,0.601794,0.043015,2.398206,-0.043015,0.003701,0.000000,0.000000,0.000000,0.000000,0.000000,0.000000
85.499998,0.601562,0.042960,2.398438,-0.042960,0.003691,0.000000,0.000000,0.000000,0.000000,0.000000,0.000000
85.599998,0.601330,0.042905,2.398670,-0.042905,0.003682,0.000000,0.000000,0.000000,0.000000,0.000000,0.000000
85.699998,0.601099,0.042851,2.398901,-0.042851,0.003672,0.000000,0.000000,0.000000,0.000000,0.000000,0.000000
85.799998,0.600869,0.042796,2.399131,-0.042796,0.003663,0.000000,0.000000,0.000000,0.000000,0.000000,0.000000
85.899998,0.600638,0.042742,2.399362,-0.042742,0.003654,0.000000,0.000000,0.000000,0.000000,0.000000,0.000000
85.999998,0.600409,0.042688,2.399591,-0.042688,0.003644,0.000000,0.000000,0.000000,0.000000,0.000000,0.000000
86.099998,0.600179,0.042633,2.399821,-0.042633,0.003635,0.000000,0.000000,0.000000,0.000000,0.000000,0.000000
86.199998,0.599950,0.042580,2.400050,-0.042580,0.003626,0.000000,0.000000,0.000000,0.000000,0.000000,0.000000
86.299998,0.599722,0.042526,2.400278,-0.042526,0.003617,0.000000,0.000000,0.000000,0.000000,0.000000,0.000000
86.399998,0.599494,0.042472,2.400506,-0.042472,0.003608,0.000000,0.000000,0.000000,0.000000,0.000000,0.000000
86.499998,0.599266,0.042419,2.400734,-0.042419,0.003599,0.000000,0.000000,0.000000,0.000000,0.000000,0.000000
86.599998,0.599039,0.042366,2.400961,-0.042366,0.003590,0.000000,0.000000,0.000000,0.000000,0.000000,0.000000
86.699998,0.598812,0.042313,2.401188,-0.042313,0.003581,0.000000,0.000000,0.000000,0.000000,0.000000,0.000000
86.799998,0.598586,0.042260,2.401414,-0.042260,0.003572,0.000000,0.000000,0.000000,0.000000,0.000000,0.000000
86.899998,0.598360,0.042207,2.401640,-0.042207,0.003563,0.000000,0.000000,0.000000,0.000000,0.000000,0.000000
86.999998,0.598134,0.042154,2.401866,-0.042154,0.003554,0.000000,0.000000,0.000000,0.000000,0.000000,0.000000
87.099998,0.597909,0.042102,2.402091,-0.042102,0.003545,0.000000,0.000000,0.000000,0.000000,0.000000,0.000000
87.199998,0.597685,0.042049,2.402315,-0.042049,0.003536,0.000000,0.000000,0.000000,0.000000,0.000000,0.000000
87.299998,0.597460,0.041997,2.402540,-0.041997,0.003528,0.000000,0.000000,0.000000,0.000000,0.000000,0.000000
87.399998,0.597237,0.041945,2.402763,-0.041945,0.003519,0.000000,0.000000,0.000000,0.000000,0.000000,0.000000
87.499998,0.597013,0.041893,2.402987,-0.041893,0.003510,0.000000,0.000000,0.000000,0.000000,0.000000,0.000000
87.599998,0.596790,0.041841,2.403210,-0.041841,0.003501,0.000000,0.000000,0.000000,0.000000,0.000000,0.000000
87.699998,0.596568,0.041790,2.403432,-0.041790,0.003493,0.000000,0.000000,0.000000,0.000000,0.000000,0.000000
87.799998,0.596346,0.041738,2.403654,-0.041738,0.003484,0.000000,0.000000,0.000000,0.000000,0.000000,0.000000
87.899998,0.596124,0.041687,2.403876,-0.041687,0.003476,0.000000,0.000000,0.000000,0.000000,0.000000,0.000000
87.999998,0.595903,0.041636,2.404097,-0.041636,0.003467,0.000000,0.000000,0.000000,0.000000,0.000000,0.000000
88.099998,0.595682,0.041585,2.404318,-0.041585,0.003459,0.000000,0.000000,0.000000,0.000000,0.000000,0.000000
88.199998,0.595461,0.041534,2.404539,-0.041534,0.003450,0.000000,0.000000,0.000000,0.000000,0.000000,0.000000
88.299998,0.595241,0.041483,2.404759,-0.041483,0.003442,0.000000,0.000000,0.000000,0.000000,0.000000,0.000000
88.399998,0.595022,0.041432,2.404978,-0.041432,0.003433,0.000000,0.000000,0.000000,0.000000,0.000000,0.000000
88.499998,0.594802,0.041382,2.405198,-0.041382,0.003425,0.000000,0.000000,0.000000,0.000000,0.000000,0.000000
88.599998,0.594583,0.041332,2.405417,-0.041332,0.003417,0.000000,0.000000,0.000000,0.000000,0.000000,0.000000
88.699998,0.594365,0.041281,2.405635,-0.041281,0.003408,0.000000,0.000000,0.000000,0.000000,0.000000,0.000000
88.799998,0.594147,0.041231,2.405853,-0.041231,0.003400,0.000000,0.000000,0.000000,0.000000,0.000000,0.000000
88.899998,0.593929,0.041181,2.406071,-0.041181,0.003392,0.000000,0.000000,0.000000,0.000000,0.000000,0.000000
88.999998,0.593712,0.041132,2.406288,-0.041132,0.003384,0.000000,0.000000,0.000000,0.000000,0.000000,0.000000
89.099998,0.593495,0.041082,2.406505,-0.041082,0.003375,0.000000,0.000000,0.000000,0.000000,0.000000,0.000000
89.199998,0.593279,0.041033,2.406721,-0.041033,0.003367,0.000000,0.000000,0.000000,0.000000,0.000000,0.000000
89.299998,0.593063,0.040983,2.406937,-0.040983,0.003359,0.000000,0.000000,0.000000,0.000000,0.000000,0.000000
89.399998,0.592847,0.040934,2.407153,-0.040934,0.003351,0.000000,0.000000,0.000000,0.000000,0.000000,0.000000
89.499998,0.592632,0.040885,2.407368,-0.040885,0.003343,0.000000,0.000000,0.000000,0.000000,0.000000,0.000000
89.599998,0.592417,0.040836,2.407583,-0.040836,0.003335,0.000000,0.000000,0.000000,0.000000,0.000000,0.000000
89.699998,0.592202,0.040787,2.407798,-0.040787,0.003327,0.000000,0.000000,0.000000,0.000000,0.000000,0.000000
89.799998,0.591988,0.040738,2.408012,-0.040738,0.003319,0.000000,0.000000,0.000000,0.000000,0.000000,0.000000
89.899998,0.591775,0.040690,2.408225,-0.040690,0.003311,0.000000,0.000000,0.000000,0.000000,0.000000,0.000000
89.999998,0.591561,0.040641,2.408439,-0.040641,0.003303,0.000000,0.000000,0.000000,0.000000,0.000000,0.000000
90.099998,0.591348,0.040593,2.408652,-0.040593,0.003296,0.000000,0.000000,0.000000,0.000000,0.000000,0.000000
90.199998,0.591136,0.040545,2.408864,-0.040545,0.003288,0.000000,0.000000,0.000000,0.000000,0.000000,0.000000
90.299998,0.590924,0.040497,2.409076,-0.040497,0.003280,0.000000,0.000000,0.000000,0.000000,0.000000,0.000000
90.399998,0.590712,0.040449,2.409288,-0.040449,0.003272,0.000000,0.000000,0.000000,0.000000,0.000000,0.000000
90.499998,0.590500,0.040401,2.409500,-0.040401,0.003264,0.000000,0.000000,0.000000,0.000000,0.000000,0.000000
90.599998,0.590289,0.040353,2.409711,-0.040353,0.003257,0.000000,0.000000,0.000000,0.000000,0.000000,0.000000
90.699998,0.590079,0.040306,2.409921,-0.040306,0.003249,0.000000,0.000000,0.000000,0.000000,0.000000,0.000000
90.799998,0.589868,0.040258,2.410132,-0.040258,0.003241,0.000000,0.000000,0.000000,0.000000,0.000000,0.000000
90.899998,0.589658,0.040211,2.410342,-0.040211,0.003234,0.000000,0.000000,0.000000,0.000000,0.000000,0.000000
90.999998,0.589449,0.040164,2.410551,-0.040164,0.003226,0.000000,0.000000,0.000000,0.000000,0.000000,0.000000
91.099998,0.589240,0.040117,2.410760,-0.040117,0.003219,0.000000,0.000000,0.000000,0.000000,0.000000,0.000000
91.199998,0.589031,0.040070,2.410969,-0.040070,0.003211,0.000000,0.000000,0.000000,0.000000,0.000000,0.000000
91.299998,0.588823,0.040023,2.411177,-0.040023,0.003204,0.000000,0.000000,0.000000,0.000000,0.000000,0.000000
91.399998,0.588614,0.039977,2.411386,-0.039977,0.003196,0.000000,0.000000,0.000000,0.000000,0.000000,0.000000
91.499998,0.588407,0.039930,2.411593,-0.039930,0.003189,0.000000,0.000000,0.000000,0.000000,0.000000,0.000000
91.599998,0.588199,0.039884,2.411801,-0.039884,0.003181,0.000000,0.000000,0.000000,0.000000,0.000000,0.000000
91.699998,0.587993,0.039837,2.412007,-0.039837,0.003174,0.000000,0.000000,0.000000,0.000000,0.000000,0.000000
91.799998,0.587786,0.039791,2.412214,-0.039791,0.003167,0.000000,0.000000,0.000000,0.000000,0.000000,0.000000
91.899998,0.587580,0.039745,2.412420,-0.039745,0.003159,0.000000,0.000000,0.000000,0.000000,0.000000,0.000000
91.999998,0.587374,0.039699,2.412626,-0.039699,0.003152,0.000000,0.000000,0.000000,0.000000,0.000000,0.000000
92.099998,0.587168,0.039654,2.412832,-0.039654,0.003145,0.000000,0.000000,0.000000,0.000000,0.000000,0.000000
92.199998,0.586963,0.039608,2.413037,-0.039608,0.003138,0.000000,0.000000,0.000000,0.000000,0.000000,0.000000
92.299998,0.586758,0.039562,2.413242,-0.039562,0.003130,0.000000,0.000000,0.000000,0.000000,0.000000,0.000000
92.399998,0.586554,0.039517,2.413446,-0.039517,0.003123,0.000000,0.000000,0.000000,0.000000,0.000000,0.000000
92.499998,0.586350,0.039472,2.413650,-0.039472,0.003116,0.000000,0.000000,0.000000,0.000000,0.000000,0.000000
92.599998,0.586146,0.039426,2.413854,-0.039426,0.003109,0.000000,0.000000,0.000000,0.000000,0.000000,0.000000
92.699998,0.585943,0.039381,2.414057,-0.039381,0.003102,0.000000,0.000000,0.000000,0.000000,0.000000,0.000000
92.799998,0.585740,0.039336,2.414260,-0.039336,0.003095,0.000000,0.000000,0.000000,0.000000,0.000000,0.000000
92.899998,0.585537,0.039291,2.414463,-0.039291,0.003088,0.000000,0.000000,0.000000,0.000000,0.000000,0.000000
92.999998,0.585335,0.039247,2.414665,-0.039247,0.003081,0.000000,0.000000,0.000000,0.000000,0.000000,0.000000
93.099998,0.585133,0.039202,2.414867,-0.039202,0.003074,0.000000,0.000000,0.000000,0.000000,0.000000,0.000000
93.199998,0.584931,0.039158,2.415069,-0.039158,0.003067,0.000000,0.000000,0.000000,0.000000,0.000000,0.000000
93.299998,0.584730,0.039113,2.415270,-0.039113,0.003060,0.000000,0.000000,0.000000,0.000000,0.000000,0.000000
93.399998,0.584529,0.039069,2.415471,-0.039069,0.003053,0.000000,0.000000,0.000000,0.000000,0.000000,0.000000
93.499998,0.584329,0.039025,2.415671,-0.039025,0.003046,0.000000,0.000000,0.000000,0.000000,0.000000,0.000000
93.599998,0.584129,0.038981,2.415871,-0.038981,0.003039,0.000000,0.000000,0.000000,0.000000,0.000000,0.000000
93.699998,0.583929,0.038937,2.416071,-0.038937,0.003032,0.000000,0.000000,0.000000,0.000000,0.000000,0.000000
93.799998,0.583729,0.038893,2.416271,-0.038893,0.003025,0.000000,0.000000,0.000000,0.000000,0.000000,0.000000
93.899998,0.583530,0.038849,2.416470,-0.038849,0.003019,0.000000,0.000000,0.000000,0.000000,0.000000,0.000000
93.999998,0.583331,0.038806,2.416669,-0.038806,0.003012,0.000000,0.000000,0.000000,0.000000,0.000000,0.000000
94.099998,0.583133,0.038762,2.416867,-0.038762,0.003005,0.000000,0.000000,0.000000,0.000000,0.000000,0.000000
94.199998,0.582935,0.038719,2.417065,-0.038719,0.002998,0.000000,0.000000,0.000000,0.000000,0.000000,0.000000
94.299998,0.582737,0.038676,2.417263,-0.038676,0.002992,0.000000,0.000000,0.000000,0.000000,0.000000,0.000000
94.399998,0.582539,0.038632,2.417461,-0.038632,0.002985,0.000000,0.000000,0.000000,0.000000,0.000000,0.000000
94.499998,0.582342,0.038589,2.417658,-0.038589,0.002978,0.000000,0.000000,0.000000,0.000000,0.000000,0.000000
94.599998,0.582145,0.038546,2.417855,-0.038546,0.002972,0.000000,0.000000,0.000000,0.000000,0.000000,0.000000
94.699998,0.581949,0.038504,2.418051,-0.038504,0.002965,0.000000,0.000000,0.000000,0.000000,0.000000,0.000000
94.799998,0.581753,0.038461,2.418247,-0.038461,0.002958,0.000000,0.000000,0.000000,0.000000,0.000000,0.000000
94.899998,0.581557,0.038418,2.418443,-0.038418,0.002952,0.000000,0.000000,0.000000,0.000000,0.000000,0.000000
94.999998,0.581361,0.038376,2.418639,-0.038376,0.002945,0.000000,0.000000,0.000000,0.000000,0.000000,0.000000
95.099998,0.581166,0.038333,2.418834,-0.038333,0.002939,0.000000,0.000000,0.000000,0.000000,0.000000,0.000000
95.199998,0.580971,0.038291,2.419029,-0.038291,0.002932,0.000000,0.000000,0.000000,0.000000,0.000000,0.000000
95.299998,0.580777,0.038249,2.419223,-0.038249,0.002926,0.000000,0.000000,0.000000,0.000000,0.000000,0.000000
95.399998,0.580583,0.038207,2.419417,-0.038207,0.002920,0.000000,0.000000,0.000000,0.000000,0.000000,0.000000
95.499998,0.580389,0.038165,2.419611,-0.038165,0.002913,0.000000,0.000000,0.000000,0.000000,0.000000,0.000000
95.599998,0.580195,0.038123,2.419805,-0.038123,0.002907,0.000000,0.000000,0.000000,0.000000,0.000000,0.000000
95.699998,0.580002,0.038081,2.419998,-0.038081,0.002900,0.000000,0.000000,0.000000,0.000000,0.000000,0.000000
95.799998,0.579809,0.038040,2.420191,-0.038040,0.002894,0.000000,0.000000,0.000000,0.000000,0.000000,0.000000
95.899998,0.579617,0.037998,2.420383,-0.037998,0.002888,0.000000,0.000000,0.000000,0.000000,0.000000,0.000000
95.999998,0.579425,0.037957,2.420575,-0.037957,0.002881,0.000000,0.000000,0.000000,0.000000,0.000000,0.000000
96.099998,0.579233,0.037915,2.420767,-0.037915,0.002875,0.000000,0.000000,0.000000,0.000000,0.000000,0.000000
96.199998,0.579041,0.037874,2.420959,-0.037874,0.002869,0.000000,0.000000,0.000000,0.000000,0.000000,0.000000
96.299998,0.578850,0.037833,2.421150,-0.037833,0.002863,0.000000,0.000000,0.000000,0.000000,0.000000,0.000000
96.399998,0.578659,0.037792,2.421341,-0.037792,0.002856,0.000000,0.000000,0.000000,0.000000,0.000000,0.000000
96.499998,0.578468,0.037751,2.421532,-0.037751,0.002850,0.000000,0.000000,0.000000,0.000000,0.000000,0.000000
96.599998,0.578278,0.037710,2.421722,-0.037710,0.002844,0.000000,0.000000,0.000000,0.000000,0.000000,0.000000
96.699998,0.578088,0.037669,2.421912,-0.037669,0.002838,0.000000,0.000000,0.000000,0.000000,0.000000,0.000000
96.799998,0.577898,0.037629,2.422102,-0.037629,0.002832,0.000000,0.000000,0.000000,0.000000,0.000000,0.000000
96.899998,0.577709,0.037588,2.422291,-0.037588,0.002826,0.000000,0.000000,0.000000,0.000000,0.000000,0.000000
96.999998,0.577520,0.037548,2.422480,-0.037548,0.002820,0.000000,0.000000,0.000000,0.000000,0.000000,0.000000
97.099998,0.577331,0.037507,2.422669,-0.037507,0.002814,0.000000,0.000000,0.000000,0.000000,0.000000,0.000000
97.199998,0.577142,0.037467,2.422858,-0.037467,0.002808,0.000000,0.000000,0.000000,0.000000,0.000000,0.000000
97.299998,0.576954,0.037427,2.423046,-0.037427,0.002802,0.000000,0.000000,0.000000,0.000000,0.000000,0.000000
97.399998,0.576766,0.037387,2.423234,-0.037387,0.002796,0.000000,0.000000,0.000000,0.000000,0.000000,0.000000
97.499998,0.576579,0.037347,2.423421,-0.037347,0.002790,0.000000,0.000000,0.000000,0.000000,0.000000,0.000000
97.599998,0.576392,0.037307,2.423608,-0.037307,0.002784,0.000000,0.000000,0.000000,0.000000,0.000000,0.000000
97.699998,0.576205,0.037267,2.423795,-0.037267,0.002778,0.000000,0.000000,0.000000,0.000000,0.000000,0.000000
97.799998,0.576018,0.037228,2.423982,-0.037228,0.002772,0.000000,0.000000,0.000000,0.000000,0.000000,0.000000
97.899998,0.575832,0.037188,2.424168,-0.037188,0.002766,0.000000,0.000000,0.000000,0.000000,0.000000,0.000000
97.999998,0.575646,0.037149,2.424354,-0.037149,0.002760,0.000000,0.000000,0.000000,0.000000,0.000000,0.000000
98.099998,0.575460,0.037109,2.424540,-0.037109,0.002754,0.000000,0.000000,0.000000,0.000000,0.000000,0.000000
98.199998,0.575275,0.037070,2.424725,-0.037070,0.002748,0.000000,0.000000,0.000000,0.000000,0.000000,0.000000
98.299998,0.575090,0.037031,2.424910,-0.037031,0.002743,0.000000,0.000000,0.000000,0.000000,0.000000,0.000000
98.399998,0.574905,0.036992,2.425095,-0.036992,0.002737,0.000000,0.000000,0.000000,0.000000,0.000000,0.000000
98.499998,0.574720,0.036953,2.425280,-0.036953,0.002731,0.000000,0.000000,0.000000,0.000000,0.000000,0.000000
98.599998,0.574536,0.036914,2.425464,-0.036914,0.002725,0.000000,0.000000,0.000000,0.000000,0.000000,0.000000
98.699998,0.574352,0.036875,2.425648,-0.036875,0.002720,0.000000,0.000000,0.000000,0.000000,0.000000,0.000000
98.799998,0.574169,0.036836,2.425831,-0.036836,0.002714,0.000000,0.000000,0.000000,0.000000,0.000000,0.000000
98.899998,0.573985,0.036798,2.426015,-0.036798,0.002708,0.000000,0.000000,0.000000,0.000000,0.000000,0.000000
98.999998,0.573802,0.036759,2.426198,-0.036759,0.002702,0.000000,0.000000,0.000000,0.000000,0.000000,0.000000
99.099998,0.573619,0.036721,2.426381,-0.036721,0.002697,0.000000,0.000000,0.000000,0.000000,0.000000,0.000000
99.199998,0.573437,0.036682,2.426563,-0.036682,0.002691,0.000000,0.000000,0.000000,0.000000,0.000000,0.000000
99.299998,0.573255,0.036644,2.426745,-0.036644,0.002686,0.000000,0.000000,0.000000,0.000000,0.000000,0.000000
99.399998,0.573073,0.036606,2.426927,-0.036606,0.002680,0.000000,0.000000,0.000000,0.000000,0.000000,0.000000
99.499998,0.572891,0.036568,2.427109,-0.036568,0.002674,0.000000,0.000000,0.000000,0.000000,0.000000,0.000000
99.599998,0.572710,0.036530,2.427290,-0.036530,0.002669,0.000000,0.000000,0.000000,0.000000,0.000000,0.000000
99.699998,0.572529,0.036492,2.427471,-0.036492,0.002663,0.000000,0.000000,0.000000,0.000000,0.000000,0.000000
99.799998,0.572348,0.036454,2.427652,-0.036454,0.002658,0.000000,0.000000,0.000000,0.000000,0.000000,0.000000
99.899998,0.572168,0.036416,2.427832,-0.036416,0.002652,0.000000,0.000000,0.000000,0.000000,0.000000,0.000000
99.999998,0.571988,0.036379,2.428012,-0.036379,0.002647,0.000000,0.000000,0.000000,0.000000,0.000000,0.000000
