# Two Dipoles. Viscous opposite moments. $\\Reyn=8$, $x(0)=3$
# Commit: 2026-08-08-4-g5e9f416
# KinematicViscosity: 0.125
# TauMode: ConstPi32 τ = 1/π^(3/2)
# Date: 2026-08-14 01:33:44
time,d1_rx,d1_mx,d2_rx,d2_mx,sum_zeta_square,linear_impulse_x,linear_impulse_y,linear_impulse_z,angular_impulse_x,angular_impulse_y,angular_impulse_z
0.000000,0.000000,1.000000,3.000000,-1.000000,2.000000,0.000000,0.000000,0.000000,0.000000,0.000000,0.000000
0.100000,0.011378,1.000594,2.988622,-1.000594,2.002377,0.000000,0.000000,0.000000,0.000000,0.000000,0.000000
0.200000,0.022749,1.001207,2.977251,-1.001207,2.004831,0.000000,0.000000,0.000000,0.000000,0.000000,0.000000
0.300000,0.034113,1.001839,2.965887,-1.001839,2.007364,0.000000,0.000000,0.000000,0.000000,0.000000,0.000000
0.400000,0.045469,1.002492,2.954531,-1.002492,2.009979,0.000000,0.000000,0.000000,0.000000,0.000000,0.000000
0.500000,0.056817,1.003165,2.943183,-1.003165,2.012679,0.000000,0.000000,0.000000,0.000000,0.000000,0.000000
0.600000,0.068157,1.003859,2.931843,-1.003859,2.015468,0.000000,0.000000,0.000000,0.000000,0.000000,0.000000
0.700000,0.079488,1.004577,2.920512,-1.004577,2.018348,0.000000,0.000000,0.000000,0.000000,0.000000,0.000000
0.800000,0.090811,1.005317,2.909189,-1.005317,2.021325,0.000000,0.000000,0.000000,0.000000,0.000000,0.000000
0.900000,0.102124,1.006082,2.897876,-1.006082,2.024400,0.000000,0.000000,0.000000,0.000000,0.000000,0.000000
1.000000,0.113428,1.006871,2.886572,-1.006871,2.027579,0.000000,0.000000,0.000000,0.000000,0.000000,0.000000
1.100000,0.124722,1.007686,2.875278,-1.007686,2.030864,0.000000,0.000000,0.000000,0.000000,0.000000,0.000000
1.200000,0.136006,1.008529,2.863994,-1.008529,2.034261,0.000000,0.000000,0.000000,0.000000,0.000000,0.000000
1.300000,0.147279,1.009399,2.852721,-1.009399,2.037772,0.000000,0.000000,0.000000,0.000000,0.000000,0.000000
1.400000,0.158541,1.010298,2.841459,-1.010298,2.041404,0.000000,0.000000,0.000000,0.000000,0.000000,0.000000
1.500000,0.169792,1.011227,2.830208,-1.011227,2.045160,0.000000,0.000000,0.000000,0.000000,0.000000,0.000000
1.600000,0.181031,1.012187,2.818969,-1.012187,2.049045,0.000000,0.000000,0.000000,0.000000,0.000000,0.000000
1.700000,0.192257,1.013179,2.807743,-1.013179,2.053063,0.000000,0.000000,0.000000,0.000000,0.000000,0.000000
1.800000,0.203470,1.014204,2.796530,-1.014204,2.057221,0.000000,0.000000,0.000000,0.000000,0.000000,0.000000
1.900000,0.214670,1.015264,2.785330,-1.015264,2.061522,0.000000,0.000000,0.000000,0.000000,0.000000,0.000000
2.000000,0.225855,1.016359,2.774145,-1.016359,2.065973,0.000000,0.000000,0.000000,0.000000,0.000000,0.000000
2.100000,0.237026,1.017492,2.762974,-1.017492,2.070579,0.000000,0.000000,0.000000,0.000000,0.000000,0.000000
2.200000,0.248182,1.018662,2.751818,-1.018662,2.075345,0.000000,0.000000,0.000000,0.000000,0.000000,0.000000
2.300000,0.259322,1.019872,2.740678,-1.019872,2.080277,0.000000,0.000000,0.000000,0.000000,0.000000,0.000000
2.400000,0.270445,1.021122,2.729555,-1.021122,2.085382,0.000000,0.000000,0.000000,0.000000,0.000000,0.000000
2.500000,0.281551,1.022415,2.718449,-1.022415,2.090665,0.000000,0.000000,0.000000,0.000000,0.000000,0.000000
2.600000,0.292638,1.023751,2.707362,-1.023751,2.096133,0.000000,0.000000,0.000000,0.000000,0.000000,0.000000
2.700000,0.303707,1.025132,2.696293,-1.025132,2.101792,0.000000,0.000000,0.000000,0.000000,0.000000,0.000000
2.800000,0.314756,1.026559,2.685244,-1.026559,2.107648,0.000000,0.000000,0.000000,0.000000,0.000000,0.000000
2.900000,0.325784,1.028034,2.674216,-1.028034,2.113709,0.000000,0.000000,0.000000,0.000000,0.000000,0.000000
3.000000,0.336791,1.029558,2.663209,-1.029558,2.119981,0.000000,0.000000,0.000000,0.000000,0.000000,0.000000
3.100000,0.347775,1.031133,2.652225,-1.031133,2.126470,0.000000,0.000000,0.000000,0.000000,0.000000,0.000000
3.200000,0.358735,1.032760,2.641265,-1.032760,2.133185,0.000000,0.000000,0.000000,0.000000,0.000000,0.000000
3.300000,0.369671,1.034440,2.630329,-1.034440,2.140131,0.000000,0.000000,0.000000,0.000000,0.000000,0.000000
3.400000,0.380581,1.036175,2.619419,-1.036175,2.147317,0.000000,0.000000,0.000000,0.000000,0.000000,0.000000
3.500000,0.391464,1.037966,2.608536,-1.037966,2.154748,0.000000,0.000000,0.000000,0.000000,0.000000,0.000000
3.600000,0.402319,1.039816,2.597681,-1.039816,2.162434,0.000000,0.000000,0.000000,0.000000,0.000000,0.000000
3.700000,0.413144,1.041725,2.586856,-1.041725,2.170380,0.000000,0.000000,0.000000,0.000000,0.000000,0.000000
3.800000,0.423939,1.043694,2.576061,-1.043694,2.178595,0.000000,0.000000,0.000000,0.000000,0.000000,0.000000
3.900000,0.434702,1.045726,2.565298,-1.045726,2.187085,0.000000,0.000000,0.000000,0.000000,0.000000,0.000000
4.000000,0.445432,1.047821,2.554568,-1.047821,2.195858,0.000000,0.000000,0.000000,0.000000,0.000000,0.000000
4.100000,0.456126,1.049981,2.543874,-1.049981,2.204920,0.000000,0.000000,0.000000,0.000000,0.000000,0.000000
4.200000,0.466784,1.052207,2.533216,-1.052207,2.214280,0.000000,0.000000,0.000000,0.000000,0.000000,0.000000
4.300000,0.477404,1.054501,2.522596,-1.054501,2.223944,0.000000,0.000000,0.000000,0.000000,0.000000,0.000000
4.400000,0.487985,1.056863,2.512015,-1.056863,2.233918,0.000000,0.000000,0.000000,0.000000,0.000000,0.000000
4.500000,0.498524,1.059295,2.501476,-1.059295,2.244211,0.000000,0.000000,0.000000,0.000000,0.000000,0.000000
4.600000,0.509021,1.061797,2.490979,-1.061797,2.254827,0.000000,0.000000,0.000000,0.000000,0.000000,0.000000
4.700000,0.519472,1.064372,2.480528,-1.064372,2.265774,0.000000,0.000000,0.000000,0.000000,0.000000,0.000000
4.800000,0.529877,1.067018,2.470123,-1.067018,2.277057,0.000000,0.000000,0.000000,0.000000,0.000000,0.000000
4.900000,0.540234,1.069739,2.459766,-1.069739,2.288682,0.000000,0.000000,0.000000,0.000000,0.000000,0.000000
5.000000,0.550541,1.072533,2.449459,-1.072533,2.300654,0.000000,0.000000,0.000000,0.000000,0.000000,0.000000
5.100000,0.560795,1.075402,2.439205,-1.075402,2.312979,0.000000,0.000000,0.000000,0.000000,0.000000,0.000000
5.200000,0.570995,1.078346,2.429005,-1.078346,2.325662,0.000000,0.000000,0.000000,0.000000,0.000000,0.000000
5.300000,0.581139,1.081366,2.418861,-1.081366,2.338705,0.000000,0.000000,0.000000,0.000000,0.000000,0.000000
5.400000,0.591226,1.084462,2.408774,-1.084462,2.352114,0.000000,0.000000,0.000000,0.000000,0.000000,0.000000
5.500000,0.601252,1.087633,2.398748,-1.087633,2.365891,0.000000,0.000000,0.000000,0.000000,0.000000,0.000000
5.600000,0.611216,1.090880,2.388784,-1.090880,2.380039,0.000000,0.000000,0.000000,0.000000,0.000000,0.000000
5.700000,0.621116,1.094203,2.378884,-1.094203,2.394561,0.000000,0.000000,0.000000,0.000000,0.000000,0.000000
5.800000,0.630950,1.097601,2.369050,-1.097601,2.409456,0.000000,0.000000,0.000000,0.000000,0.000000,0.000000
5.900000,0.640715,1.101074,2.359285,-1.101074,2.424727,0.000000,0.000000,0.000000,0.000000,0.000000,0.000000
6.000000,0.650410,1.104621,2.349590,-1.104621,2.440374,0.000000,0.000000,0.000000,0.000000,0.000000,0.000000
6.100000,0.660033,1.108241,2.339967,-1.108241,2.456396,0.000000,0.000000,0.000000,0.000000,0.000000,0.000000
6.200000,0.669581,1.111933,2.330419,-1.111933,2.472791,0.000000,0.000000,0.000000,0.000000,0.000000,0.000000
6.300000,0.679053,1.115697,2.320947,-1.115697,2.489558,0.000000,0.000000,0.000000,0.000000,0.000000,0.000000
6.400000,0.688447,1.119530,2.311553,-1.119530,2.506694,0.000000,0.000000,0.000000,0.000000,0.000000,0.000000
6.500000,0.697760,1.123431,2.302240,-1.123431,2.524195,0.000000,0.000000,0.000000,0.000000,0.000000,0.000000
6.600000,0.706991,1.127399,2.293009,-1.127399,2.542056,0.000000,0.000000,0.000000,0.000000,0.000000,0.000000
6.700000,0.716138,1.131431,2.283862,-1.131431,2.560272,0.000000,0.000000,0.000000,0.000000,0.000000,0.000000
6.800000,0.725199,1.135526,2.274801,-1.135526,2.578837,0.000000,0.000000,0.000000,0.000000,0.000000,0.000000
6.900000,0.734172,1.139681,2.265828,-1.139681,2.597744,0.000000,0.000000,0.000000,0.000000,0.000000,0.000000
7.000000,0.743056,1.143894,2.256944,-1.143894,2.616985,0.000000,0.000000,0.000000,0.000000,0.000000,0.000000
7.100000,0.751849,1.148162,2.248151,-1.148162,2.636550,0.000000,0.000000,0.000000,0.000000,0.000000,0.000000
7.200000,0.760549,1.152482,2.239451,-1.152482,2.656430,0.000000,0.000000,0.000000,0.000000,0.000000,0.000000
7.300000,0.769156,1.156852,2.230844,-1.156852,2.676614,0.000000,0.000000,0.000000,0.000000,0.000000,0.000000
7.400000,0.777666,1.161269,2.222334,-1.161269,2.697091,0.000000,0.000000,0.000000,0.000000,0.000000,0.000000
7.500000,0.786080,1.165729,2.213920,-1.165729,2.717848,0.000000,0.000000,0.000000,0.000000,0.000000,0.000000
7.600000,0.794395,1.170229,2.205605,-1.170229,2.738871,0.000000,0.000000,0.000000,0.000000,0.000000,0.000000
7.700000,0.802612,1.174765,2.197388,-1.174765,2.760146,0.000000,0.000000,0.000000,0.000000,0.000000,0.000000
7.800000,0.810728,1.179334,2.189272,-1.179334,2.781658,0.000000,0.000000,0.000000,0.000000,0.000000,0.000000
7.900000,0.818742,1.183932,2.181258,-1.183932,2.803392,0.000000,0.000000,0.000000,0.000000,0.000000,0.000000
8.000000,0.826654,1.188556,2.173346,-1.188556,2.825330,0.000000,0.000000,0.000000,0.000000,0.000000,0.000000
8.100000,0.834463,1.193200,2.165537,-1.193200,2.847454,0.000000,0.000000,0.000000,0.000000,0.000000,0.000000
8.200000,0.842169,1.197862,2.157831,-1.197862,2.869748,0.000000,0.000000,0.000000,0.000000,0.000000,0.000000
8.300000,0.849770,1.202537,2.150230,-1.202537,2.892191,0.000000,0.000000,0.000000,0.000000,0.000000,0.000000
8.400000,0.857266,1.207221,2.142734,-1.207221,2.914765,0.000000,0.000000,0.000000,0.000000,0.000000,0.000000
8.500000,0.864656,1.211909,2.135344,-1.211909,2.937448,0.000000,0.000000,0.000000,0.000000,0.000000,0.000000
8.600000,0.871941,1.216598,2.128059,-1.216598,2.960221,0.000000,0.000000,0.000000,0.000000,0.000000,0.000000
8.700000,0.879121,1.221282,2.120879,-1.221282,2.983061,0.000000,0.000000,0.000000,0.000000,0.000000,0.000000
8.800000,0.886194,1.225958,2.113806,-1.225958,3.005948,0.000000,0.000000,0.000000,0.000000,0.000000,0.000000
8.900000,0.893161,1.230621,2.106839,-1.230621,3.028858,0.000000,0.000000,0.000000,0.000000,0.000000,0.000000
9.000000,0.900022,1.235267,2.099978,-1.235267,3.051769,0.000000,0.000000,0.000000,0.000000,0.000000,0.000000
9.100000,0.906777,1.239891,2.093223,-1.239891,3.074658,0.000000,0.000000,0.000000,0.000000,0.000000,0.000000
9.200000,0.913426,1.244488,2.086574,-1.244488,3.097502,0.000000,0.000000,0.000000,0.000000,0.000000,0.000000
9.300000,0.919970,1.249055,2.080030,-1.249055,3.120277,0.000000,0.000000,0.000000,0.000000,0.000000,0.000000
9.400000,0.926409,1.253587,2.073591,-1.253587,3.142960,0.000000,0.000000,0.000000,0.000000,0.000000,0.000000
9.500000,0.932743,1.258079,2.067257,-1.258079,3.165525,0.000000,0.000000,0.000000,0.000000,0.000000,0.000000
9.600000,0.938973,1.262527,2.061027,-1.262527,3.187951,0.000000,0.000000,0.000000,0.000000,0.000000,0.000000
9.700000,0.945099,1.266928,2.054901,-1.266928,3.210211,0.000000,0.000000,0.000000,0.000000,0.000000,0.000000
9.800000,0.951123,1.271276,2.048877,-1.271276,3.232283,0.000000,0.000000,0.000000,0.000000,0.000000,0.000000
9.900000,0.957044,1.275567,2.042956,-1.275567,3.254142,0.000000,0.000000,0.000000,0.000000,0.000000,0.000000
10.000000,0.962864,1.279798,2.037136,-1.279798,3.275765,0.000000,0.000000,0.000000,0.000000,0.000000,0.000000
10.100000,0.968583,1.283964,2.031417,-1.283964,3.297127,0.000000,0.000000,0.000000,0.000000,0.000000,0.000000
10.200000,0.974203,1.288062,2.025797,-1.288062,3.318205,0.000000,0.000000,0.000000,0.000000,0.000000,0.000000
10.300000,0.979723,1.292087,2.020277,-1.292087,3.338976,0.000000,0.000000,0.000000,0.000000,0.000000,0.000000
10.400000,0.985146,1.296036,2.014854,-1.296036,3.359417,0.000000,0.000000,0.000000,0.000000,0.000000,0.000000
10.500000,0.990471,1.299905,2.009529,-1.299905,3.379504,0.000000,0.000000,0.000000,0.000000,0.000000,0.000000
10.600000,0.995701,1.303690,2.004299,-1.303690,3.399216,0.000000,0.000000,0.000000,0.000000,0.000000,0.000000
10.700000,1.000835,1.307389,1.999165,-1.307389,3.418531,0.000000,0.000000,0.000000,0.000000,0.000000,0.000000
10.800000,1.005876,1.310997,1.994124,-1.310997,3.437427,0.000000,0.000000,0.000000,0.000000,0.000000,0.000000
10.900000,1.010824,1.314512,1.989176,-1.314512,3.455884,0.000000,0.000000,0.000000,0.000000,0.000000,0.000000
11.000000,1.015681,1.317930,1.984319,-1.317930,3.473880,0.000000,0.000000,0.000000,0.000000,0.000000,0.000000
11.100000,1.020447,1.321249,1.979553,-1.321249,3.491395,0.000000,0.000000,0.000000,0.000000,0.000000,0.000000
11.200000,1.025124,1.324464,1.974876,-1.324464,3.508412,0.000000,0.000000,0.000000,0.000000,0.000000,0.000000
11.300000,1.029713,1.327575,1.970287,-1.327575,3.524909,0.000000,0.000000,0.000000,0.000000,0.000000,0.000000
11.400000,1.034215,1.330577,1.965785,-1.330577,3.540870,0.000000,0.000000,0.000000,0.000000,0.000000,0.000000
11.500000,1.038632,1.333469,1.961368,-1.333469,3.556277,0.000000,0.000000,0.000000,0.000000,0.000000,0.000000
11.600000,1.042964,1.336247,1.957036,-1.336247,3.571114,0.000000,0.000000,0.000000,0.000000,0.000000,0.000000
11.700000,1.047213,1.338911,1.952787,-1.338911,3.585363,0.000000,0.000000,0.000000,0.000000,0.000000,0.000000
11.800000,1.051380,1.341456,1.948620,-1.341456,3.599010,0.000000,0.000000,0.000000,0.000000,0.000000,0.000000
11.900000,1.055466,1.343882,1.944534,-1.343882,3.612040,0.000000,0.000000,0.000000,0.000000,0.000000,0.000000
12.000000,1.059473,1.346187,1.940527,-1.346187,3.624440,0.000000,0.000000,0.000000,0.000000,0.000000,0.000000
12.100000,1.063402,1.348368,1.936598,-1.348368,3.636195,0.000000,0.000000,0.000000,0.000000,0.000000,0.000000
12.200000,1.067253,1.350425,1.932747,-1.350425,3.647294,0.000000,0.000000,0.000000,0.000000,0.000000,0.000000
12.300000,1.071029,1.352354,1.928971,-1.352354,3.657725,0.000000,0.000000,0.000000,0.000000,0.000000,0.000000
12.400000,1.074730,1.354156,1.925270,-1.354156,3.667476,0.000000,0.000000,0.000000,0.000000,0.000000,0.000000
12.500000,1.078358,1.355828,1.921642,-1.355828,3.676540,0.000000,0.000000,0.000000,0.000000,0.000000,0.000000
12.600000,1.081914,1.357370,1.918086,-1.357370,3.684905,0.000000,0.000000,0.000000,0.000000,0.000000,0.000000
12.700000,1.085399,1.358780,1.914601,-1.358780,3.692564,0.000000,0.000000,0.000000,0.000000,0.000000,0.000000
12.800000,1.088815,1.360057,1.911185,-1.360057,3.699509,0.000000,0.000000,0.000000,0.000000,0.000000,0.000000
12.900000,1.092161,1.361200,1.907839,-1.361200,3.705733,0.000000,0.000000,0.000000,0.000000,0.000000,0.000000
13.000000,1.095441,1.362210,1.904559,-1.362210,3.711230,0.000000,0.000000,0.000000,0.000000,0.000000,0.000000
13.100000,1.098654,1.363084,1.901346,-1.363084,3.715996,0.000000,0.000000,0.000000,0.000000,0.000000,0.000000
13.200000,1.101802,1.363823,1.898198,-1.363823,3.720024,0.000000,0.000000,0.000000,0.000000,0.000000,0.000000
13.300000,1.104886,1.364425,1.895114,-1.364425,3.723313,0.000000,0.000000,0.000000,0.000000,0.000000,0.000000
13.400000,1.107907,1.364892,1.892093,-1.364892,3.725859,0.000000,0.000000,0.000000,0.000000,0.000000,0.000000
13.500000,1.110867,1.365222,1.889133,-1.365222,3.727660,0.000000,0.000000,0.000000,0.000000,0.000000,0.000000
13.600000,1.113766,1.365415,1.886234,-1.365415,3.728714,0.000000,0.000000,0.000000,0.000000,0.000000,0.000000
13.700000,1.116605,1.365471,1.883395,-1.365471,3.729022,0.000000,0.000000,0.000000,0.000000,0.000000,0.000000
13.800000,1.119386,1.365391,1.880614,-1.365391,3.728583,0.000000,0.000000,0.000000,0.000000,0.000000,0.000000
13.900000,1.122109,1.365173,1.877891,-1.365173,3.727397,0.000000,0.000000,0.000000,0.000000,0.000000,0.000000
14.000000,1.124776,1.364820,1.875224,-1.364820,3.725468,0.000000,0.000000,0.000000,0.000000,0.000000,0.000000
14.100000,1.127387,1.364331,1.872613,-1.364331,3.722796,0.000000,0.000000,0.000000,0.000000,0.000000,0.000000
14.200000,1.129944,1.363705,1.870056,-1.363705,3.719385,0.000000,0.000000,0.000000,0.000000,0.000000,0.000000
14.300000,1.132448,1.362945,1.867552,-1.362945,3.715239,0.000000,0.000000,0.000000,0.000000,0.000000,0.000000
14.400000,1.134898,1.362050,1.865102,-1.362050,3.710361,0.000000,0.000000,0.000000,0.000000,0.000000,0.000000
14.500000,1.137298,1.361021,1.862702,-1.361021,3.704758,0.000000,0.000000,0.000000,0.000000,0.000000,0.000000
14.600000,1.139646,1.359859,1.860354,-1.359859,3.698433,0.000000,0.000000,0.000000,0.000000,0.000000,0.000000
14.700000,1.141945,1.358564,1.858055,-1.358564,3.691393,0.000000,0.000000,0.000000,0.000000,0.000000,0.000000
14.800000,1.144195,1.357138,1.855805,-1.357138,3.683646,0.000000,0.000000,0.000000,0.000000,0.000000,0.000000
14.900000,1.146397,1.355581,1.853603,-1.355581,3.675197,0.000000,0.000000,0.000000,0.000000,0.000000,0.000000
15.000000,1.148551,1.353893,1.851449,-1.353893,3.666055,0.000000,0.000000,0.000000,0.000000,0.000000,0.000000
15.100000,1.150660,1.352078,1.849340,-1.352078,3.656228,0.000000,0.000000,0.000000,0.000000,0.000000,0.000000
15.200000,1.152723,1.350134,1.847277,-1.350134,3.645726,0.000000,0.000000,0.000000,0.000000,0.000000,0.000000
15.300000,1.154741,1.348065,1.845259,-1.348065,3.634556,0.000000,0.000000,0.000000,0.000000,0.000000,0.000000
15.400000,1.156715,1.345869,1.843285,-1.345869,3.622729,0.000000,0.000000,0.000000,0.000000,0.000000,0.000000
15.500000,1.158646,1.343550,1.841354,-1.343550,3.610255,0.000000,0.000000,0.000000,0.000000,0.000000,0.000000
15.600000,1.160535,1.341109,1.839465,-1.341109,3.597144,0.000000,0.000000,0.000000,0.000000,0.000000,0.000000
15.700000,1.162383,1.338545,1.837617,-1.338545,3.583408,0.000000,0.000000,0.000000,0.000000,0.000000,0.000000
15.800000,1.164189,1.335862,1.835811,-1.335862,3.569057,0.000000,0.000000,0.000000,0.000000,0.000000,0.000000
15.900000,1.165955,1.333061,1.834045,-1.333061,3.554104,0.000000,0.000000,0.000000,0.000000,0.000000,0.000000
16.000000,1.167682,1.330143,1.832318,-1.330143,3.538559,0.000000,0.000000,0.000000,0.000000,0.000000,0.000000
16.100000,1.169370,1.327109,1.830630,-1.327109,3.522436,0.000000,0.000000,0.000000,0.000000,0.000000,0.000000
16.200000,1.171020,1.323961,1.828980,-1.323961,3.505747,0.000000,0.000000,0.000000,0.000000,0.000000,0.000000
16.300000,1.172633,1.320701,1.827367,-1.320701,3.488505,0.000000,0.000000,0.000000,0.000000,0.000000,0.000000
16.400000,1.174208,1.317331,1.825792,-1.317331,3.470722,0.000000,0.000000,0.000000,0.000000,0.000000,0.000000
16.500000,1.175748,1.313852,1.824252,-1.313852,3.452413,0.000000,0.000000,0.000000,0.000000,0.000000,0.000000
16.600000,1.177252,1.310265,1.822748,-1.310265,3.433590,0.000000,0.000000,0.000000,0.000000,0.000000,0.000000
16.700000,1.178721,1.306573,1.821279,-1.306573,3.414268,0.000000,0.000000,0.000000,0.000000,0.000000,0.000000
16.800000,1.180156,1.302778,1.819844,-1.302778,3.394460,0.000000,0.000000,0.000000,0.000000,0.000000,0.000000
16.900000,1.181557,1.298880,1.818443,-1.298880,3.374180,0.000000,0.000000,0.000000,0.000000,0.000000,0.000000
17.000000,1.182925,1.294883,1.817075,-1.294883,3.353442,0.000000,0.000000,0.000000,0.000000,0.000000,0.000000
17.100000,1.184261,1.290787,1.815739,-1.290787,3.332260,0.000000,0.000000,0.000000,0.000000,0.000000,0.000000
17.200000,1.185564,1.286594,1.814436,-1.286594,3.310650,0.000000,0.000000,0.000000,0.000000,0.000000,0.000000
17.300000,1.186835,1.282307,1.813165,-1.282307,3.288624,0.000000,0.000000,0.000000,0.000000,0.000000,0.000000
17.400000,1.188076,1.277928,1.811924,-1.277928,3.266199,0.000000,0.000000,0.000000,0.000000,0.000000,0.000000
17.500000,1.189286,1.273457,1.810714,-1.273457,3.243386,0.000000,0.000000,0.000000,0.000000,0.000000,0.000000
17.600000,1.190467,1.268898,1.809533,-1.268898,3.220204,0.000000,0.000000,0.000000,0.000000,0.000000,0.000000
17.700000,1.191617,1.264251,1.808383,-1.264251,3.196664,0.000000,0.000000,0.000000,0.000000,0.000000,0.000000
17.800000,1.192739,1.259520,1.807261,-1.259520,3.172782,0.000000,0.000000,0.000000,0.000000,0.000000,0.000000
17.900000,1.193832,1.254706,1.806168,-1.254706,3.148572,0.000000,0.000000,0.000000,0.000000,0.000000,0.000000
18.000000,1.194897,1.249810,1.805103,-1.249810,3.124049,0.000000,0.000000,0.000000,0.000000,0.000000,0.000000
18.100000,1.195934,1.244835,1.804066,-1.244835,3.099228,0.000000,0.000000,0.000000,0.000000,0.000000,0.000000
18.200000,1.196944,1.239782,1.803056,-1.239782,3.074121,0.000000,0.000000,0.000000,0.000000,0.000000,0.000000
18.300000,1.197927,1.234655,1.802073,-1.234655,3.048745,0.000000,0.000000,0.000000,0.000000,0.000000,0.000000
18.400000,1.198884,1.229454,1.801116,-1.229454,3.023113,0.000000,0.000000,0.000000,0.000000,0.000000,0.000000
18.500000,1.199815,1.224181,1.800185,-1.224181,2.997239,0.000000,0.000000,0.000000,0.000000,0.000000,0.000000
18.600000,1.200721,1.218839,1.799279,-1.218839,2.971137,0.000000,0.000000,0.000000,0.000000,0.000000,0.000000
18.700000,1.201601,1.213429,1.798399,-1.213429,2.944821,0.000000,0.000000,0.000000,0.000000,0.000000,0.000000
18.800000,1.202456,1.207954,1.797544,-1.207954,2.918306,0.000000,0.000000,0.000000,0.000000,0.000000,0.000000
18.900000,1.203287,1.202415,1.796713,-1.202415,2.891604,0.000000,0.000000,0.000000,0.000000,0.000000,0.000000
19.000000,1.204094,1.196814,1.795906,-1.196814,2.864729,0.000000,0.000000,0.000000,0.000000,0.000000,0.000000
19.100000,1.204877,1.191154,1.795123,-1.191154,2.837694,0.000000,0.000000,0.000000,0.000000,0.000000,0.000000
19.200000,1.205637,1.185435,1.794363,-1.185435,2.810513,0.000000,0.000000,0.000000,0.000000,0.000000,0.000000
19.300000,1.206374,1.179660,1.793626,-1.179660,2.783198,0.000000,0.000000,0.000000,0.000000,0.000000,0.000000
19.400000,1.207088,1.173832,1.792912,-1.173832,2.755762,0.000000,0.000000,0.000000,0.000000,0.000000,0.000000
19.500000,1.207780,1.167951,1.792220,-1.167951,2.728218,0.000000,0.000000,0.000000,0.000000,0.000000,0.000000
19.600000,1.208450,1.162019,1.791550,-1.162019,2.700578,0.000000,0.000000,0.000000,0.000000,0.000000,0.000000
19.700000,1.209099,1.156040,1.790901,-1.156040,2.672855,0.000000,0.000000,0.000000,0.000000,0.000000,0.000000
19.800000,1.209726,1.150013,1.790274,-1.150013,2.645060,0.000000,0.000000,0.000000,0.000000,0.000000,0.000000
19.900000,1.210331,1.143942,1.789669,-1.143942,2.617206,0.000000,0.000000,0.000000,0.000000,0.000000,0.000000
20.000000,1.210917,1.137827,1.789083,-1.137827,2.589303,0.000000,0.000000,0.000000,0.000000,0.000000,0.000000
20.100000,1.211481,1.131672,1.788519,-1.131672,2.561363,0.000000,0.000000,0.000000,0.000000,0.000000,0.000000
20.200000,1.212026,1.125477,1.787974,-1.125477,2.533397,0.000000,0.000000,0.000000,0.000000,0.000000,0.000000
20.300000,1.212550,1.119245,1.787450,-1.119245,2.505417,0.000000,0.000000,0.000000,0.000000,0.000000,0.000000
20.400000,1.213055,1.112976,1.786945,-1.112976,2.477432,0.000000,0.000000,0.000000,0.000000,0.000000,0.000000
20.500000,1.213540,1.106674,1.786460,-1.106674,2.449453,0.000000,0.000000,0.000000,0.000000,0.000000,0.000000
20.600000,1.214007,1.100339,1.785993,-1.100339,2.421491,0.000000,0.000000,0.000000,0.000000,0.000000,0.000000
20.700000,1.214454,1.093973,1.785546,-1.093973,2.393555,0.000000,0.000000,0.000000,0.000000,0.000000,0.000000
20.800000,1.214883,1.087579,1.785117,-1.087579,2.365655,0.000000,0.000000,0.000000,0.000000,0.000000,0.000000
20.900000,1.215294,1.081157,1.784706,-1.081157,2.337800,0.000000,0.000000,0.000000,0.000000,0.000000,0.000000
21.000000,1.215686,1.074709,1.784314,-1.074709,2.309999,0.000000,0.000000,0.000000,0.000000,0.000000,0.000000
21.100000,1.216061,1.068237,1.783939,-1.068237,2.282262,0.000000,0.000000,0.000000,0.000000,0.000000,0.000000
21.200000,1.216418,1.061743,1.783582,-1.061743,2.254597,0.000000,0.000000,0.000000,0.000000,0.000000,0.000000
21.300000,1.216757,1.055228,1.783243,-1.055228,2.227013,0.000000,0.000000,0.000000,0.000000,0.000000,0.000000
21.400000,1.217079,1.048694,1.782921,-1.048694,2.199518,0.000000,0.000000,0.000000,0.000000,0.000000,0.000000
21.500000,1.217384,1.042142,1.782616,-1.042142,2.172119,0.000000,0.000000,0.000000,0.000000,0.000000,0.000000
21.600000,1.217673,1.035573,1.782327,-1.035573,2.144825,0.000000,0.000000,0.000000,0.000000,0.000000,0.000000
21.700000,1.217945,1.028990,1.782055,-1.028990,2.117642,0.000000,0.000000,0.000000,0.000000,0.000000,0.000000
21.800000,1.218200,1.022394,1.781800,-1.022394,2.090579,0.000000,0.000000,0.000000,0.000000,0.000000,0.000000
21.900000,1.218439,1.015786,1.781561,-1.015786,2.063641,0.000000,0.000000,0.000000,0.000000,0.000000,0.000000
22.000000,1.218663,1.009167,1.781337,-1.009167,2.036837,0.000000,0.000000,0.000000,0.000000,0.000000,0.000000
22.100000,1.218870,1.002540,1.781130,-1.002540,2.010172,0.000000,0.000000,0.000000,0.000000,0.000000,0.000000
22.200000,1.219062,0.995905,1.780938,-0.995905,1.983652,0.000000,0.000000,0.000000,0.000000,0.000000,0.000000
22.300000,1.219239,0.989263,1.780761,-0.989263,1.957284,0.000000,0.000000,0.000000,0.000000,0.000000,0.000000
22.399999,1.219400,0.982617,1.780600,-0.982617,1.931074,0.000000,0.000000,0.000000,0.000000,0.000000,0.000000
22.499999,1.219546,0.975968,1.780454,-0.975968,1.905026,0.000000,0.000000,0.000000,0.000000,0.000000,0.000000
22.599999,1.219677,0.969316,1.780323,-0.969316,1.879145,0.000000,0.000000,0.000000,0.000000,0.000000,0.000000
22.699999,1.219794,0.962663,1.780206,-0.962663,1.853438,0.000000,0.000000,0.000000,0.000000,0.000000,0.000000
22.799999,1.219896,0.956010,1.780104,-0.956010,1.827909,0.000000,0.000000,0.000000,0.000000,0.000000,0.000000
22.899999,1.219984,0.949358,1.780016,-0.949358,1.802563,0.000000,0.000000,0.000000,0.000000,0.000000,0.000000
22.999999,1.220057,0.942710,1.779943,-0.942710,1.777403,0.000000,0.000000,0.000000,0.000000,0.000000,0.000000
23.099999,1.220116,0.936065,1.779884,-0.936065,1.752435,0.000000,0.000000,0.000000,0.000000,0.000000,0.000000
23.199999,1.220162,0.929425,1.779838,-0.929425,1.727662,0.000000,0.000000,0.000000,0.000000,0.000000,0.000000
23.299999,1.220194,0.922791,1.779806,-0.922791,1.703088,0.000000,0.000000,0.000000,0.000000,0.000000,0.000000
23.399999,1.220212,0.916165,1.779788,-0.916165,1.678716,0.000000,0.000000,0.000000,0.000000,0.000000,0.000000
23.499999,1.220216,0.909547,1.779784,-0.909547,1.654551,0.000000,0.000000,0.000000,0.000000,0.000000,0.000000
23.599999,1.220208,0.902938,1.779792,-0.902938,1.630594,0.000000,0.000000,0.000000,0.000000,0.000000,0.000000
23.699999,1.220186,0.896340,1.779814,-0.896340,1.606850,0.000000,0.000000,0.000000,0.000000,0.000000,0.000000
23.799999,1.220151,0.889753,1.779849,-0.889753,1.583320,0.000000,0.000000,0.000000,0.000000,0.000000,0.000000
23.899999,1.220103,0.883178,1.779897,-0.883178,1.560008,0.000000,0.000000,0.000000,0.000000,0.000000,0.000000
23.999999,1.220042,0.876617,1.779958,-0.876617,1.536916,0.000000,0.000000,0.000000,0.000000,0.000000,0.000000
24.099999,1.219969,0.870071,1.780031,-0.870071,1.514046,0.000000,0.000000,0.000000,0.000000,0.000000,0.000000
24.199999,1.219883,0.863539,1.780117,-0.863539,1.491400,0.000000,0.000000,0.000000,0.000000,0.000000,0.000000
24.299999,1.219785,0.857024,1.780215,-0.857024,1.468980,0.000000,0.000000,0.000000,0.000000,0.000000,0.000000
24.399999,1.219675,0.850526,1.780325,-0.850526,1.446788,0.000000,0.000000,0.000000,0.000000,0.000000,0.000000
24.499999,1.219552,0.844045,1.780448,-0.844045,1.424825,0.000000,0.000000,0.000000,0.000000,0.000000,0.000000
24.599999,1.219417,0.837584,1.780583,-0.837584,1.403093,0.000000,0.000000,0.000000,0.000000,0.000000,0.000000
24.699999,1.219271,0.831142,1.780729,-0.831142,1.381593,0.000000,0.000000,0.000000,0.000000,0.000000,0.000000
24.799999,1.219113,0.824720,1.780887,-0.824720,1.360326,0.000000,0.000000,0.000000,0.000000,0.000000,0.000000
24.899999,1.218943,0.818319,1.781057,-0.818319,1.339293,0.000000,0.000000,0.000000,0.000000,0.000000,0.000000
24.999999,1.218761,0.811940,1.781239,-0.811940,1.318495,0.000000,0.000000,0.000000,0.000000,0.000000,0.000000
25.099999,1.218568,0.805584,1.781432,-0.805584,1.297932,0.000000,0.000000,0.000000,0.000000,0.000000,0.000000
25.199999,1.218364,0.799251,1.781636,-0.799251,1.277605,0.000000,0.000000,0.000000,0.000000,0.000000,0.000000
25.299999,1.218148,0.792942,1.781852,-0.792942,1.257515,0.000000,0.000000,0.000000,0.000000,0.000000,0.000000
25.399999,1.217922,0.786658,1.782078,-0.786658,1.237661,0.000000,0.000000,0.000000,0.000000,0.000000,0.000000
25.499999,1.217684,0.780399,1.782316,-0.780399,1.218044,0.000000,0.000000,0.000000,0.000000,0.000000,0.000000
25.599999,1.217435,0.774165,1.782565,-0.774165,1.198664,0.000000,0.000000,0.000000,0.000000,0.000000,0.000000
25.699999,1.217176,0.767959,1.782824,-0.767959,1.179521,0.000000,0.000000,0.000000,0.000000,0.000000,0.000000
25.799999,1.216906,0.761779,1.783094,-0.761779,1.160614,0.000000,0.000000,0.000000,0.000000,0.000000,0.000000
25.899999,1.216625,0.755627,1.783375,-0.755627,1.141944,0.000000,0.000000,0.000000,0.000000,0.000000,0.000000
25.999999,1.216333,0.749503,1.783667,-0.749503,1.123509,0.000000,0.000000,0.000000,0.000000,0.000000,0.000000
26.099999,1.216032,0.743408,1.783968,-0.743408,1.105310,0.000000,0.000000,0.000000,0.000000,0.000000,0.000000
26.199999,1.215720,0.737342,1.784280,-0.737342,1.087346,0.000000,0.000000,0.000000,0.000000,0.000000,0.000000
26.299999,1.215397,0.731306,1.784603,-0.731306,1.069616,0.000000,0.000000,0.000000,0.000000,0.000000,0.000000
26.399999,1.215065,0.725300,1.784935,-0.725300,1.052119,0.000000,0.000000,0.000000,0.000000,0.000000,0.000000
26.499999,1.214722,0.719324,1.785278,-0.719324,1.034855,0.000000,0.000000,0.000000,0.000000,0.000000,0.000000
26.599999,1.214370,0.713380,1.785630,-0.713380,1.017822,0.000000,0.000000,0.000000,0.000000,0.000000,0.000000
26.699999,1.214007,0.707467,1.785993,-0.707467,1.001020,0.000000,0.000000,0.000000,0.000000,0.000000,0.000000
26.799999,1.213635,0.701586,1.786365,-0.701586,0.984447,0.000000,0.000000,0.000000,0.000000,0.000000,0.000000
26.899999,1.213253,0.695738,1.786747,-0.695738,0.968102,0.000000,0.000000,0.000000,0.000000,0.000000,0.000000
26.999999,1.212861,0.689922,1.787139,-0.689922,0.951984,0.000000,0.000000,0.000000,0.000000,0.000000,0.000000
27.099999,1.212460,0.684139,1.787540,-0.684139,0.936092,0.000000,0.000000,0.000000,0.000000,0.000000,0.000000
27.199999,1.212050,0.678389,1.787950,-0.678389,0.920424,0.000000,0.000000,0.000000,0.000000,0.000000,0.000000
27.299999,1.211630,0.672673,1.788370,-0.672673,0.904979,0.000000,0.000000,0.000000,0.000000,0.000000,0.000000
27.399999,1.211200,0.666991,1.788800,-0.666991,0.889755,0.000000,0.000000,0.000000,0.000000,0.000000,0.000000
27.499999,1.210762,0.661344,1.789238,-0.661344,0.874751,0.000000,0.000000,0.000000,0.000000,0.000000,0.000000
27.599999,1.210314,0.655731,1.789686,-0.655731,0.859965,0.000000,0.000000,0.000000,0.000000,0.000000,0.000000
27.699999,1.209857,0.650152,1.790143,-0.650152,0.845396,0.000000,0.000000,0.000000,0.000000,0.000000,0.000000
27.799999,1.209392,0.644609,1.790608,-0.644609,0.831042,0.000000,0.000000,0.000000,0.000000,0.000000,0.000000
27.899999,1.208917,0.639101,1.791083,-0.639101,0.816901,0.000000,0.000000,0.000000,0.000000,0.000000,0.000000
27.999999,1.208433,0.633629,1.791567,-0.633629,0.802971,0.000000,0.000000,0.000000,0.000000,0.000000,0.000000
28.099999,1.207941,0.628192,1.792059,-0.628192,0.789250,0.000000,0.000000,0.000000,0.000000,0.000000,0.000000
28.199999,1.207440,0.622791,1.792560,-0.622791,0.775737,0.000000,0.000000,0.000000,0.000000,0.000000,0.000000
28.299999,1.206931,0.617426,1.793069,-0.617426,0.762430,0.000000,0.000000,0.000000,0.000000,0.000000,0.000000
28.399999,1.206413,0.612098,1.793587,-0.612098,0.749327,0.000000,0.000000,0.000000,0.000000,0.000000,0.000000
28.499999,1.205886,0.606806,1.794114,-0.606806,0.736426,0.000000,0.000000,0.000000,0.000000,0.000000,0.000000
28.599999,1.205351,0.601550,1.794649,-0.601550,0.723725,0.000000,0.000000,0.000000,0.000000,0.000000,0.000000
28.699999,1.204808,0.596331,1.795192,-0.596331,0.711222,0.000000,0.000000,0.000000,0.000000,0.000000,0.000000
28.799999,1.204256,0.591149,1.795744,-0.591149,0.698914,0.000000,0.000000,0.000000,0.000000,0.000000,0.000000
28.899999,1.203696,0.586004,1.796304,-0.586004,0.686801,0.000000,0.000000,0.000000,0.000000,0.000000,0.000000
28.999999,1.203128,0.580896,1.796872,-0.580896,0.674879,0.000000,0.000000,0.000000,0.000000,0.000000,0.000000
29.099999,1.202553,0.575825,1.797447,-0.575825,0.663148,0.000000,0.000000,0.000000,0.000000,0.000000,0.000000
29.199999,1.201969,0.570791,1.798031,-0.570791,0.651604,0.000000,0.000000,0.000000,0.000000,0.000000,0.000000
29.299999,1.201377,0.565794,1.798623,-0.565794,0.640245,0.000000,0.000000,0.000000,0.000000,0.000000,0.000000
29.399999,1.200777,0.560834,1.799223,-0.560834,0.629070,0.000000,0.000000,0.000000,0.000000,0.000000,0.000000
29.499999,1.200170,0.555912,1.799830,-0.555912,0.618076,0.000000,0.000000,0.000000,0.000000,0.000000,0.000000
29.599999,1.199554,0.551027,1.800446,-0.551027,0.607262,0.000000,0.000000,0.000000,0.000000,0.000000,0.000000
29.699999,1.198932,0.546180,1.801068,-0.546180,0.596625,0.000000,0.000000,0.000000,0.000000,0.000000,0.000000
29.799999,1.198301,0.541370,1.801699,-0.541370,0.586162,0.000000,0.000000,0.000000,0.000000,0.000000,0.000000
29.899999,1.197663,0.536597,1.802337,-0.536597,0.575872,0.000000,0.000000,0.000000,0.000000,0.000000,0.000000
29.999999,1.197018,0.531862,1.802982,-0.531862,0.565753,0.000000,0.000000,0.000000,0.000000,0.000000,0.000000
30.099999,1.196365,0.527164,1.803635,-0.527164,0.555803,0.000000,0.000000,0.000000,0.000000,0.000000,0.000000
30.199999,1.195705,0.522503,1.804295,-0.522503,0.546019,0.000000,0.000000,0.000000,0.000000,0.000000,0.000000
30.299999,1.195038,0.517880,1.804962,-0.517880,0.536398,0.000000,0.000000,0.000000,0.000000,0.000000,0.000000
30.399999,1.194363,0.513294,1.805637,-0.513294,0.526940,0.000000,0.000000,0.000000,0.000000,0.000000,0.000000
30.499999,1.193681,0.508745,1.806319,-0.508745,0.517642,0.000000,0.000000,0.000000,0.000000,0.000000,0.000000
30.599999,1.192993,0.504233,1.807007,-0.504233,0.508502,0.000000,0.000000,0.000000,0.000000,0.000000,0.000000
30.699999,1.192297,0.499758,1.807703,-0.499758,0.499517,0.000000,0.000000,0.000000,0.000000,0.000000,0.000000
30.799999,1.191594,0.495321,1.808406,-0.495321,0.490686,0.000000,0.000000,0.000000,0.000000,0.000000,0.000000
30.899999,1.190884,0.490920,1.809116,-0.490920,0.482006,0.000000,0.000000,0.000000,0.000000,0.000000,0.000000
30.999999,1.190168,0.486557,1.809832,-0.486557,0.473475,0.000000,0.000000,0.000000,0.000000,0.000000,0.000000
31.099999,1.189445,0.482230,1.810555,-0.482230,0.465091,0.000000,0.000000,0.000000,0.000000,0.000000,0.000000
31.199999,1.188715,0.477940,1.811285,-0.477940,0.456853,0.000000,0.000000,0.000000,0.000000,0.000000,0.000000
31.299999,1.187978,0.473686,1.812022,-0.473686,0.448757,0.000000,0.000000,0.000000,0.000000,0.000000,0.000000
31.399999,1.187235,0.469469,1.812765,-0.469469,0.440803,0.000000,0.000000,0.000000,0.000000,0.000000,0.000000
31.499999,1.186486,0.465288,1.813514,-0.465288,0.432987,0.000000,0.000000,0.000000,0.000000,0.000000,0.000000
31.599999,1.185730,0.461144,1.814270,-0.461144,0.425308,0.000000,0.000000,0.000000,0.000000,0.000000,0.000000
31.699999,1.184967,0.457036,1.815033,-0.457036,0.417764,0.000000,0.000000,0.000000,0.000000,0.000000,0.000000
31.799999,1.184198,0.452964,1.815802,-0.452964,0.410352,0.000000,0.000000,0.000000,0.000000,0.000000,0.000000
31.899999,1.183423,0.448927,1.816577,-0.448927,0.403071,0.000000,0.000000,0.000000,0.000000,0.000000,0.000000
31.999999,1.182642,0.444927,1.817358,-0.444927,0.395919,0.000000,0.000000,0.000000,0.000000,0.000000,0.000000
32.099999,1.181854,0.440962,1.818146,-0.440962,0.388894,0.000000,0.000000,0.000000,0.000000,0.000000,0.000000
32.199999,1.181061,0.437032,1.818939,-0.437032,0.381994,0.000000,0.000000,0.000000,0.000000,0.000000,0.000000
32.299999,1.180261,0.433138,1.819739,-0.433138,0.375217,0.000000,0.000000,0.000000,0.000000,0.000000,0.000000
32.399999,1.179456,0.429279,1.820544,-0.429279,0.368560,0.000000,0.000000,0.000000,0.000000,0.000000,0.000000
32.499999,1.178644,0.425454,1.821356,-0.425454,0.362023,0.000000,0.000000,0.000000,0.000000,0.000000,0.000000
32.599999,1.177827,0.421665,1.822173,-0.421665,0.355603,0.000000,0.000000,0.000000,0.000000,0.000000,0.000000
32.699999,1.177004,0.417910,1.822996,-0.417910,0.349298,0.000000,0.000000,0.000000,0.000000,0.000000,0.000000
32.799999,1.176175,0.414190,1.823825,-0.414190,0.343107,0.000000,0.000000,0.000000,0.000000,0.000000,0.000000
32.899999,1.175341,0.410504,1.824659,-0.410504,0.337027,0.000000,0.000000,0.000000,0.000000,0.000000,0.000000
32.999999,1.174501,0.406852,1.825499,-0.406852,0.331058,0.000000,0.000000,0.000000,0.000000,0.000000,0.000000
33.099999,1.173655,0.403234,1.826345,-0.403234,0.325196,0.000000,0.000000,0.000000,0.000000,0.000000,0.000000
33.199999,1.172804,0.399650,1.827196,-0.399650,0.319441,0.000000,0.000000,0.000000,0.000000,0.000000,0.000000
33.299999,1.171947,0.396100,1.828053,-0.396100,0.313790,0.000000,0.000000,0.000000,0.000000,0.000000,0.000000
33.399999,1.171085,0.392582,1.828915,-0.392582,0.308242,0.000000,0.000000,0.000000,0.000000,0.000000,0.000000
33.499999,1.170218,0.389098,1.829782,-0.389098,0.302795,0.000000,0.000000,0.000000,0.000000,0.000000,0.000000
33.599999,1.169345,0.385647,1.830655,-0.385647,0.297448,0.000000,0.000000,0.000000,0.000000,0.000000,0.000000
33.699999,1.168467,0.382229,1.831533,-0.382229,0.292198,0.000000,0.000000,0.000000,0.000000,0.000000,0.000000
33.799999,1.167584,0.378843,1.832416,-0.378843,0.287044,0.000000,0.000000,0.000000,0.000000,0.000000,0.000000
33.899999,1.166696,0.375490,1.833304,-0.375490,0.281985,0.000000,0.000000,0.000000,0.000000,0.000000,0.000000
33.999999,1.165803,0.372169,1.834197,-0.372169,0.277019,0.000000,0.000000,0.000000,0.000000,0.000000,0.000000
34.099999,1.164905,0.368879,1.835095,-0.368879,0.272144,0.000000,0.000000,0.000000,0.000000,0.000000,0.000000
34.199999,1.164002,0.365622,1.835998,-0.365622,0.267359,0.000000,0.000000,0.000000,0.000000,0.000000,0.000000
34.299999,1.163095,0.362396,1.836905,-0.362396,0.262661,0.000000,0.000000,0.000000,0.000000,0.000000,0.000000
34.399999,1.162182,0.359201,1.837818,-0.359201,0.258051,0.000000,0.000000,0.000000,0.000000,0.000000,0.000000
34.499999,1.161265,0.356038,1.838735,-0.356038,0.253525,0.000000,0.000000,0.000000,0.000000,0.000000,0.000000
34.599999,1.160343,0.352905,1.839657,-0.352905,0.249084,0.000000,0.000000,0.000000,0.000000,0.000000,0.000000
34.699999,1.159416,0.349803,1.840584,-0.349803,0.244724,0.000000,0.000000,0.000000,0.000000,0.000000,0.000000
34.799999,1.158485,0.346731,1.841515,-0.346731,0.240445,0.000000,0.000000,0.000000,0.000000,0.000000,0.000000
34.899999,1.157549,0.343690,1.842451,-0.343690,0.236246,0.000000,0.000000,0.000000,0.000000,0.000000,0.000000
34.999999,1.156609,0.340679,1.843391,-0.340679,0.232124,0.000000,0.000000,0.000000,0.000000,0.000000,0.000000
35.099999,1.155665,0.337697,1.844335,-0.337697,0.228079,0.000000,0.000000,0.000000,0.000000,0.000000,0.000000
35.199999,1.154716,0.334745,1.845284,-0.334745,0.224109,0.000000,0.000000,0.000000,0.000000,0.000000,0.000000
35.299999,1.153763,0.331823,1.846237,-0.331823,0.220212,0.000000,0.000000,0.000000,0.000000,0.000000,0.000000
35.399999,1.152805,0.328929,1.847195,-0.328929,0.216389,0.000000,0.000000,0.000000,0.000000,0.000000,0.000000
35.499999,1.151844,0.326064,1.848156,-0.326064,0.212636,0.000000,0.000000,0.000000,0.000000,0.000000,0.000000
35.599999,1.150878,0.323228,1.849122,-0.323228,0.208953,0.000000,0.000000,0.000000,0.000000,0.000000,0.000000
35.699999,1.149909,0.320421,1.850091,-0.320421,0.205339,0.000000,0.000000,0.000000,0.000000,0.000000,0.000000
35.799999,1.148935,0.317642,1.851065,-0.317642,0.201793,0.000000,0.000000,0.000000,0.000000,0.000000,0.000000
35.899999,1.147958,0.314890,1.852042,-0.314890,0.198312,0.000000,0.000000,0.000000,0.000000,0.000000,0.000000
35.999999,1.146976,0.312167,1.853024,-0.312167,0.194896,0.000000,0.000000,0.000000,0.000000,0.000000,0.000000
36.099999,1.145991,0.309471,1.854009,-0.309471,0.191545,0.000000,0.000000,0.000000,0.000000,0.000000,0.000000
36.199999,1.145002,0.306802,1.854998,-0.306802,0.188255,0.000000,0.000000,0.000000,0.000000,0.000000,0.000000
36.299999,1.144009,0.304161,1.855991,-0.304161,0.185027,0.000000,0.000000,0.000000,0.000000,0.000000,0.000000
36.399999,1.143013,0.301546,1.856987,-0.301546,0.181860,0.000000,0.000000,0.000000,0.000000,0.000000,0.000000
36.499999,1.142013,0.298958,1.857987,-0.298958,0.178752,0.000000,0.000000,0.000000,0.000000,0.000000,0.000000
36.599999,1.141010,0.296396,1.858990,-0.296396,0.175701,0.000000,0.000000,0.000000,0.000000,0.000000,0.000000
36.699999,1.140003,0.293861,1.859997,-0.293861,0.172708,0.000000,0.000000,0.000000,0.000000,0.000000,0.000000
36.799999,1.138993,0.291351,1.861007,-0.291351,0.169771,0.000000,0.000000,0.000000,0.000000,0.000000,0.000000
36.899999,1.137979,0.288867,1.862021,-0.288867,0.166889,0.000000,0.000000,0.000000,0.000000,0.000000,0.000000
36.999999,1.136962,0.286409,1.863038,-0.286409,0.164060,0.000000,0.000000,0.000000,0.000000,0.000000,0.000000
37.099999,1.135942,0.283976,1.864058,-0.283976,0.161284,0.000000,0.000000,0.000000,0.000000,0.000000,0.000000
37.199999,1.134919,0.281568,1.865081,-0.281568,0.158561,0.000000,0.000000,0.000000,0.000000,0.000000,0.000000
37.299999,1.133892,0.279184,1.866108,-0.279184,0.155888,0.000000,0.000000,0.000000,0.000000,0.000000,0.000000
37.399999,1.132863,0.276826,1.867137,-0.276826,0.153265,0.000000,0.000000,0.000000,0.000000,0.000000,0.000000
37.499999,1.131830,0.274492,1.868170,-0.274492,0.150691,0.000000,0.000000,0.000000,0.000000,0.000000,0.000000
37.599999,1.130795,0.272182,1.869205,-0.272182,0.148166,0.000000,0.000000,0.000000,0.000000,0.000000,0.000000
37.699999,1.129757,0.269895,1.870243,-0.269895,0.145687,0.000000,0.000000,0.000000,0.000000,0.000000,0.000000
37.799999,1.128715,0.267633,1.871285,-0.267633,0.143255,0.000000,0.000000,0.000000,0.000000,0.000000,0.000000
37.899999,1.127671,0.265394,1.872329,-0.265394,0.140868,0.000000,0.000000,0.000000,0.000000,0.000000,0.000000
37.999999,1.126625,0.263178,1.873375,-0.263178,0.138526,0.000000,0.000000,0.000000,0.000000,0.000000,0.000000
38.099999,1.125575,0.260986,1.874425,-0.260986,0.136227,0.000000,0.000000,0.000000,0.000000,0.000000,0.000000
38.199999,1.124523,0.258816,1.875477,-0.258816,0.133971,0.000000,0.000000,0.000000,0.000000,0.000000,0.000000
38.299999,1.123469,0.256669,1.876531,-0.256669,0.131758,0.000000,0.000000,0.000000,0.000000,0.000000,0.000000
38.399999,1.122411,0.254544,1.877589,-0.254544,0.129585,0.000000,0.000000,0.000000,0.000000,0.000000,0.000000
38.499999,1.121352,0.252441,1.878648,-0.252441,0.127453,0.000000,0.000000,0.000000,0.000000,0.000000,0.000000
38.599999,1.120290,0.250361,1.879710,-0.250361,0.125361,0.000000,0.000000,0.000000,0.000000,0.000000,0.000000
38.699999,1.119226,0.248302,1.880774,-0.248302,0.123308,0.000000,0.000000,0.000000,0.000000,0.000000,0.000000
38.799999,1.118159,0.246264,1.881841,-0.246264,0.121292,0.000000,0.000000,0.000000,0.000000,0.000000,0.000000
38.899999,1.117090,0.244248,1.882910,-0.244248,0.119315,0.000000,0.000000,0.000000,0.000000,0.000000,0.000000
38.999999,1.116019,0.242254,1.883981,-0.242254,0.117374,0.000000,0.000000,0.000000,0.000000,0.000000,0.000000
39.099999,1.114946,0.240280,1.885054,-0.240280,0.115469,0.000000,0.000000,0.000000,0.000000,0.000000,0.000000
39.199999,1.113871,0.238326,1.886129,-0.238326,0.113599,0.000000,0.000000,0.000000,0.000000,0.000000,0.000000
39.299999,1.112794,0.236394,1.887206,-0.236394,0.111764,0.000000,0.000000,0.000000,0.000000,0.000000,0.000000
39.399999,1.111714,0.234481,1.888286,-0.234481,0.109963,0.000000,0.000000,0.000000,0.000000,0.000000,0.000000
39.499999,1.110633,0.232589,1.889367,-0.232589,0.108195,0.000000,0.000000,0.000000,0.000000,0.000000,0.000000
39.599999,1.109550,0.230716,1.890450,-0.230716,0.106460,0.000000,0.000000,0.000000,0.000000,0.000000,0.000000
39.699999,1.108466,0.228864,1.891534,-0.228864,0.104757,0.000000,0.000000,0.000000,0.000000,0.000000,0.000000
39.799999,1.107379,0.227031,1.892621,-0.227031,0.103086,0.000000,0.000000,0.000000,0.000000,0.000000,0.000000
39.899999,1.106291,0.225217,1.893709,-0.225217,0.101445,0.000000,0.000000,0.000000,0.000000,0.000000,0.000000
39.999999,1.105201,0.223422,1.894799,-0.223422,0.099835,0.000000,0.000000,0.000000,0.000000,0.000000,0.000000
40.099999,1.104109,0.221646,1.895891,-0.221646,0.098254,0.000000,0.000000,0.000000,0.000000,0.000000,0.000000
40.199999,1.103016,0.219888,1.896984,-0.219888,0.096702,0.000000,0.000000,0.000000,0.000000,0.000000,0.000000
40.299999,1.101922,0.218150,1.898078,-0.218150,0.095179,0.000000,0.000000,0.000000,0.000000,0.000000,0.000000
40.399999,1.100826,0.216429,1.899174,-0.216429,0.093683,0.000000,0.000000,0.000000,0.000000,0.000000,0.000000
40.499999,1.099728,0.214727,1.900272,-0.214727,0.092215,0.000000,0.000000,0.000000,0.000000,0.000000,0.000000
40.599999,1.098630,0.213043,1.901370,-0.213043,0.090774,0.000000,0.000000,0.000000,0.000000,0.000000,0.000000
40.699999,1.097529,0.211376,1.902471,-0.211376,0.089360,0.000000,0.000000,0.000000,0.000000,0.000000,0.000000
40.799999,1.096428,0.209727,1.903572,-0.209727,0.087971,0.000000,0.000000,0.000000,0.000000,0.000000,0.000000
40.899999,1.095326,0.208095,1.904674,-0.208095,0.086607,0.000000,0.000000,0.000000,0.000000,0.000000,0.000000
40.999999,1.094222,0.206481,1.905778,-0.206481,0.085269,0.000000,0.000000,0.000000,0.000000,0.000000,0.000000
41.099999,1.093117,0.204884,1.906883,-0.204884,0.083955,0.000000,0.000000,0.000000,0.000000,0.000000,0.000000
41.199999,1.092012,0.203303,1.907988,-0.203303,0.082664,0.000000,0.000000,0.000000,0.000000,0.000000,0.000000
41.299999,1.090905,0.201739,1.909095,-0.201739,0.081397,0.000000,0.000000,0.000000,0.000000,0.000000,0.000000
41.399999,1.089797,0.200192,1.910203,-0.200192,0.080153,0.000000,0.000000,0.000000,0.000000,0.000000,0.000000
41.499999,1.088688,0.198660,1.911312,-0.198660,0.078932,0.000000,0.000000,0.000000,0.000000,0.000000,0.000000
41.599999,1.087579,0.197145,1.912421,-0.197145,0.077733,0.000000,0.000000,0.000000,0.000000,0.000000,0.000000
41.699999,1.086469,0.195646,1.913531,-0.195646,0.076555,0.000000,0.000000,0.000000,0.000000,0.000000,0.000000
41.799999,1.085358,0.194163,1.914642,-0.194163,0.075399,0.000000,0.000000,0.000000,0.000000,0.000000,0.000000
41.899999,1.084246,0.192695,1.915754,-0.192695,0.074263,0.000000,0.000000,0.000000,0.000000,0.000000,0.000000
41.999999,1.083133,0.191243,1.916867,-0.191243,0.073148,0.000000,0.000000,0.000000,0.000000,0.000000,0.000000
42.099999,1.082020,0.189806,1.917980,-0.189806,0.072053,0.000000,0.000000,0.000000,0.000000,0.000000,0.000000
42.199999,1.080907,0.188384,1.919093,-0.188384,0.070977,0.000000,0.000000,0.000000,0.000000,0.000000,0.000000
42.299999,1.079793,0.186977,1.920207,-0.186977,0.069921,0.000000,0.000000,0.000000,0.000000,0.000000,0.000000
42.399999,1.078678,0.185585,1.921322,-0.185585,0.068884,0.000000,0.000000,0.000000,0.000000,0.000000,0.000000
42.499999,1.077563,0.184208,1.922437,-0.184208,0.067865,0.000000,0.000000,0.000000,0.000000,0.000000,0.000000
42.599999,1.076447,0.182845,1.923553,-0.182845,0.066864,0.000000,0.000000,0.000000,0.000000,0.000000,0.000000
42.699999,1.075332,0.181496,1.924668,-0.181496,0.065882,0.000000,0.000000,0.000000,0.000000,0.000000,0.000000
42.799999,1.074215,0.180161,1.925785,-0.180161,0.064916,0.000000,0.000000,0.000000,0.000000,0.000000,0.000000
42.899999,1.073099,0.178841,1.926901,-0.178841,0.063968,0.000000,0.000000,0.000000,0.000000,0.000000,0.000000
42.999999,1.071982,0.177534,1.928018,-0.177534,0.063037,0.000000,0.000000,0.000000,0.000000,0.000000,0.000000
43.099999,1.070866,0.176241,1.929134,-0.176241,0.062122,0.000000,0.000000,0.000000,0.000000,0.000000,0.000000
43.199999,1.069749,0.174961,1.930251,-0.174961,0.061223,0.000000,0.000000,0.000000,0.000000,0.000000,0.000000
43.299999,1.068632,0.173695,1.931368,-0.173695,0.060340,0.000000,0.000000,0.000000,0.000000,0.000000,0.000000
43.399999,1.067515,0.172442,1.932485,-0.172442,0.059472,0.000000,0.000000,0.000000,0.000000,0.000000,0.000000
43.499999,1.066397,0.171202,1.933603,-0.171202,0.058620,0.000000,0.000000,0.000000,0.000000,0.000000,0.000000
43.599999,1.065280,0.169975,1.934720,-0.169975,0.057783,0.000000,0.000000,0.000000,0.000000,0.000000,0.000000
43.699999,1.064163,0.168761,1.935837,-0.168761,0.056960,0.000000,0.000000,0.000000,0.000000,0.000000,0.000000
43.799999,1.063046,0.167559,1.936954,-0.167559,0.056152,0.000000,0.000000,0.000000,0.000000,0.000000,0.000000
43.899999,1.061930,0.166370,1.938070,-0.166370,0.055358,0.000000,0.000000,0.000000,0.000000,0.000000,0.000000
43.999999,1.060813,0.165194,1.939187,-0.165194,0.054578,0.000000,0.000000,0.000000,0.000000,0.000000,0.000000
44.099999,1.059697,0.164029,1.940303,-0.164029,0.053811,0.000000,0.000000,0.000000,0.000000,0.000000,0.000000
44.199999,1.058581,0.162877,1.941419,-0.162877,0.053058,0.000000,0.000000,0.000000,0.000000,0.000000,0.000000
44.299999,1.057465,0.161736,1.942535,-0.161736,0.052317,0.000000,0.000000,0.000000,0.000000,0.000000,0.000000
44.399999,1.056350,0.160608,1.943650,-0.160608,0.051590,0.000000,0.000000,0.000000,0.000000,0.000000,0.000000
44.499999,1.055235,0.159491,1.944765,-0.159491,0.050875,0.000000,0.000000,0.000000,0.000000,0.000000,0.000000
44.599999,1.054120,0.158386,1.945880,-0.158386,0.050172,0.000000,0.000000,0.000000,0.000000,0.000000,0.000000
44.699999,1.053006,0.157292,1.946994,-0.157292,0.049481,0.000000,0.000000,0.000000,0.000000,0.000000,0.000000
44.799999,1.051892,0.156209,1.948108,-0.156209,0.048803,0.000000,0.000000,0.000000,0.000000,0.000000,0.000000
44.899999,1.050779,0.155138,1.949221,-0.155138,0.048135,0.000000,0.000000,0.000000,0.000000,0.000000,0.000000
44.999999,1.049667,0.154077,1.950333,-0.154077,0.047480,0.000000,0.000000,0.000000,0.000000,0.000000,0.000000
45.099999,1.048555,0.153028,1.951445,-0.153028,0.046835,0.000000,0.000000,0.000000,0.000000,0.000000,0.000000
45.199999,1.047443,0.151989,1.952557,-0.151989,0.046201,0.000000,0.000000,0.000000,0.000000,0.000000,0.000000
45.299999,1.046333,0.150961,1.953667,-0.150961,0.045578,0.000000,0.000000,0.000000,0.000000,0.000000,0.000000
45.399999,1.045223,0.149943,1.954777,-0.149943,0.044966,0.000000,0.000000,0.000000,0.000000,0.000000,0.000000
45.499999,1.044113,0.148936,1.955887,-0.148936,0.044364,0.000000,0.000000,0.000000,0.000000,0.000000,0.000000
45.599999,1.043005,0.147940,1.956995,-0.147940,0.043772,0.000000,0.000000,0.000000,0.000000,0.000000,0.000000
45.699999,1.041897,0.146953,1.958103,-0.146953,0.043190,0.000000,0.000000,0.000000,0.000000,0.000000,0.000000
45.799999,1.040791,0.145976,1.959209,-0.145976,0.042618,0.000000,0.000000,0.000000,0.000000,0.000000,0.000000
45.899999,1.039685,0.145010,1.960315,-0.145010,0.042056,0.000000,0.000000,0.000000,0.000000,0.000000,0.000000
45.999999,1.038579,0.144053,1.961421,-0.144053,0.041503,0.000000,0.000000,0.000000,0.000000,0.000000,0.000000
46.099999,1.037475,0.143106,1.962525,-0.143106,0.040959,0.000000,0.000000,0.000000,0.000000,0.000000,0.000000
46.199999,1.036372,0.142169,1.963628,-0.142169,0.040424,0.000000,0.000000,0.000000,0.000000,0.000000,0.000000
46.299999,1.035270,0.141241,1.964730,-0.141241,0.039898,0.000000,0.000000,0.000000,0.000000,0.000000,0.000000
46.399999,1.034169,0.140322,1.965831,-0.140322,0.039381,0.000000,0.000000,0.000000,0.000000,0.000000,0.000000
46.499999,1.033069,0.139413,1.966931,-0.139413,0.038872,0.000000,0.000000,0.000000,0.000000,0.000000,0.000000
46.599999,1.031970,0.138513,1.968030,-0.138513,0.038372,0.000000,0.000000,0.000000,0.000000,0.000000,0.000000
46.699999,1.030872,0.137622,1.969128,-0.137622,0.037880,0.000000,0.000000,0.000000,0.000000,0.000000,0.000000
46.799999,1.029775,0.136741,1.970225,-0.136741,0.037396,0.000000,0.000000,0.000000,0.000000,0.000000,0.000000
46.899999,1.028679,0.135868,1.971321,-0.135868,0.036920,0.000000,0.000000,0.000000,0.000000,0.000000,0.000000
46.999999,1.027585,0.135003,1.972415,-0.135003,0.036452,0.000000,0.000000,0.000000,0.000000,0.000000,0.000000
47.099999,1.026492,0.134148,1.973508,-0.134148,0.035991,0.000000,0.000000,0.000000,0.000000,0.000000,0.000000
47.199999,1.025400,0.133301,1.974600,-0.133301,0.035538,0.000000,0.000000,0.000000,0.000000,0.000000,0.000000
47.299999,1.024309,0.132462,1.975691,-0.132462,0.035092,0.000000,0.000000,0.000000,0.000000,0.000000,0.000000
47.399999,1.023220,0.131632,1.976780,-0.131632,0.034654,0.000000,0.000000,0.000000,0.000000,0.000000,0.000000
47.499999,1.022132,0.130810,1.977868,-0.130810,0.034223,0.000000,0.000000,0.000000,0.000000,0.000000,0.000000
47.599999,1.021045,0.129996,1.978955,-0.129996,0.033798,0.000000,0.000000,0.000000,0.000000,0.000000,0.000000
47.699999,1.019959,0.129191,1.980041,-0.129191,0.033381,0.000000,0.000000,0.000000,0.000000,0.000000,0.000000
47.799999,1.018875,0.128393,1.981125,-0.128393,0.032970,0.000000,0.000000,0.000000,0.000000,0.000000,0.000000
47.899999,1.017793,0.127604,1.982207,-0.127604,0.032565,0.000000,0.000000,0.000000,0.000000,0.000000,0.000000
47.999999,1.016712,0.126822,1.983288,-0.126822,0.032167,0.000000,0.000000,0.000000,0.000000,0.000000,0.000000
48.099999,1.015632,0.126048,1.984368,-0.126048,0.031776,0.000000,0.000000,0.000000,0.000000,0.000000,0.000000
48.199999,1.014554,0.125281,1.985446,-0.125281,0.031391,0.000000,0.000000,0.000000,0.000000,0.000000,0.000000
48.299999,1.013478,0.124522,1.986522,-0.124522,0.031011,0.000000,0.000000,0.000000,0.000000,0.000000,0.000000
48.399999,1.012402,0.123771,1.987598,-0.123771,0.030638,0.000000,0.000000,0.000000,0.000000,0.000000,0.000000
48.499999,1.011329,0.123026,1.988671,-0.123026,0.030271,0.000000,0.000000,0.000000,0.000000,0.000000,0.000000
48.599999,1.010257,0.122290,1.989743,-0.122290,0.029910,0.000000,0.000000,0.000000,0.000000,0.000000,0.000000
48.699999,1.009187,0.121560,1.990813,-0.121560,0.029554,0.000000,0.000000,0.000000,0.000000,0.000000,0.000000
48.799999,1.008118,0.120838,1.991882,-0.120838,0.029203,0.000000,0.000000,0.000000,0.000000,0.000000,0.000000
48.899999,1.007051,0.120122,1.992949,-0.120122,0.028859,0.000000,0.000000,0.000000,0.000000,0.000000,0.000000
48.999999,1.005986,0.119414,1.994014,-0.119414,0.028519,0.000000,0.000000,0.000000,0.000000,0.000000,0.000000
49.099999,1.004922,0.118712,1.995078,-0.118712,0.028185,0.000000,0.000000,0.000000,0.000000,0.000000,0.000000
49.199999,1.003860,0.118017,1.996140,-0.118017,0.027856,0.000000,0.000000,0.000000,0.000000,0.000000,0.000000
49.299999,1.002800,0.117329,1.997200,-0.117329,0.027532,0.000000,0.000000,0.000000,0.000000,0.000000,0.000000
49.399999,1.001741,0.116648,1.998259,-0.116648,0.027214,0.000000,0.000000,0.000000,0.000000,0.000000,0.000000
49.499999,1.000684,0.115973,1.999316,-0.115973,0.026900,0.000000,0.000000,0.000000,0.000000,0.000000,0.000000
49.599999,0.999629,0.115305,2.000371,-0.115305,0.026590,0.000000,0.000000,0.000000,0.000000,0.000000,0.000000
49.699999,0.998576,0.114643,2.001424,-0.114643,0.026286,0.000000,0.000000,0.000000,0.000000,0.000000,0.000000
49.799999,0.997525,0.113988,2.002475,-0.113988,0.025986,0.000000,0.000000,0.000000,0.000000,0.000000,0.000000
49.899999,0.996475,0.113338,2.003525,-0.113338,0.025691,0.000000,0.000000,0.000000,0.000000,0.000000,0.000000
49.999999,0.995428,0.112695,2.004572,-0.112695,0.025400,0.000000,0.000000,0.000000,0.000000,0.000000,0.000000
50.099999,0.994382,0.112058,2.005618,-0.112058,0.025114,0.000000,0.000000,0.000000,0.000000,0.000000,0.000000
50.199999,0.993338,0.111428,2.006662,-0.111428,0.024832,0.000000,0.000000,0.000000,0.000000,0.000000,0.000000
50.299999,0.992296,0.110803,2.007704,-0.110803,0.024554,0.000000,0.000000,0.000000,0.000000,0.000000,0.000000
50.399999,0.991256,0.110184,2.008744,-0.110184,0.024281,0.000000,0.000000,0.000000,0.000000,0.000000,0.000000
50.499999,0.990218,0.109571,2.009782,-0.109571,0.024012,0.000000,0.000000,0.000000,0.000000,0.000000,0.000000
50.599999,0.989181,0.108964,2.010819,-0.108964,0.023746,0.000000,0.000000,0.000000,0.000000,0.000000,0.000000
50.699999,0.988147,0.108362,2.011853,-0.108362,0.023485,0.000000,0.000000,0.000000,0.000000,0.000000,0.000000
50.799999,0.987115,0.107766,2.012885,-0.107766,0.023227,0.000000,0.000000,0.000000,0.000000,0.000000,0.000000
50.899999,0.986084,0.107176,2.013916,-0.107176,0.022973,0.000000,0.000000,0.000000,0.000000,0.000000,0.000000
50.999999,0.985056,0.106591,2.014944,-0.106591,0.022723,0.000000,0.000000,0.000000,0.000000,0.000000,0.000000
51.099999,0.984030,0.106012,2.015970,-0.106012,0.022477,0.000000,0.000000,0.000000,0.000000,0.000000,0.000000
51.199999,0.983005,0.105438,2.016995,-0.105438,0.022234,0.000000,0.000000,0.000000,0.000000,0.000000,0.000000
51.299999,0.981983,0.104870,2.018017,-0.104870,0.021995,0.000000,0.000000,0.000000,0.000000,0.000000,0.000000
51.399999,0.980963,0.104307,2.019037,-0.104307,0.021760,0.000000,0.000000,0.000000,0.000000,0.000000,0.000000
51.499999,0.979945,0.103749,2.020055,-0.103749,0.021528,0.000000,0.000000,0.000000,0.000000,0.000000,0.000000
51.599999,0.978928,0.103196,2.021072,-0.103196,0.021299,0.000000,0.000000,0.000000,0.000000,0.000000,0.000000
51.699999,0.977914,0.102648,2.022086,-0.102648,0.021073,0.000000,0.000000,0.000000,0.000000,0.000000,0.000000
51.799999,0.976903,0.102106,2.023097,-0.102106,0.020851,0.000000,0.000000,0.000000,0.000000,0.000000,0.000000
51.899999,0.975893,0.101568,2.024107,-0.101568,0.020632,0.000000,0.000000,0.000000,0.000000,0.000000,0.000000
51.999999,0.974885,0.101036,2.025115,-0.101036,0.020416,0.000000,0.000000,0.000000,0.000000,0.000000,0.000000
52.099999,0.973879,0.100508,2.026121,-0.100508,0.020204,0.000000,0.000000,0.000000,0.000000,0.000000,0.000000
52.199999,0.972876,0.099985,2.027124,-0.099985,0.019994,0.000000,0.000000,0.000000,0.000000,0.000000,0.000000
52.299999,0.971875,0.099467,2.028125,-0.099467,0.019787,0.000000,0.000000,0.000000,0.000000,0.000000,0.000000
52.399999,0.970875,0.098953,2.029125,-0.098953,0.019584,0.000000,0.000000,0.000000,0.000000,0.000000,0.000000
52.499999,0.969878,0.098445,2.030122,-0.098445,0.019383,0.000000,0.000000,0.000000,0.000000,0.000000,0.000000
52.599999,0.968884,0.097941,2.031116,-0.097941,0.019185,0.000000,0.000000,0.000000,0.000000,0.000000,0.000000
52.699999,0.967891,0.097441,2.032109,-0.097441,0.018989,0.000000,0.000000,0.000000,0.000000,0.000000,0.000000
52.799999,0.966901,0.096946,2.033099,-0.096946,0.018797,0.000000,0.000000,0.000000,0.000000,0.000000,0.000000
52.899999,0.965912,0.096455,2.034088,-0.096455,0.018607,0.000000,0.000000,0.000000,0.000000,0.000000,0.000000
52.999999,0.964926,0.095969,2.035074,-0.095969,0.018420,0.000000,0.000000,0.000000,0.000000,0.000000,0.000000
53.099999,0.963942,0.095487,2.036058,-0.095487,0.018236,0.000000,0.000000,0.000000,0.000000,0.000000,0.000000
53.199999,0.962961,0.095010,2.037039,-0.095010,0.018054,0.000000,0.000000,0.000000,0.000000,0.000000,0.000000
53.299999,0.961981,0.094537,2.038019,-0.094537,0.017874,0.000000,0.000000,0.000000,0.000000,0.000000,0.000000
53.399999,0.961004,0.094068,2.038996,-0.094068,0.017697,0.000000,0.000000,0.000000,0.000000,0.000000,0.000000
53.499999,0.960029,0.093603,2.039971,-0.093603,0.017523,0.000000,0.000000,0.000000,0.000000,0.000000,0.000000
53.599999,0.959057,0.093142,2.040943,-0.093142,0.017351,0.000000,0.000000,0.000000,0.000000,0.000000,0.000000
53.699999,0.958086,0.092686,2.041914,-0.092686,0.017181,0.000000,0.000000,0.000000,0.000000,0.000000,0.000000
53.799999,0.957118,0.092233,2.042882,-0.092233,0.017014,0.000000,0.000000,0.000000,0.000000,0.000000,0.000000
53.899999,0.956152,0.091785,2.043848,-0.091785,0.016849,0.000000,0.000000,0.000000,0.000000,0.000000,0.000000
53.999999,0.955189,0.091340,2.044811,-0.091340,0.016686,0.000000,0.000000,0.000000,0.000000,0.000000,0.000000
54.099999,0.954227,0.090899,2.045773,-0.090899,0.016525,0.000000,0.000000,0.000000,0.000000,0.000000,0.000000
54.199999,0.953268,0.090463,2.046732,-0.090463,0.016367,0.000000,0.000000,0.000000,0.000000,0.000000,0.000000
54.299999,0.952311,0.090030,2.047689,-0.090030,0.016211,0.000000,0.000000,0.000000,0.000000,0.000000,0.000000
54.399999,0.951357,0.089600,2.048643,-0.089600,0.016056,0.000000,0.000000,0.000000,0.000000,0.000000,0.000000
54.499999,0.950405,0.089175,2.049595,-0.089175,0.015904,0.000000,0.000000,0.000000,0.000000,0.000000,0.000000
54.599999,0.949455,0.088753,2.050545,-0.088753,0.015754,0.000000,0.000000,0.000000,0.000000,0.000000,0.000000
54.699999,0.948507,0.088335,2.051493,-0.088335,0.015606,0.000000,0.000000,0.000000,0.000000,0.000000,0.000000
54.799999,0.947562,0.087920,2.052438,-0.087920,0.015460,0.000000,0.000000,0.000000,0.000000,0.000000,0.000000
54.899999,0.946619,0.087510,2.053381,-0.087510,0.015316,0.000000,0.000000,0.000000,0.000000,0.000000,0.000000
54.999999,0.945678,0.087102,2.054322,-0.087102,0.015174,0.000000,0.000000,0.000000,0.000000,0.000000,0.000000
55.099999,0.944740,0.086698,2.055260,-0.086698,0.015033,0.000000,0.000000,0.000000,0.000000,0.000000,0.000000
55.199999,0.943804,0.086298,2.056196,-0.086298,0.014895,0.000000,0.000000,0.000000,0.000000,0.000000,0.000000
55.299999,0.942870,0.085901,2.057130,-0.085901,0.014758,0.000000,0.000000,0.000000,0.000000,0.000000,0.000000
55.399999,0.941939,0.085507,2.058061,-0.085507,0.014623,0.000000,0.000000,0.000000,0.000000,0.000000,0.000000
55.499999,0.941010,0.085117,2.058990,-0.085117,0.014490,0.000000,0.000000,0.000000,0.000000,0.000000,0.000000
55.599999,0.940083,0.084730,2.059917,-0.084730,0.014358,0.000000,0.000000,0.000000,0.000000,0.000000,0.000000
55.699999,0.939159,0.084346,2.060841,-0.084346,0.014229,0.000000,0.000000,0.000000,0.000000,0.000000,0.000000
55.799999,0.938236,0.083966,2.061764,-0.083966,0.014101,0.000000,0.000000,0.000000,0.000000,0.000000,0.000000
55.899999,0.937317,0.083589,2.062683,-0.083589,0.013974,0.000000,0.000000,0.000000,0.000000,0.000000,0.000000
55.999999,0.936399,0.083215,2.063601,-0.083215,0.013849,0.000000,0.000000,0.000000,0.000000,0.000000,0.000000
56.099999,0.935484,0.082844,2.064516,-0.082844,0.013726,0.000000,0.000000,0.000000,0.000000,0.000000,0.000000
56.199999,0.934572,0.082476,2.065428,-0.082476,0.013605,0.000000,0.000000,0.000000,0.000000,0.000000,0.000000
56.299999,0.933661,0.082111,2.066339,-0.082111,0.013484,0.000000,0.000000,0.000000,0.000000,0.000000,0.000000
56.399999,0.932753,0.081750,2.067247,-0.081750,0.013366,0.000000,0.000000,0.000000,0.000000,0.000000,0.000000
56.499999,0.931847,0.081391,2.068153,-0.081391,0.013249,0.000000,0.000000,0.000000,0.000000,0.000000,0.000000
56.599999,0.930944,0.081035,2.069056,-0.081035,0.013133,0.000000,0.000000,0.000000,0.000000,0.000000,0.000000
56.699999,0.930043,0.080682,2.069957,-0.080682,0.013019,0.000000,0.000000,0.000000,0.000000,0.000000,0.000000
56.799999,0.929144,0.080333,2.070856,-0.080333,0.012907,0.000000,0.000000,0.000000,0.000000,0.000000,0.000000
56.899999,0.928248,0.079986,2.071752,-0.079986,0.012795,0.000000,0.000000,0.000000,0.000000,0.000000,0.000000
56.999999,0.927354,0.079641,2.072646,-0.079641,0.012686,0.000000,0.000000,0.000000,0.000000,0.000000,0.000000
57.099999,0.926462,0.079300,2.073538,-0.079300,0.012577,0.000000,0.000000,0.000000,0.000000,0.000000,0.000000
57.199999,0.925573,0.078962,2.074427,-0.078962,0.012470,0.000000,0.000000,0.000000,0.000000,0.000000,0.000000
57.299999,0.924686,0.078626,2.075314,-0.078626,0.012364,0.000000,0.000000,0.000000,0.000000,0.000000,0.000000
57.399999,0.923802,0.078293,2.076198,-0.078293,0.012260,0.000000,0.000000,0.000000,0.000000,0.000000,0.000000
57.499999,0.922919,0.077963,2.077081,-0.077963,0.012156,0.000000,0.000000,0.000000,0.000000,0.000000,0.000000
57.599999,0.922039,0.077635,2.077961,-0.077635,0.012054,0.000000,0.000000,0.000000,0.000000,0.000000,0.000000
57.699999,0.921162,0.077310,2.078838,-0.077310,0.011954,0.000000,0.000000,0.000000,0.000000,0.000000,0.000000
57.799999,0.920287,0.076988,2.079713,-0.076988,0.011854,0.000000,0.000000,0.000000,0.000000,0.000000,0.000000
57.899999,0.919414,0.076668,2.080586,-0.076668,0.011756,0.000000,0.000000,0.000000,0.000000,0.000000,0.000000
57.999999,0.918543,0.076351,2.081457,-0.076351,0.011659,0.000000,0.000000,0.000000,0.000000,0.000000,0.000000
58.099999,0.917675,0.076036,2.082325,-0.076036,0.011563,0.000000,0.000000,0.000000,0.000000,0.000000,0.000000
58.199999,0.916809,0.075724,2.083191,-0.075724,0.011468,0.000000,0.000000,0.000000,0.000000,0.000000,0.000000
58.299999,0.915945,0.075414,2.084055,-0.075414,0.011375,0.000000,0.000000,0.000000,0.000000,0.000000,0.000000
58.399999,0.915084,0.075107,2.084916,-0.075107,0.011282,0.000000,0.000000,0.000000,0.000000,0.000000,0.000000
58.499999,0.914225,0.074802,2.085775,-0.074802,0.011191,0.000000,0.000000,0.000000,0.000000,0.000000,0.000000
58.599999,0.913368,0.074500,2.086632,-0.074500,0.011100,0.000000,0.000000,0.000000,0.000000,0.000000,0.000000
58.699999,0.912514,0.074200,2.087486,-0.074200,0.011011,0.000000,0.000000,0.000000,0.000000,0.000000,0.000000
58.799999,0.911662,0.073902,2.088338,-0.073902,0.010923,0.000000,0.000000,0.000000,0.000000,0.000000,0.000000
58.899999,0.910813,0.073607,2.089187,-0.073607,0.010836,0.000000,0.000000,0.000000,0.000000,0.000000,0.000000
58.999999,0.909965,0.073314,2.090035,-0.073314,0.010750,0.000000,0.000000,0.000000,0.000000,0.000000,0.000000
59.099999,0.909120,0.073023,2.090880,-0.073023,0.010665,0.000000,0.000000,0.000000,0.000000,0.000000,0.000000
59.199999,0.908278,0.072735,2.091722,-0.072735,0.010581,0.000000,0.000000,0.000000,0.000000,0.000000,0.000000
59.299999,0.907437,0.072449,2.092563,-0.072449,0.010498,0.000000,0.000000,0.000000,0.000000,0.000000,0.000000
59.399999,0.906599,0.072165,2.093401,-0.072165,0.010415,0.000000,0.000000,0.000000,0.000000,0.000000,0.000000
59.499999,0.905763,0.071883,2.094237,-0.071883,0.010334,0.000000,0.000000,0.000000,0.000000,0.000000,0.000000
59.599999,0.904930,0.071603,2.095070,-0.071603,0.010254,0.000000,0.000000,0.000000,0.000000,0.000000,0.000000
59.699999,0.904099,0.071326,2.095901,-0.071326,0.010175,0.000000,0.000000,0.000000,0.000000,0.000000,0.000000
59.799999,0.903270,0.071050,2.096730,-0.071050,0.010096,0.000000,0.000000,0.000000,0.000000,0.000000,0.000000
59.899999,0.902443,0.070777,2.097557,-0.070777,0.010019,0.000000,0.000000,0.000000,0.000000,0.000000,0.000000
59.999999,0.901619,0.070506,2.098381,-0.070506,0.009942,0.000000,0.000000,0.000000,0.000000,0.000000,0.000000
60.099999,0.900797,0.070237,2.099203,-0.070237,0.009866,0.000000,0.000000,0.000000,0.000000,0.000000,0.000000
60.199999,0.899977,0.069970,2.100023,-0.069970,0.009792,0.000000,0.000000,0.000000,0.000000,0.000000,0.000000
60.299999,0.899160,0.069705,2.100840,-0.069705,0.009718,0.000000,0.000000,0.000000,0.000000,0.000000,0.000000
60.399999,0.898344,0.069442,2.101656,-0.069442,0.009644,0.000000,0.000000,0.000000,0.000000,0.000000,0.000000
60.499999,0.897531,0.069181,2.102469,-0.069181,0.009572,0.000000,0.000000,0.000000,0.000000,0.000000,0.000000
60.599999,0.896721,0.068922,2.103279,-0.068922,0.009500,0.000000,0.000000,0.000000,0.000000,0.000000,0.000000
60.699999,0.895912,0.068665,2.104088,-0.068665,0.009430,0.000000,0.000000,0.000000,0.000000,0.000000,0.000000
60.799999,0.895106,0.068410,2.104894,-0.068410,0.009360,0.000000,0.000000,0.000000,0.000000,0.000000,0.000000
60.899999,0.894302,0.068156,2.105698,-0.068156,0.009291,0.000000,0.000000,0.000000,0.000000,0.000000,0.000000
60.999999,0.893501,0.067905,2.106499,-0.067905,0.009222,0.000000,0.000000,0.000000,0.000000,0.000000,0.000000
61.099999,0.892701,0.067656,2.107299,-0.067656,0.009155,0.000000,0.000000,0.000000,0.000000,0.000000,0.000000
61.199999,0.891904,0.067408,2.108096,-0.067408,0.009088,0.000000,0.000000,0.000000,0.000000,0.000000,0.000000
61.299999,0.891109,0.067162,2.108891,-0.067162,0.009021,0.000000,0.000000,0.000000,0.000000,0.000000,0.000000
61.399999,0.890316,0.066918,2.109684,-0.066918,0.008956,0.000000,0.000000,0.000000,0.000000,0.000000,0.000000
61.499999,0.889526,0.066676,2.110474,-0.066676,0.008891,0.000000,0.000000,0.000000,0.000000,0.000000,0.000000
61.599999,0.888738,0.066435,2.111262,-0.066435,0.008827,0.000000,0.000000,0.000000,0.000000,0.000000,0.000000
61.699999,0.887952,0.066197,2.112048,-0.066197,0.008764,0.000000,0.000000,0.000000,0.000000,0.000000,0.000000
61.799999,0.887168,0.065960,2.112832,-0.065960,0.008701,0.000000,0.000000,0.000000,0.000000,0.000000,0.000000
61.899999,0.886386,0.065725,2.113614,-0.065725,0.008639,0.000000,0.000000,0.000000,0.000000,0.000000,0.000000
61.999999,0.885607,0.065491,2.114393,-0.065491,0.008578,0.000000,0.000000,0.000000,0.000000,0.000000,0.000000
62.099999,0.884830,0.065259,2.115170,-0.065259,0.008518,0.000000,0.000000,0.000000,0.000000,0.000000,0.000000
62.199999,0.884055,0.065029,2.115945,-0.065029,0.008458,0.000000,0.000000,0.000000,0.000000,0.000000,0.000000
62.299999,0.883282,0.064801,2.116718,-0.064801,0.008398,0.000000,0.000000,0.000000,0.000000,0.000000,0.000000
62.399999,0.882511,0.064574,2.117489,-0.064574,0.008340,0.000000,0.000000,0.000000,0.000000,0.000000,0.000000
62.499999,0.881743,0.064349,2.118257,-0.064349,0.008281,0.000000,0.000000,0.000000,0.000000,0.000000,0.000000
62.599999,0.880977,0.064125,2.119023,-0.064125,0.008224,0.000000,0.000000,0.000000,0.000000,0.000000,0.000000
62.699999,0.880213,0.063903,2.119787,-0.063903,0.008167,0.000000,0.000000,0.000000,0.000000,0.000000,0.000000
62.799999,0.879451,0.063682,2.120549,-0.063682,0.008111,0.000000,0.000000,0.000000,0.000000,0.000000,0.000000
62.899999,0.878691,0.063464,2.121309,-0.063464,0.008055,0.000000,0.000000,0.000000,0.000000,0.000000,0.000000
62.999999,0.877933,0.063246,2.122067,-0.063246,0.008000,0.000000,0.000000,0.000000,0.000000,0.000000,0.000000
63.099999,0.877178,0.063031,2.122822,-0.063031,0.007946,0.000000,0.000000,0.000000,0.000000,0.000000,0.000000
63.199999,0.876424,0.062816,2.123576,-0.062816,0.007892,0.000000,0.000000,0.000000,0.000000,0.000000,0.000000
63.299999,0.875673,0.062604,2.124327,-0.062604,0.007838,0.000000,0.000000,0.000000,0.000000,0.000000,0.000000
63.399999,0.874924,0.062392,2.125076,-0.062392,0.007786,0.000000,0.000000,0.000000,0.000000,0.000000,0.000000
63.499999,0.874177,0.062183,2.125823,-0.062183,0.007733,0.000000,0.000000,0.000000,0.000000,0.000000,0.000000
63.599999,0.873433,0.061974,2.126567,-0.061974,0.007682,0.000000,0.000000,0.000000,0.000000,0.000000,0.000000
63.699999,0.872690,0.061767,2.127310,-0.061767,0.007630,0.000000,0.000000,0.000000,0.000000,0.000000,0.000000
63.799999,0.871949,0.061562,2.128051,-0.061562,0.007580,0.000000,0.000000,0.000000,0.000000,0.000000,0.000000
63.899999,0.871211,0.061358,2.128789,-0.061358,0.007530,0.000000,0.000000,0.000000,0.000000,0.000000,0.000000
63.999999,0.870475,0.061155,2.129525,-0.061155,0.007480,0.000000,0.000000,0.000000,0.000000,0.000000,0.000000
64.099999,0.869740,0.060954,2.130260,-0.060954,0.007431,0.000000,0.000000,0.000000,0.000000,0.000000,0.000000
64.199999,0.869008,0.060754,2.130992,-0.060754,0.007382,0.000000,0.000000,0.000000,0.000000,0.000000,0.000000
64.299999,0.868278,0.060556,2.131722,-0.060556,0.007334,0.000000,0.000000,0.000000,0.000000,0.000000,0.000000
64.399999,0.867550,0.060359,2.132450,-0.060359,0.007286,0.000000,0.000000,0.000000,0.000000,0.000000,0.000000
64.499999,0.866824,0.060163,2.133176,-0.060163,0.007239,0.000000,0.000000,0.000000,0.000000,0.000000,0.000000
64.599999,0.866100,0.059969,2.133900,-0.059969,0.007192,0.000000,0.000000,0.000000,0.000000,0.000000,0.000000
64.699999,0.865379,0.059776,2.134621,-0.059776,0.007146,0.000000,0.000000,0.000000,0.000000,0.000000,0.000000
64.799999,0.864659,0.059584,2.135341,-0.059584,0.007100,0.000000,0.000000,0.000000,0.000000,0.000000,0.000000
64.899999,0.863941,0.059393,2.136059,-0.059393,0.007055,0.000000,0.000000,0.000000,0.000000,0.000000,0.000000
64.999999,0.863226,0.059204,2.136774,-0.059204,0.007010,0.000000,0.000000,0.000000,0.000000,0.000000,0.000000
65.099999,0.862512,0.059016,2.137488,-0.059016,0.006966,0.000000,0.000000,0.000000,0.000000,0.000000,0.000000
65.199999,0.861800,0.058829,2.138200,-0.058829,0.006922,0.000000,0.000000,0.000000,0.000000,0.000000,0.000000
65.299999,0.861091,0.058644,2.138909,-0.058644,0.006878,0.000000,0.000000,0.000000,0.000000,0.000000,0.000000
65.399999,0.860383,0.058460,2.139617,-0.058460,0.006835,0.000000,0.000000,0.000000,0.000000,0.000000,0.000000
65.499999,0.859678,0.058277,2.140322,-0.058277,0.006792,0.000000,0.000000,0.000000,0.000000,0.000000,0.000000
65.599999,0.858975,0.058095,2.141025,-0.058095,0.006750,0.000000,0.000000,0.000000,0.000000,0.000000,0.000000
65.699999,0.858273,0.057915,2.141727,-0.057915,0.006708,0.000000,0.000000,0.000000,0.000000,0.000000,0.000000
65.799999,0.857574,0.057735,2.142426,-0.057735,0.006667,0.000000,0.000000,0.000000,0.000000,0.000000,0.000000
65.899999,0.856876,0.057557,2.143124,-0.057557,0.006626,0.000000,0.000000,0.000000,0.000000,0.000000,0.000000
65.999999,0.856181,0.057380,2.143819,-0.057380,0.006585,0.000000,0.000000,0.000000,0.000000,0.000000,0.000000
66.099999,0.855487,0.057204,2.144513,-0.057204,0.006545,0.000000,0.000000,0.000000,0.000000,0.000000,0.000000
66.199999,0.854796,0.057030,2.145204,-0.057030,0.006505,0.000000,0.000000,0.000000,0.000000,0.000000,0.000000
66.299999,0.854106,0.056856,2.145894,-0.056856,0.006465,0.000000,0.000000,0.000000,0.000000,0.000000,0.000000
66.399999,0.853419,0.056684,2.146581,-0.056684,0.006426,0.000000,0.000000,0.000000,0.000000,0.000000,0.000000
66.499999,0.852733,0.056512,2.147267,-0.056512,0.006387,0.000000,0.000000,0.000000,0.000000,0.000000,0.000000
66.599999,0.852049,0.056342,2.147951,-0.056342,0.006349,0.000000,0.000000,0.000000,0.000000,0.000000,0.000000
66.699999,0.851368,0.056173,2.148632,-0.056173,0.006311,0.000000,0.000000,0.000000,0.000000,0.000000,0.000000
66.799999,0.850688,0.056005,2.149312,-0.056005,0.006273,0.000000,0.000000,0.000000,0.000000,0.000000,0.000000
66.899999,0.850010,0.055838,2.149990,-0.055838,0.006236,0.000000,0.000000,0.000000,0.000000,0.000000,0.000000
66.999999,0.849334,0.055672,2.150666,-0.055672,0.006199,0.000000,0.000000,0.000000,0.000000,0.000000,0.000000
67.099999,0.848660,0.055507,2.151340,-0.055507,0.006162,0.000000,0.000000,0.000000,0.000000,0.000000,0.000000
67.199998,0.847988,0.055344,2.152012,-0.055344,0.006126,0.000000,0.000000,0.000000,0.000000,0.000000,0.000000
67.299998,0.847318,0.055181,2.152682,-0.055181,0.006090,0.000000,0.000000,0.000000,0.000000,0.000000,0.000000
67.399998,0.846650,0.055019,2.153350,-0.055019,0.006054,0.000000,0.000000,0.000000,0.000000,0.000000,0.000000
67.499998,0.845983,0.054859,2.154017,-0.054859,0.006019,0.000000,0.000000,0.000000,0.000000,0.000000,0.000000
67.599998,0.845319,0.054699,2.154681,-0.054699,0.005984,0.000000,0.000000,0.000000,0.000000,0.000000,0.000000
67.699998,0.844656,0.054540,2.155344,-0.054540,0.005949,0.000000,0.000000,0.000000,0.000000,0.000000,0.000000
67.799998,0.843996,0.054383,2.156004,-0.054383,0.005915,0.000000,0.000000,0.000000,0.000000,0.000000,0.000000
67.899998,0.843337,0.054226,2.156663,-0.054226,0.005881,0.000000,0.000000,0.000000,0.000000,0.000000,0.000000
67.999998,0.842680,0.054070,2.157320,-0.054070,0.005847,0.000000,0.000000,0.000000,0.000000,0.000000,0.000000
68.099998,0.842025,0.053916,2.157975,-0.053916,0.005814,0.000000,0.000000,0.000000,0.000000,0.000000,0.000000
68.199998,0.841372,0.053762,2.158628,-0.053762,0.005781,0.000000,0.000000,0.000000,0.000000,0.000000,0.000000
68.299998,0.840720,0.053609,2.159280,-0.053609,0.005748,0.000000,0.000000,0.000000,0.000000,0.000000,0.000000
68.399998,0.840071,0.053457,2.159929,-0.053457,0.005715,0.000000,0.000000,0.000000,0.000000,0.000000,0.000000
68.499998,0.839423,0.053307,2.160577,-0.053307,0.005683,0.000000,0.000000,0.000000,0.000000,0.000000,0.000000
68.599998,0.838777,0.053157,2.161223,-0.053157,0.005651,0.000000,0.000000,0.000000,0.000000,0.000000,0.000000
68.699998,0.838133,0.053008,2.161867,-0.053008,0.005620,0.000000,0.000000,0.000000,0.000000,0.000000,0.000000
68.799998,0.837491,0.052859,2.162509,-0.052859,0.005588,0.000000,0.000000,0.000000,0.000000,0.000000,0.000000
68.899998,0.836851,0.052712,2.163149,-0.052712,0.005557,0.000000,0.000000,0.000000,0.000000,0.000000,0.000000
68.999998,0.836212,0.052566,2.163788,-0.052566,0.005526,0.000000,0.000000,0.000000,0.000000,0.000000,0.000000
69.099998,0.835575,0.052420,2.164425,-0.052420,0.005496,0.000000,0.000000,0.000000,0.000000,0.000000,0.000000
69.199998,0.834940,0.052276,2.165060,-0.052276,0.005466,0.000000,0.000000,0.000000,0.000000,0.000000,0.000000
69.299998,0.834307,0.052132,2.165693,-0.052132,0.005436,0.000000,0.000000,0.000000,0.000000,0.000000,0.000000
69.399998,0.833676,0.051989,2.166324,-0.051989,0.005406,0.000000,0.000000,0.000000,0.000000,0.000000,0.000000
69.499998,0.833046,0.051847,2.166954,-0.051847,0.005376,0.000000,0.000000,0.000000,0.000000,0.000000,0.000000
69.599998,0.832418,0.051706,2.167582,-0.051706,0.005347,0.000000,0.000000,0.000000,0.000000,0.000000,0.000000
69.699998,0.831792,0.051566,2.168208,-0.051566,0.005318,0.000000,0.000000,0.000000,0.000000,0.000000,0.000000
69.799998,0.831168,0.051427,2.168832,-0.051427,0.005289,0.000000,0.000000,0.000000,0.000000,0.000000,0.000000
69.899998,0.830546,0.051288,2.169454,-0.051288,0.005261,0.000000,0.000000,0.000000,0.000000,0.000000,0.000000
69.999998,0.829925,0.051150,2.170075,-0.051150,0.005233,0.000000,0.000000,0.000000,0.000000,0.000000,0.000000
70.099998,0.829306,0.051013,2.170694,-0.051013,0.005205,0.000000,0.000000,0.000000,0.000000,0.000000,0.000000
70.199998,0.828688,0.050877,2.171312,-0.050877,0.005177,0.000000,0.000000,0.000000,0.000000,0.000000,0.000000
70.299998,0.828073,0.050742,2.171927,-0.050742,0.005149,0.000000,0.000000,0.000000,0.000000,0.000000,0.000000
70.399998,0.827459,0.050607,2.172541,-0.050607,0.005122,0.000000,0.000000,0.000000,0.000000,0.000000,0.000000
70.499998,0.826847,0.050474,2.173153,-0.050474,0.005095,0.000000,0.000000,0.000000,0.000000,0.000000,0.000000
70.599998,0.826236,0.050341,2.173764,-0.050341,0.005068,0.000000,0.000000,0.000000,0.000000,0.000000,0.000000
70.699998,0.825628,0.050209,2.174372,-0.050209,0.005042,0.000000,0.000000,0.000000,0.000000,0.000000,0.000000
70.799998,0.825021,0.050077,2.174979,-0.050077,0.005015,0.000000,0.000000,0.000000,0.000000,0.000000,0.000000
70.899998,0.824415,0.049946,2.175585,-0.049946,0.004989,0.000000,0.000000,0.000000,0.000000,0.000000,0.000000
70.999998,0.823812,0.049817,2.176188,-0.049817,0.004963,0.000000,0.000000,0.000000,0.000000,0.000000,0.000000
71.099998,0.823210,0.049687,2.176790,-0.049687,0.004938,0.000000,0.000000,0.000000,0.000000,0.000000,0.000000
71.199998,0.822610,0.049559,2.177390,-0.049559,0.004912,0.000000,0.000000,0.000000,0.000000,0.000000,0.000000
71.299998,0.822011,0.049431,2.177989,-0.049431,0.004887,0.000000,0.000000,0.000000,0.000000,0.000000,0.000000
71.399998,0.821414,0.049305,2.178586,-0.049305,0.004862,0.000000,0.000000,0.000000,0.000000,0.000000,0.000000
71.499998,0.820819,0.049178,2.179181,-0.049178,0.004837,0.000000,0.000000,0.000000,0.000000,0.000000,0.000000
71.599998,0.820225,0.049053,2.179775,-0.049053,0.004812,0.000000,0.000000,0.000000,0.000000,0.000000,0.000000
71.699998,0.819633,0.048928,2.180367,-0.048928,0.004788,0.000000,0.000000,0.000000,0.000000,0.000000,0.000000
71.799998,0.819043,0.048804,2.180957,-0.048804,0.004764,0.000000,0.000000,0.000000,0.000000,0.000000,0.000000
71.899998,0.818454,0.048681,2.181546,-0.048681,0.004740,0.000000,0.000000,0.000000,0.000000,0.000000,0.000000
71.999998,0.817867,0.048558,2.182133,-0.048558,0.004716,0.000000,0.000000,0.000000,0.000000,0.000000,0.000000
72.099998,0.817282,0.048436,2.182718,-0.048436,0.004692,0.000000,0.000000,0.000000,0.000000,0.000000,0.000000
72.199998,0.816698,0.048315,2.183302,-0.048315,0.004669,0.000000,0.000000,0.000000,0.000000,0.000000,0.000000
72.299998,0.816116,0.048194,2.183884,-0.048194,0.004645,0.000000,0.000000,0.000000,0.000000,0.000000,0.000000
72.399998,0.815536,0.048074,2.184464,-0.048074,0.004622,0.000000,0.000000,0.000000,0.000000,0.000000,0.000000
72.499998,0.814957,0.047955,2.185043,-0.047955,0.004599,0.000000,0.000000,0.000000,0.000000,0.000000,0.000000
72.599998,0.814379,0.047837,2.185621,-0.047837,0.004577,0.000000,0.000000,0.000000,0.000000,0.000000,0.000000
72.699998,0.813804,0.047719,2.186196,-0.047719,0.004554,0.000000,0.000000,0.000000,0.000000,0.000000,0.000000
72.799998,0.813229,0.047602,2.186771,-0.047602,0.004532,0.000000,0.000000,0.000000,0.000000,0.000000,0.000000
72.899998,0.812657,0.047485,2.187343,-0.047485,0.004510,0.000000,0.000000,0.000000,0.000000,0.000000,0.000000
72.999998,0.812086,0.047369,2.187914,-0.047369,0.004488,0.000000,0.000000,0.000000,0.000000,0.000000,0.000000
73.099998,0.811516,0.047254,2.188484,-0.047254,0.004466,0.000000,0.000000,0.000000,0.000000,0.000000,0.000000
73.199998,0.810949,0.047139,2.189051,-0.047139,0.004444,0.000000,0.000000,0.000000,0.000000,0.000000,0.000000
73.299998,0.810382,0.047025,2.189618,-0.047025,0.004423,0.000000,0.000000,0.000000,0.000000,0.000000,0.000000
73.399998,0.809817,0.046912,2.190183,-0.046912,0.004401,0.000000,0.000000,0.000000,0.000000,0.000000,0.000000
73.499998,0.809254,0.046799,2.190746,-0.046799,0.004380,0.000000,0.000000,0.000000,0.000000,0.000000,0.000000
73.599998,0.808693,0.046687,2.191307,-0.046687,0.004359,0.000000,0.000000,0.000000,0.000000,0.000000,0.000000
73.699998,0.808132,0.046575,2.191868,-0.046575,0.004338,0.000000,0.000000,0.000000,0.000000,0.000000,0.000000
73.799998,0.807574,0.046464,2.192426,-0.046464,0.004318,0.000000,0.000000,0.000000,0.000000,0.000000,0.000000
73.899998,0.807017,0.046354,2.192983,-0.046354,0.004297,0.000000,0.000000,0.000000,0.000000,0.000000,0.000000
73.999998,0.806461,0.046244,2.193539,-0.046244,0.004277,0.000000,0.000000,0.000000,0.000000,0.000000,0.000000
74.099998,0.805907,0.046135,2.194093,-0.046135,0.004257,0.000000,0.000000,0.000000,0.000000,0.000000,0.000000
74.199998,0.805355,0.046026,2.194645,-0.046026,0.004237,0.000000,0.000000,0.000000,0.000000,0.000000,0.000000
74.299998,0.804804,0.045918,2.195196,-0.045918,0.004217,0.000000,0.000000,0.000000,0.000000,0.000000,0.000000
74.399998,0.804254,0.045811,2.195746,-0.045811,0.004197,0.000000,0.000000,0.000000,0.000000,0.000000,0.000000
74.499998,0.803706,0.045704,2.196294,-0.045704,0.004178,0.000000,0.000000,0.000000,0.000000,0.000000,0.000000
74.599998,0.803160,0.045598,2.196840,-0.045598,0.004158,0.000000,0.000000,0.000000,0.000000,0.000000,0.000000
74.699998,0.802615,0.045492,2.197385,-0.045492,0.004139,0.000000,0.000000,0.000000,0.000000,0.000000,0.000000
74.799998,0.802071,0.045387,2.197929,-0.045387,0.004120,0.000000,0.000000,0.000000,0.000000,0.000000,0.000000
74.899998,0.801529,0.045282,2.198471,-0.045282,0.004101,0.000000,0.000000,0.000000,0.000000,0.000000,0.000000
74.999998,0.800988,0.045178,2.199012,-0.045178,0.004082,0.000000,0.000000,0.000000,0.000000,0.000000,0.000000
75.099998,0.800449,0.045075,2.199551,-0.045075,0.004063,0.000000,0.000000,0.000000,0.000000,0.000000,0.000000
75.199998,0.799912,0.044972,2.200088,-0.044972,0.004045,0.000000,0.000000,0.000000,0.000000,0.000000,0.000000
75.299998,0.799375,0.044869,2.200625,-0.044869,0.004027,0.000000,0.000000,0.000000,0.000000,0.000000,0.000000
75.399998,0.798841,0.044767,2.201159,-0.044767,0.004008,0.000000,0.000000,0.000000,0.000000,0.000000,0.000000
75.499998,0.798307,0.044666,2.201693,-0.044666,0.003990,0.000000,0.000000,0.000000,0.000000,0.000000,0.000000
75.599998,0.797775,0.044565,2.202225,-0.044565,0.003972,0.000000,0.000000,0.000000,0.000000,0.000000,0.000000
75.699998,0.797245,0.044465,2.202755,-0.044465,0.003954,0.000000,0.000000,0.000000,0.000000,0.000000,0.000000
75.799998,0.796716,0.044365,2.203284,-0.044365,0.003937,0.000000,0.000000,0.000000,0.000000,0.000000,0.000000
75.899998,0.796188,0.044266,2.203812,-0.044266,0.003919,0.000000,0.000000,0.000000,0.000000,0.000000,0.000000
75.999998,0.795662,0.044167,2.204338,-0.044167,0.003901,0.000000,0.000000,0.000000,0.000000,0.000000,0.000000
76.099998,0.795137,0.044069,2.204863,-0.044069,0.003884,0.000000,0.000000,0.000000,0.000000,0.000000,0.000000
76.199998,0.794614,0.043971,2.205386,-0.043971,0.003867,0.000000,0.000000,0.000000,0.000000,0.000000,0.000000
76.299998,0.794092,0.043874,2.205908,-0.043874,0.003850,0.000000,0.000000,0.000000,0.000000,0.000000,0.000000
76.399998,0.793571,0.043777,2.206429,-0.043777,0.003833,0.000000,0.000000,0.000000,0.000000,0.000000,0.000000
76.499998,0.793052,0.043681,2.206948,-0.043681,0.003816,0.000000,0.000000,0.000000,0.000000,0.000000,0.000000
76.599998,0.792534,0.043585,2.207466,-0.043585,0.003799,0.000000,0.000000,0.000000,0.000000,0.000000,0.000000
76.699998,0.792017,0.043490,2.207983,-0.043490,0.003783,0.000000,0.000000,0.000000,0.000000,0.000000,0.000000
76.799998,0.791502,0.043395,2.208498,-0.043395,0.003766,0.000000,0.000000,0.000000,0.000000,0.000000,0.000000
76.899998,0.790989,0.043301,2.209011,-0.043301,0.003750,0.000000,0.000000,0.000000,0.000000,0.000000,0.000000
76.999998,0.790476,0.043207,2.209524,-0.043207,0.003734,0.000000,0.000000,0.000000,0.000000,0.000000,0.000000
77.099998,0.789965,0.043114,2.210035,-0.043114,0.003718,0.000000,0.000000,0.000000,0.000000,0.000000,0.000000
77.199998,0.789456,0.043021,2.210544,-0.043021,0.003702,0.000000,0.000000,0.000000,0.000000,0.000000,0.000000
77.299998,0.788947,0.042928,2.211053,-0.042928,0.003686,0.000000,0.000000,0.000000,0.000000,0.000000,0.000000
77.399998,0.788440,0.042836,2.211560,-0.042836,0.003670,0.000000,0.000000,0.000000,0.000000,0.000000,0.000000
77.499998,0.787935,0.042745,2.212065,-0.042745,0.003654,0.000000,0.000000,0.000000,0.000000,0.000000,0.000000
77.599998,0.787430,0.042654,2.212570,-0.042654,0.003639,0.000000,0.000000,0.000000,0.000000,0.000000,0.000000
77.699998,0.786927,0.042563,2.213073,-0.042563,0.003623,0.000000,0.000000,0.000000,0.000000,0.000000,0.000000
77.799998,0.786426,0.042473,2.213574,-0.042473,0.003608,0.000000,0.000000,0.000000,0.000000,0.000000,0.000000
77.899998,0.785926,0.042383,2.214074,-0.042383,0.003593,0.000000,0.000000,0.000000,0.000000,0.000000,0.000000
77.999998,0.785427,0.042294,2.214573,-0.042294,0.003578,0.000000,0.000000,0.000000,0.000000,0.000000,0.000000
78.099998,0.784929,0.042205,2.215071,-0.042205,0.003563,0.000000,0.000000,0.000000,0.000000,0.000000,0.000000
78.199998,0.784432,0.042117,2.215568,-0.042117,0.003548,0.000000,0.000000,0.000000,0.000000,0.000000,0.000000
78.299998,0.783937,0.042029,2.216063,-0.042029,0.003533,0.000000,0.000000,0.000000,0.000000,0.000000,0.000000
78.399998,0.783444,0.041941,2.216556,-0.041941,0.003518,0.000000,0.000000,0.000000,0.000000,0.000000,0.000000
78.499998,0.782951,0.041854,2.217049,-0.041854,0.003504,0.000000,0.000000,0.000000,0.000000,0.000000,0.000000
78.599998,0.782460,0.041767,2.217540,-0.041767,0.003489,0.000000,0.000000,0.000000,0.000000,0.000000,0.000000
78.699998,0.781970,0.041681,2.218030,-0.041681,0.003475,0.000000,0.000000,0.000000,0.000000,0.000000,0.000000
78.799998,0.781481,0.041595,2.218519,-0.041595,0.003460,0.000000,0.000000,0.000000,0.000000,0.000000,0.000000
78.899998,0.780994,0.041510,2.219006,-0.041510,0.003446,0.000000,0.000000,0.000000,0.000000,0.000000,0.000000
78.999998,0.780508,0.041425,2.219492,-0.041425,0.003432,0.000000,0.000000,0.000000,0.000000,0.000000,0.000000
79.099998,0.780023,0.041340,2.219977,-0.041340,0.003418,0.000000,0.000000,0.000000,0.000000,0.000000,0.000000
79.199998,0.779540,0.041256,2.220460,-0.041256,0.003404,0.000000,0.000000,0.000000,0.000000,0.000000,0.000000
79.299998,0.779057,0.041172,2.220943,-0.041172,0.003390,0.000000,0.000000,0.000000,0.000000,0.000000,0.000000
79.399998,0.778576,0.041089,2.221424,-0.041089,0.003377,0.000000,0.000000,0.000000,0.000000,0.000000,0.000000
79.499998,0.778096,0.041006,2.221904,-0.041006,0.003363,0.000000,0.000000,0.000000,0.000000,0.000000,0.000000
79.599998,0.777618,0.040923,2.222382,-0.040923,0.003349,0.000000,0.000000,0.000000,0.000000,0.000000,0.000000
79.699998,0.777140,0.040841,2.222860,-0.040841,0.003336,0.000000,0.000000,0.000000,0.000000,0.000000,0.000000
79.799998,0.776664,0.040759,2.223336,-0.040759,0.003323,0.000000,0.000000,0.000000,0.000000,0.000000,0.000000
79.899998,0.776189,0.040678,2.223811,-0.040678,0.003309,0.000000,0.000000,0.000000,0.000000,0.000000,0.000000
79.999998,0.775716,0.040596,2.224284,-0.040596,0.003296,0.000000,0.000000,0.000000,0.000000,0.000000,0.000000
80.099998,0.775243,0.040516,2.224757,-0.040516,0.003283,0.000000,0.000000,0.000000,0.000000,0.000000,0.000000
80.199998,0.774772,0.040435,2.225228,-0.040435,0.003270,0.000000,0.000000,0.000000,0.000000,0.000000,0.000000
80.299998,0.774302,0.040356,2.225698,-0.040356,0.003257,0.000000,0.000000,0.000000,0.000000,0.000000,0.000000
80.399998,0.773833,0.040276,2.226167,-0.040276,0.003244,0.000000,0.000000,0.000000,0.000000,0.000000,0.000000
80.499998,0.773366,0.040197,2.226634,-0.040197,0.003232,0.000000,0.000000,0.000000,0.000000,0.000000,0.000000
80.599998,0.772899,0.040118,2.227101,-0.040118,0.003219,0.000000,0.000000,0.000000,0.000000,0.000000,0.000000
80.699998,0.772434,0.040039,2.227566,-0.040039,0.003206,0.000000,0.000000,0.000000,0.000000,0.000000,0.000000
80.799998,0.771970,0.039961,2.228030,-0.039961,0.003194,0.000000,0.000000,0.000000,0.000000,0.000000,0.000000
80.899998,0.771507,0.039884,2.228493,-0.039884,0.003181,0.000000,0.000000,0.000000,0.000000,0.000000,0.000000
80.999998,0.771045,0.039806,2.228955,-0.039806,0.003169,0.000000,0.000000,0.000000,0.000000,0.000000,0.000000
81.099998,0.770585,0.039729,2.229415,-0.039729,0.003157,0.000000,0.000000,0.000000,0.000000,0.000000,0.000000
81.199998,0.770126,0.039653,2.229874,-0.039653,0.003145,0.000000,0.000000,0.000000,0.000000,0.000000,0.000000
81.299998,0.769667,0.039576,2.230333,-0.039576,0.003133,0.000000,0.000000,0.000000,0.000000,0.000000,0.000000
81.399998,0.769210,0.039500,2.230790,-0.039500,0.003121,0.000000,0.000000,0.000000,0.000000,0.000000,0.000000
81.499998,0.768754,0.039425,2.231246,-0.039425,0.003109,0.000000,0.000000,0.000000,0.000000,0.000000,0.000000
81.599998,0.768300,0.039349,2.231700,-0.039349,0.003097,0.000000,0.000000,0.000000,0.000000,0.000000,0.000000
81.699998,0.767846,0.039274,2.232154,-0.039274,0.003085,0.000000,0.000000,0.000000,0.000000,0.000000,0.000000
81.799998,0.767394,0.039200,2.232606,-0.039200,0.003073,0.000000,0.000000,0.000000,0.000000,0.000000,0.000000
81.899998,0.766943,0.039125,2.233057,-0.039125,0.003062,0.000000,0.000000,0.000000,0.000000,0.000000,0.000000
81.999998,0.766492,0.039052,2.233508,-0.039052,0.003050,0.000000,0.000000,0.000000,0.000000,0.000000,0.000000
82.099998,0.766043,0.038978,2.233957,-0.038978,0.003039,0.000000,0.000000,0.000000,0.000000,0.000000,0.000000
82.199998,0.765596,0.038905,2.234404,-0.038905,0.003027,0.000000,0.000000,0.000000,0.000000,0.000000,0.000000
82.299998,0.765149,0.038832,2.234851,-0.038832,0.003016,0.000000,0.000000,0.000000,0.000000,0.000000,0.000000
82.399998,0.764703,0.038759,2.235297,-0.038759,0.003005,0.000000,0.000000,0.000000,0.000000,0.000000,0.000000
82.499998,0.764259,0.038687,2.235741,-0.038687,0.002993,0.000000,0.000000,0.000000,0.000000,0.000000,0.000000
82.599998,0.763815,0.038615,2.236185,-0.038615,0.002982,0.000000,0.000000,0.000000,0.000000,0.000000,0.000000
82.699998,0.763373,0.038543,2.236627,-0.038543,0.002971,0.000000,0.000000,0.000000,0.000000,0.000000,0.000000
82.799998,0.762932,0.038472,2.237068,-0.038472,0.002960,0.000000,0.000000,0.000000,0.000000,0.000000,0.000000
82.899998,0.762492,0.038401,2.237508,-0.038401,0.002949,0.000000,0.000000,0.000000,0.000000,0.000000,0.000000
82.999998,0.762053,0.038330,2.237947,-0.038330,0.002938,0.000000,0.000000,0.000000,0.000000,0.000000,0.000000
83.099998,0.761615,0.038260,2.238385,-0.038260,0.002928,0.000000,0.000000,0.000000,0.000000,0.000000,0.000000
83.199998,0.761178,0.038190,2.238822,-0.038190,0.002917,0.000000,0.000000,0.000000,0.000000,0.000000,0.000000
83.299998,0.760742,0.038120,2.239258,-0.038120,0.002906,0.000000,0.000000,0.000000,0.000000,0.000000,0.000000
83.399998,0.760308,0.038050,2.239692,-0.038050,0.002896,0.000000,0.000000,0.000000,0.000000,0.000000,0.000000
83.499998,0.759874,0.037981,2.240126,-0.037981,0.002885,0.000000,0.000000,0.000000,0.000000,0.000000,0.000000
83.599998,0.759442,0.037912,2.240558,-0.037912,0.002875,0.000000,0.000000,0.000000,0.000000,0.000000,0.000000
83.699998,0.759010,0.037844,2.240990,-0.037844,0.002864,0.000000,0.000000,0.000000,0.000000,0.000000,0.000000
83.799998,0.758580,0.037775,2.241420,-0.037775,0.002854,0.000000,0.000000,0.000000,0.000000,0.000000,0.000000
83.899998,0.758150,0.037707,2.241850,-0.037707,0.002844,0.000000,0.000000,0.000000,0.000000,0.000000,0.000000
83.999998,0.757722,0.037640,2.242278,-0.037640,0.002834,0.000000,0.000000,0.000000,0.000000,0.000000,0.000000
84.099998,0.757295,0.037572,2.242705,-0.037572,0.002823,0.000000,0.000000,0.000000,0.000000,0.000000,0.000000
84.199998,0.756869,0.037505,2.243131,-0.037505,0.002813,0.000000,0.000000,0.000000,0.000000,0.000000,0.000000
84.299998,0.756444,0.037438,2.243556,-0.037438,0.002803,0.000000,0.000000,0.000000,0.000000,0.000000,0.000000
84.399998,0.756020,0.037372,2.243980,-0.037372,0.002793,0.000000,0.000000,0.000000,0.000000,0.000000,0.000000
84.499998,0.755597,0.037306,2.244403,-0.037306,0.002783,0.000000,0.000000,0.000000,0.000000,0.000000,0.000000
84.599998,0.755175,0.037240,2.244825,-0.037240,0.002774,0.000000,0.000000,0.000000,0.000000,0.000000,0.000000
84.699998,0.754754,0.037174,2.245246,-0.037174,0.002764,0.000000,0.000000,0.000000,0.000000,0.000000,0.000000
84.799998,0.754334,0.037109,2.245666,-0.037109,0.002754,0.000000,0.000000,0.000000,0.000000,0.000000,0.000000
84.899998,0.753915,0.037043,2.246085,-0.037043,0.002744,0.000000,0.000000,0.000000,0.000000,0.000000,0.000000
84.999998,0.753497,0.036979,2.246503,-0.036979,0.002735,0.000000,0.000000,0.000000,0.000000,0.000000,0.000000
85.099998,0.753080,0.036914,2.246920,-0.036914,0.002725,0.000000,0.000000,0.000000,0.000000,0.000000,0.000000
85.199998,0.752664,0.036850,2.247336,-0.036850,0.002716,0.000000,0.000000,0.000000,0.000000,0.000000,0.000000
85.299998,0.752249,0.036786,2.247751,-0.036786,0.002706,0.000000,0.000000,0.000000,0.000000,0.000000,0.000000
85.399998,0.751835,0.036722,2.248165,-0.036722,0.002697,0.000000,0.000000,0.000000,0.000000,0.000000,0.000000
85.499998,0.751423,0.036658,2.248577,-0.036658,0.002688,0.000000,0.000000,0.000000,0.000000,0.000000,0.000000
85.599998,0.751011,0.036595,2.248989,-0.036595,0.002678,0.000000,0.000000,0.000000,0.000000,0.000000,0.000000
85.699998,0.750600,0.036532,2.249400,-0.036532,0.002669,0.000000,0.000000,0.000000,0.000000,0.000000,0.000000
85.799998,0.750190,0.036469,2.249810,-0.036469,0.002660,0.000000,0.000000,0.000000,0.000000,0.000000,0.000000
85.899998,0.749781,0.036407,2.250219,-0.036407,0.002651,0.000000,0.000000,0.000000,0.000000,0.000000,0.000000
85.999998,0.749373,0.036345,2.250627,-0.036345,0.002642,0.000000,0.000000,0.000000,0.000000,0.000000,0.000000
86.099998,0.748966,0.036283,2.251034,-0.036283,0.002633,0.000000,0.000000,0.000000,0.000000,0.000000,0.000000
86.199998,0.748560,0.036221,2.251440,-0.036221,0.002624,0.000000,0.000000,0.000000,0.000000,0.000000,0.000000
86.299998,0.748155,0.036160,2.251845,-0.036160,0.002615,0.000000,0.000000,0.000000,0.000000,0.000000,0.000000
86.399998,0.747751,0.036099,2.252249,-0.036099,0.002606,0.000000,0.000000,0.000000,0.000000,0.000000,0.000000
86.499998,0.747348,0.036038,2.252652,-0.036038,0.002597,0.000000,0.000000,0.000000,0.000000,0.000000,0.000000
86.599998,0.746946,0.035977,2.253054,-0.035977,0.002589,0.000000,0.000000,0.000000,0.000000,0.000000,0.000000
86.699998,0.746545,0.035916,2.253455,-0.035916,0.002580,0.000000,0.000000,0.000000,0.000000,0.000000,0.000000
86.799998,0.746145,0.035856,2.253855,-0.035856,0.002571,0.000000,0.000000,0.000000,0.000000,0.000000,0.000000
86.899998,0.745746,0.035796,2.254254,-0.035796,0.002563,0.000000,0.000000,0.000000,0.000000,0.000000,0.000000
86.999998,0.745347,0.035737,2.254653,-0.035737,0.002554,0.000000,0.000000,0.000000,0.000000,0.000000,0.000000
87.099998,0.744950,0.035677,2.255050,-0.035677,0.002546,0.000000,0.000000,0.000000,0.000000,0.000000,0.000000
87.199998,0.744554,0.035618,2.255446,-0.035618,0.002537,0.000000,0.000000,0.000000,0.000000,0.000000,0.000000
87.299998,0.744158,0.035559,2.255842,-0.035559,0.002529,0.000000,0.000000,0.000000,0.000000,0.000000,0.000000
87.399998,0.743764,0.035500,2.256236,-0.035500,0.002521,0.000000,0.000000,0.000000,0.000000,0.000000,0.000000
87.499998,0.743370,0.035442,2.256630,-0.035442,0.002512,0.000000,0.000000,0.000000,0.000000,0.000000,0.000000
87.599998,0.742978,0.035383,2.257022,-0.035383,0.002504,0.000000,0.000000,0.000000,0.000000,0.000000,0.000000
87.699998,0.742586,0.035325,2.257414,-0.035325,0.002496,0.000000,0.000000,0.000000,0.000000,0.000000,0.000000
87.799998,0.742195,0.035268,2.257805,-0.035268,0.002488,0.000000,0.000000,0.000000,0.000000,0.000000,0.000000
87.899998,0.741805,0.035210,2.258195,-0.035210,0.002479,0.000000,0.000000,0.000000,0.000000,0.000000,0.000000
87.999998,0.741416,0.035153,2.258584,-0.035153,0.002471,0.000000,0.000000,0.000000,0.000000,0.000000,0.000000
88.099998,0.741028,0.035096,2.258972,-0.035096,0.002463,0.000000,0.000000,0.000000,0.000000,0.000000,0.000000
88.199998,0.740641,0.035039,2.259359,-0.035039,0.002455,0.000000,0.000000,0.000000,0.000000,0.000000,0.000000
88.299998,0.740255,0.034982,2.259745,-0.034982,0.002447,0.000000,0.000000,0.000000,0.000000,0.000000,0.000000
88.399998,0.739870,0.034925,2.260130,-0.034925,0.002440,0.000000,0.000000,0.000000,0.000000,0.000000,0.000000
88.499998,0.739485,0.034869,2.260515,-0.034869,0.002432,0.000000,0.000000,0.000000,0.000000,0.000000,0.000000
88.599998,0.739102,0.034813,2.260898,-0.034813,0.002424,0.000000,0.000000,0.000000,0.000000,0.000000,0.000000
88.699998,0.738719,0.034757,2.261281,-0.034757,0.002416,0.000000,0.000000,0.000000,0.000000,0.000000,0.000000
88.799998,0.738337,0.034702,2.261663,-0.034702,0.002408,0.000000,0.000000,0.000000,0.000000,0.000000,0.000000
88.899998,0.737956,0.034647,2.262044,-0.034647,0.002401,0.000000,0.000000,0.000000,0.000000,0.000000,0.000000
88.999998,0.737576,0.034591,2.262424,-0.034591,0.002393,0.000000,0.000000,0.000000,0.000000,0.000000,0.000000
89.099998,0.737197,0.034536,2.262803,-0.034536,0.002386,0.000000,0.000000,0.000000,0.000000,0.000000,0.000000
89.199998,0.736819,0.034482,2.263181,-0.034482,0.002378,0.000000,0.000000,0.000000,0.000000,0.000000,0.000000
89.299998,0.736442,0.034427,2.263558,-0.034427,0.002370,0.000000,0.000000,0.000000,0.000000,0.000000,0.000000
89.399998,0.736065,0.034373,2.263935,-0.034373,0.002363,0.000000,0.000000,0.000000,0.000000,0.000000,0.000000
89.499998,0.735690,0.034319,2.264310,-0.034319,0.002356,0.000000,0.000000,0.000000,0.000000,0.000000,0.000000
89.599998,0.735315,0.034265,2.264685,-0.034265,0.002348,0.000000,0.000000,0.000000,0.000000,0.000000,0.000000
89.699998,0.734941,0.034211,2.265059,-0.034211,0.002341,0.000000,0.000000,0.000000,0.000000,0.000000,0.000000
89.799998,0.734568,0.034158,2.265432,-0.034158,0.002334,0.000000,0.000000,0.000000,0.000000,0.000000,0.000000
89.899998,0.734196,0.034105,2.265804,-0.034105,0.002326,0.000000,0.000000,0.000000,0.000000,0.000000,0.000000
89.999998,0.733824,0.034052,2.266176,-0.034052,0.002319,0.000000,0.000000,0.000000,0.000000,0.000000,0.000000
90.099998,0.733454,0.033999,2.266546,-0.033999,0.002312,0.000000,0.000000,0.000000,0.000000,0.000000,0.000000
90.199998,0.733084,0.033946,2.266916,-0.033946,0.002305,0.000000,0.000000,0.000000,0.000000,0.000000,0.000000
90.299998,0.732716,0.033894,2.267284,-0.033894,0.002298,0.000000,0.000000,0.000000,0.000000,0.000000,0.000000
90.399998,0.732348,0.033841,2.267652,-0.033841,0.002290,0.000000,0.000000,0.000000,0.000000,0.000000,0.000000
90.499998,0.731981,0.033789,2.268019,-0.033789,0.002283,0.000000,0.000000,0.000000,0.000000,0.000000,0.000000
90.599998,0.731614,0.033737,2.268386,-0.033737,0.002276,0.000000,0.000000,0.000000,0.000000,0.000000,0.000000
90.699998,0.731249,0.033686,2.268751,-0.033686,0.002269,0.000000,0.000000,0.000000,0.000000,0.000000,0.000000
90.799998,0.730884,0.033634,2.269116,-0.033634,0.002263,0.000000,0.000000,0.000000,0.000000,0.000000,0.000000
90.899998,0.730520,0.033583,2.269480,-0.033583,0.002256,0.000000,0.000000,0.000000,0.000000,0.000000,0.000000
90.999998,0.730158,0.033532,2.269842,-0.033532,0.002249,0.000000,0.000000,0.000000,0.000000,0.000000,0.000000
91.099998,0.729795,0.033481,2.270205,-0.033481,0.002242,0.000000,0.000000,0.000000,0.000000,0.000000,0.000000
91.199998,0.729434,0.033430,2.270566,-0.033430,0.002235,0.000000,0.000000,0.000000,0.000000,0.000000,0.000000
91.299998,0.729074,0.033380,2.270926,-0.033380,0.002228,0.000000,0.000000,0.000000,0.000000,0.000000,0.000000
91.399998,0.728714,0.033329,2.271286,-0.033329,0.002222,0.000000,0.000000,0.000000,0.000000,0.000000,0.000000
91.499998,0.728355,0.033279,2.271645,-0.033279,0.002215,0.000000,0.000000,0.000000,0.000000,0.000000,0.000000
91.599998,0.727997,0.033229,2.272003,-0.033229,0.002208,0.000000,0.000000,0.000000,0.000000,0.000000,0.000000
91.699998,0.727640,0.033180,2.272360,-0.033180,0.002202,0.000000,0.000000,0.000000,0.000000,0.000000,0.000000
91.799998,0.727283,0.033130,2.272717,-0.033130,0.002195,0.000000,0.000000,0.000000,0.000000,0.000000,0.000000
91.899998,0.726928,0.033081,2.273072,-0.033081,0.002189,0.000000,0.000000,0.000000,0.000000,0.000000,0.000000
91.999998,0.726573,0.033031,2.273427,-0.033031,0.002182,0.000000,0.000000,0.000000,0.000000,0.000000,0.000000
92.099998,0.726219,0.032982,2.273781,-0.032982,0.002176,0.000000,0.000000,0.000000,0.000000,0.000000,0.000000
92.199998,0.725865,0.032933,2.274135,-0.032933,0.002169,0.000000,0.000000,0.000000,0.000000,0.000000,0.000000
92.299998,0.725513,0.032885,2.274487,-0.032885,0.002163,0.000000,0.000000,0.000000,0.000000,0.000000,0.000000
92.399998,0.725161,0.032836,2.274839,-0.032836,0.002156,0.000000,0.000000,0.000000,0.000000,0.000000,0.000000
92.499998,0.724810,0.032788,2.275190,-0.032788,0.002150,0.000000,0.000000,0.000000,0.000000,0.000000,0.000000
92.599998,0.724460,0.032740,2.275540,-0.032740,0.002144,0.000000,0.000000,0.000000,0.000000,0.000000,0.000000
92.699998,0.724111,0.032692,2.275889,-0.032692,0.002137,0.000000,0.000000,0.000000,0.000000,0.000000,0.000000
92.799998,0.723762,0.032644,2.276238,-0.032644,0.002131,0.000000,0.000000,0.000000,0.000000,0.000000,0.000000
92.899998,0.723414,0.032596,2.276586,-0.032596,0.002125,0.000000,0.000000,0.000000,0.000000,0.000000,0.000000
92.999998,0.723067,0.032549,2.276933,-0.032549,0.002119,0.000000,0.000000,0.000000,0.000000,0.000000,0.000000
93.099998,0.722721,0.032502,2.277279,-0.032502,0.002113,0.000000,0.000000,0.000000,0.000000,0.000000,0.000000
93.199998,0.722375,0.032454,2.277625,-0.032454,0.002107,0.000000,0.000000,0.000000,0.000000,0.000000,0.000000
93.299998,0.722031,0.032407,2.277969,-0.032407,0.002100,0.000000,0.000000,0.000000,0.000000,0.000000,0.000000
93.399998,0.721687,0.032361,2.278313,-0.032361,0.002094,0.000000,0.000000,0.000000,0.000000,0.000000,0.000000
93.499998,0.721343,0.032314,2.278657,-0.032314,0.002088,0.000000,0.000000,0.000000,0.000000,0.000000,0.000000
93.599998,0.721001,0.032268,2.278999,-0.032268,0.002082,0.000000,0.000000,0.000000,0.000000,0.000000,0.000000
93.699998,0.720659,0.032221,2.279341,-0.032221,0.002076,0.000000,0.000000,0.000000,0.000000,0.000000,0.000000
93.799998,0.720318,0.032175,2.279682,-0.032175,0.002070,0.000000,0.000000,0.000000,0.000000,0.000000,0.000000
93.899998,0.719978,0.032129,2.280022,-0.032129,0.002065,0.000000,0.000000,0.000000,0.000000,0.000000,0.000000
93.999998,0.719638,0.032083,2.280362,-0.032083,0.002059,0.000000,0.000000,0.000000,0.000000,0.000000,0.000000
94.099998,0.719300,0.032038,2.280700,-0.032038,0.002053,0.000000,0.000000,0.000000,0.000000,0.000000,0.000000
94.199998,0.718962,0.031992,2.281038,-0.031992,0.002047,0.000000,0.000000,0.000000,0.000000,0.000000,0.000000
94.299998,0.718624,0.031947,2.281376,-0.031947,0.002041,0.000000,0.000000,0.000000,0.000000,0.000000,0.000000
94.399998,0.718288,0.031902,2.281712,-0.031902,0.002035,0.000000,0.000000,0.000000,0.000000,0.000000,0.000000
94.499998,0.717952,0.031857,2.282048,-0.031857,0.002030,0.000000,0.000000,0.000000,0.000000,0.000000,0.000000
94.599998,0.717617,0.031812,2.282383,-0.031812,0.002024,0.000000,0.000000,0.000000,0.000000,0.000000,0.000000
94.699998,0.717283,0.031767,2.282717,-0.031767,0.002018,0.000000,0.000000,0.000000,0.000000,0.000000,0.000000
94.799998,0.716949,0.031723,2.283051,-0.031723,0.002013,0.000000,0.000000,0.000000,0.000000,0.000000,0.000000
94.899998,0.716616,0.031678,2.283384,-0.031678,0.002007,0.000000,0.000000,0.000000,0.000000,0.000000,0.000000
94.999998,0.716284,0.031634,2.283716,-0.031634,0.002001,0.000000,0.000000,0.000000,0.000000,0.000000,0.000000
95.099998,0.715952,0.031590,2.284048,-0.031590,0.001996,0.000000,0.000000,0.000000,0.000000,0.000000,0.000000
95.199998,0.715621,0.031546,2.284379,-0.031546,0.001990,0.000000,0.000000,0.000000,0.000000,0.000000,0.000000
95.299998,0.715291,0.031502,2.284709,-0.031502,0.001985,0.000000,0.000000,0.000000,0.000000,0.000000,0.000000
95.399998,0.714962,0.031459,2.285038,-0.031459,0.001979,0.000000,0.000000,0.000000,0.000000,0.000000,0.000000
95.499998,0.714633,0.031415,2.285367,-0.031415,0.001974,0.000000,0.000000,0.000000,0.000000,0.000000,0.000000
95.599998,0.714305,0.031372,2.285695,-0.031372,0.001968,0.000000,0.000000,0.000000,0.000000,0.000000,0.000000
95.699998,0.713978,0.031329,2.286022,-0.031329,0.001963,0.000000,0.000000,0.000000,0.000000,0.000000,0.000000
95.799998,0.713652,0.031286,2.286348,-0.031286,0.001958,0.000000,0.000000,0.000000,0.000000,0.000000,0.000000
95.899998,0.713326,0.031243,2.286674,-0.031243,0.001952,0.000000,0.000000,0.000000,0.000000,0.000000,0.000000
95.999998,0.713001,0.031200,2.286999,-0.031200,0.001947,0.000000,0.000000,0.000000,0.000000,0.000000,0.000000
96.099998,0.712676,0.031157,2.287324,-0.031157,0.001942,0.000000,0.000000,0.000000,0.000000,0.000000,0.000000
96.199998,0.712352,0.031115,2.287648,-0.031115,0.001936,0.000000,0.000000,0.000000,0.000000,0.000000,0.000000
96.299998,0.712029,0.031073,2.287971,-0.031073,0.001931,0.000000,0.000000,0.000000,0.000000,0.000000,0.000000
96.399998,0.711707,0.031030,2.288293,-0.031030,0.001926,0.000000,0.000000,0.000000,0.000000,0.000000,0.000000
96.499998,0.711385,0.030988,2.288615,-0.030988,0.001921,0.000000,0.000000,0.000000,0.000000,0.000000,0.000000
96.599998,0.711064,0.030947,2.288936,-0.030947,0.001915,0.000000,0.000000,0.000000,0.000000,0.000000,0.000000
96.699998,0.710744,0.030905,2.289256,-0.030905,0.001910,0.000000,0.000000,0.000000,0.000000,0.000000,0.000000
96.799998,0.710424,0.030863,2.289576,-0.030863,0.001905,0.000000,0.000000,0.000000,0.000000,0.000000,0.000000
96.899998,0.710105,0.030822,2.289895,-0.030822,0.001900,0.000000,0.000000,0.000000,0.000000,0.000000,0.000000
96.999998,0.709787,0.030780,2.290213,-0.030780,0.001895,0.000000,0.000000,0.000000,0.000000,0.000000,0.000000
97.099998,0.709469,0.030739,2.290531,-0.030739,0.001890,0.000000,0.000000,0.000000,0.000000,0.000000,0.000000
97.199998,0.709152,0.030698,2.290848,-0.030698,0.001885,0.000000,0.000000,0.000000,0.000000,0.000000,0.000000
97.299998,0.708836,0.030657,2.291164,-0.030657,0.001880,0.000000,0.000000,0.000000,0.000000,0.000000,0.000000
97.399998,0.708520,0.030617,2.291480,-0.030617,0.001875,0.000000,0.000000,0.000000,0.000000,0.000000,0.000000
97.499998,0.708205,0.030576,2.291795,-0.030576,0.001870,0.000000,0.000000,0.000000,0.000000,0.000000,0.000000
97.599998,0.707891,0.030535,2.292109,-0.030535,0.001865,0.000000,0.000000,0.000000,0.000000,0.000000,0.000000
97.699998,0.707577,0.030495,2.292423,-0.030495,0.001860,0.000000,0.000000,0.000000,0.000000,0.000000,0.000000
97.799998,0.707264,0.030455,2.292736,-0.030455,0.001855,0.000000,0.000000,0.000000,0.000000,0.000000,0.000000
97.899998,0.706952,0.030415,2.293048,-0.030415,0.001850,0.000000,0.000000,0.000000,0.000000,0.000000,0.000000
97.999998,0.706640,0.030375,2.293360,-0.030375,0.001845,0.000000,0.000000,0.000000,0.000000,0.000000,0.000000
98.099998,0.706329,0.030335,2.293671,-0.030335,0.001840,0.000000,0.000000,0.000000,0.000000,0.000000,0.000000
98.199998,0.706018,0.030295,2.293982,-0.030295,0.001836,0.000000,0.000000,0.000000,0.000000,0.000000,0.000000
98.299998,0.705709,0.030256,2.294291,-0.030256,0.001831,0.000000,0.000000,0.000000,0.000000,0.000000,0.000000
98.399998,0.705400,0.030216,2.294600,-0.030216,0.001826,0.000000,0.000000,0.000000,0.000000,0.000000,0.000000
98.499998,0.705091,0.030177,2.294909,-0.030177,0.001821,0.000000,0.000000,0.000000,0.000000,0.000000,0.000000
98.599998,0.704783,0.030138,2.295217,-0.030138,0.001817,0.000000,0.000000,0.000000,0.000000,0.000000,0.000000
98.699998,0.704476,0.030099,2.295524,-0.030099,0.001812,0.000000,0.000000,0.000000,0.000000,0.000000,0.000000
98.799998,0.704169,0.030060,2.295831,-0.030060,0.001807,0.000000,0.000000,0.000000,0.000000,0.000000,0.000000
98.899998,0.703863,0.030021,2.296137,-0.030021,0.001803,0.000000,0.000000,0.000000,0.000000,0.000000,0.000000
98.999998,0.703558,0.029982,2.296442,-0.029982,0.001798,0.000000,0.000000,0.000000,0.000000,0.000000,0.000000
99.099998,0.703253,0.029944,2.296747,-0.029944,0.001793,0.000000,0.000000,0.000000,0.000000,0.000000,0.000000
99.199998,0.702949,0.029905,2.297051,-0.029905,0.001789,0.000000,0.000000,0.000000,0.000000,0.000000,0.000000
99.299998,0.702646,0.029867,2.297354,-0.029867,0.001784,0.000000,0.000000,0.000000,0.000000,0.000000,0.000000
99.399998,0.702343,0.029829,2.297657,-0.029829,0.001779,0.000000,0.000000,0.000000,0.000000,0.000000,0.000000
99.499998,0.702041,0.029791,2.297959,-0.029791,0.001775,0.000000,0.000000,0.000000,0.000000,0.000000,0.000000
99.599998,0.701739,0.029753,2.298261,-0.029753,0.001770,0.000000,0.000000,0.000000,0.000000,0.000000,0.000000
99.699998,0.701438,0.029715,2.298562,-0.029715,0.001766,0.000000,0.000000,0.000000,0.000000,0.000000,0.000000
99.799998,0.701138,0.029677,2.298862,-0.029677,0.001761,0.000000,0.000000,0.000000,0.000000,0.000000,0.000000
99.899998,0.700838,0.029639,2.299162,-0.029639,0.001757,0.000000,0.000000,0.000000,0.000000,0.000000,0.000000
99.999998,0.700539,0.029602,2.299461,-0.029602,0.001753,0.000000,0.000000,0.000000,0.000000,0.000000,0.000000
