# Two Dipoles. Viscous opposite moments. $\\Reyn=2e+01$, $x(0)=3$
# Commit: 2026-08-08-4-g5e9f416
# KinematicViscosity: 0.0625
# TauMode: ConstPi32 τ = 1/π^(3/2)
# Date: 2026-08-14 01:33:44
time,d1_rx,d1_mx,d2_rx,d2_mx,sum_zeta_square,linear_impulse_x,linear_impulse_y,linear_impulse_z,angular_impulse_x,angular_impulse_y,angular_impulse_z
0.000000,0.000000,1.000000,3.000000,-1.000000,2.000000,0.000000,0.000000,0.000000,0.000000,0.000000,0.000000
0.100000,0.011379,1.000595,2.988621,-1.000595,2.002382,0.000000,0.000000,0.000000,0.000000,0.000000,0.000000
0.200000,0.022751,1.001210,2.977249,-1.001210,2.004841,0.000000,0.000000,0.000000,0.000000,0.000000,0.000000
0.300000,0.034116,1.001843,2.965884,-1.001843,2.007380,0.000000,0.000000,0.000000,0.000000,0.000000,0.000000
0.400000,0.045474,1.002497,2.954526,-1.002497,2.010002,0.000000,0.000000,0.000000,0.000000,0.000000,0.000000
0.500000,0.056823,1.003173,2.943177,-1.003173,2.012711,0.000000,0.000000,0.000000,0.000000,0.000000,0.000000
0.600000,0.068165,1.003870,2.931835,-1.003870,2.015509,0.000000,0.000000,0.000000,0.000000,0.000000,0.000000
0.700000,0.079498,1.004590,2.920502,-1.004590,2.018400,0.000000,0.000000,0.000000,0.000000,0.000000,0.000000
0.800000,0.090823,1.005333,2.909177,-1.005333,2.021389,0.000000,0.000000,0.000000,0.000000,0.000000,0.000000
0.900000,0.102139,1.006101,2.897861,-1.006101,2.024478,0.000000,0.000000,0.000000,0.000000,0.000000,0.000000
1.000000,0.113446,1.006894,2.886554,-1.006894,2.027673,0.000000,0.000000,0.000000,0.000000,0.000000,0.000000
1.100000,0.124743,1.007714,2.875257,-1.007714,2.030976,0.000000,0.000000,0.000000,0.000000,0.000000,0.000000
1.200000,0.136030,1.008562,2.863970,-1.008562,2.034394,0.000000,0.000000,0.000000,0.000000,0.000000,0.000000
1.300000,0.147308,1.009438,2.852692,-1.009438,2.037929,0.000000,0.000000,0.000000,0.000000,0.000000,0.000000
1.400000,0.158574,1.010343,2.841426,-1.010343,2.041587,0.000000,0.000000,0.000000,0.000000,0.000000,0.000000
1.500000,0.169830,1.011280,2.830170,-1.011280,2.045373,0.000000,0.000000,0.000000,0.000000,0.000000,0.000000
1.600000,0.181075,1.012248,2.818925,-1.012248,2.049291,0.000000,0.000000,0.000000,0.000000,0.000000,0.000000
1.700000,0.192308,1.013249,2.807692,-1.013249,2.053348,0.000000,0.000000,0.000000,0.000000,0.000000,0.000000
1.800000,0.203528,1.014285,2.796472,-1.014285,2.057549,0.000000,0.000000,0.000000,0.000000,0.000000,0.000000
1.900000,0.214736,1.015357,2.785264,-1.015357,2.061899,0.000000,0.000000,0.000000,0.000000,0.000000,0.000000
2.000000,0.225931,1.016466,2.774069,-1.016466,2.066405,0.000000,0.000000,0.000000,0.000000,0.000000,0.000000
2.100000,0.237112,1.017613,2.762888,-1.017613,2.071073,0.000000,0.000000,0.000000,0.000000,0.000000,0.000000
2.200000,0.248279,1.018800,2.751721,-1.018800,2.075909,0.000000,0.000000,0.000000,0.000000,0.000000,0.000000
2.300000,0.259431,1.020029,2.740569,-1.020029,2.080920,0.000000,0.000000,0.000000,0.000000,0.000000,0.000000
2.400000,0.270568,1.021301,2.729432,-1.021301,2.086112,0.000000,0.000000,0.000000,0.000000,0.000000,0.000000
2.500000,0.281689,1.022618,2.718311,-1.022618,2.091494,0.000000,0.000000,0.000000,0.000000,0.000000,0.000000
2.600000,0.292794,1.023980,2.707206,-1.023980,2.097072,0.000000,0.000000,0.000000,0.000000,0.000000,0.000000
2.700000,0.303882,1.025391,2.696118,-1.025391,2.102854,0.000000,0.000000,0.000000,0.000000,0.000000,0.000000
2.800000,0.314951,1.026852,2.685049,-1.026852,2.108848,0.000000,0.000000,0.000000,0.000000,0.000000,0.000000
2.900000,0.326002,1.028363,2.673998,-1.028363,2.115063,0.000000,0.000000,0.000000,0.000000,0.000000,0.000000
3.000000,0.337034,1.029929,2.662966,-1.029929,2.121506,0.000000,0.000000,0.000000,0.000000,0.000000,0.000000
3.100000,0.348046,1.031549,2.651954,-1.031549,2.128187,0.000000,0.000000,0.000000,0.000000,0.000000,0.000000
3.200000,0.359036,1.033227,2.640964,-1.033227,2.135114,0.000000,0.000000,0.000000,0.000000,0.000000,0.000000
3.300000,0.370006,1.034963,2.629994,-1.034963,2.142297,0.000000,0.000000,0.000000,0.000000,0.000000,0.000000
3.400000,0.380952,1.036761,2.619048,-1.036761,2.149746,0.000000,0.000000,0.000000,0.000000,0.000000,0.000000
3.500000,0.391875,1.038622,2.608125,-1.038622,2.157469,0.000000,0.000000,0.000000,0.000000,0.000000,0.000000
3.600000,0.402773,1.040548,2.597227,-1.040548,2.165478,0.000000,0.000000,0.000000,0.000000,0.000000,0.000000
3.700000,0.413646,1.042541,2.586354,-1.042541,2.173783,0.000000,0.000000,0.000000,0.000000,0.000000,0.000000
3.800000,0.424493,1.044604,2.575507,-1.044604,2.182394,0.000000,0.000000,0.000000,0.000000,0.000000,0.000000
3.900000,0.435312,1.046738,2.564688,-1.046738,2.191322,0.000000,0.000000,0.000000,0.000000,0.000000,0.000000
4.000000,0.446103,1.048947,2.553897,-1.048947,2.200579,0.000000,0.000000,0.000000,0.000000,0.000000,0.000000
4.100000,0.456863,1.051232,2.543137,-1.051232,2.210176,0.000000,0.000000,0.000000,0.000000,0.000000,0.000000
4.200000,0.467593,1.053595,2.532407,-1.053595,2.220124,0.000000,0.000000,0.000000,0.000000,0.000000,0.000000
4.300000,0.478291,1.056039,2.521709,-1.056039,2.230435,0.000000,0.000000,0.000000,0.000000,0.000000,0.000000
4.400000,0.488955,1.058566,2.511045,-1.058566,2.241122,0.000000,0.000000,0.000000,0.000000,0.000000,0.000000
4.500000,0.499585,1.061178,2.500415,-1.061178,2.252198,0.000000,0.000000,0.000000,0.000000,0.000000,0.000000
4.600000,0.510179,1.063878,2.489821,-1.063878,2.263673,0.000000,0.000000,0.000000,0.000000,0.000000,0.000000
4.700000,0.520736,1.066668,2.479264,-1.066668,2.275562,0.000000,0.000000,0.000000,0.000000,0.000000,0.000000
4.800000,0.531253,1.069551,2.468747,-1.069551,2.287878,0.000000,0.000000,0.000000,0.000000,0.000000,0.000000
4.900000,0.541731,1.072528,2.458269,-1.072528,2.300633,0.000000,0.000000,0.000000,0.000000,0.000000,0.000000
5.000000,0.552167,1.075603,2.447833,-1.075603,2.313842,0.000000,0.000000,0.000000,0.000000,0.000000,0.000000
5.100000,0.562561,1.078776,2.437439,-1.078776,2.327517,0.000000,0.000000,0.000000,0.000000,0.000000,0.000000
5.200000,0.572909,1.082052,2.427091,-1.082052,2.341672,0.000000,0.000000,0.000000,0.000000,0.000000,0.000000
5.300000,0.583212,1.085431,2.416788,-1.085431,2.356321,0.000000,0.000000,0.000000,0.000000,0.000000,0.000000
5.400000,0.593467,1.088916,2.406533,-1.088916,2.371478,0.000000,0.000000,0.000000,0.000000,0.000000,0.000000
5.500000,0.603673,1.092510,2.396327,-1.092510,2.387157,0.000000,0.000000,0.000000,0.000000,0.000000,0.000000
5.600000,0.613827,1.096214,2.386173,-1.096214,2.403372,0.000000,0.000000,0.000000,0.000000,0.000000,0.000000
5.700000,0.623930,1.100031,2.376070,-1.100031,2.420137,0.000000,0.000000,0.000000,0.000000,0.000000,0.000000
5.800000,0.633979,1.103962,2.366021,-1.103962,2.437466,0.000000,0.000000,0.000000,0.000000,0.000000,0.000000
5.900000,0.643971,1.108010,2.356029,-1.108010,2.455374,0.000000,0.000000,0.000000,0.000000,0.000000,0.000000
6.000000,0.653907,1.112177,2.346093,-1.112177,2.473874,0.000000,0.000000,0.000000,0.000000,0.000000,0.000000
6.100000,0.663783,1.116464,2.336217,-1.116464,2.492982,0.000000,0.000000,0.000000,0.000000,0.000000,0.000000
6.200000,0.673599,1.120872,2.326401,-1.120872,2.512710,0.000000,0.000000,0.000000,0.000000,0.000000,0.000000
6.300000,0.683353,1.125405,2.316647,-1.125405,2.533073,0.000000,0.000000,0.000000,0.000000,0.000000,0.000000
6.400000,0.693042,1.130063,2.306958,-1.130063,2.554085,0.000000,0.000000,0.000000,0.000000,0.000000,0.000000
6.500000,0.702666,1.134848,2.297334,-1.134848,2.575760,0.000000,0.000000,0.000000,0.000000,0.000000,0.000000
6.600000,0.712223,1.139761,2.287777,-1.139761,2.598111,0.000000,0.000000,0.000000,0.000000,0.000000,0.000000
6.700000,0.721711,1.144804,2.278289,-1.144804,2.621152,0.000000,0.000000,0.000000,0.000000,0.000000,0.000000
6.800000,0.731129,1.149977,2.268871,-1.149977,2.644896,0.000000,0.000000,0.000000,0.000000,0.000000,0.000000
6.900000,0.740475,1.155283,2.259525,-1.155283,2.669357,0.000000,0.000000,0.000000,0.000000,0.000000,0.000000
7.000000,0.749748,1.160721,2.250252,-1.160721,2.694547,0.000000,0.000000,0.000000,0.000000,0.000000,0.000000
7.100000,0.758945,1.166293,2.241055,-1.166293,2.720479,0.000000,0.000000,0.000000,0.000000,0.000000,0.000000
7.200000,0.768066,1.172000,2.231934,-1.172000,2.747166,0.000000,0.000000,0.000000,0.000000,0.000000,0.000000
7.300000,0.777110,1.177841,2.222890,-1.177841,2.774620,0.000000,0.000000,0.000000,0.000000,0.000000,0.000000
7.400000,0.786074,1.183818,2.213926,-1.183818,2.802852,0.000000,0.000000,0.000000,0.000000,0.000000,0.000000
7.500000,0.794959,1.189932,2.205041,-1.189932,2.831874,0.000000,0.000000,0.000000,0.000000,0.000000,0.000000
7.600000,0.803761,1.196181,2.196239,-1.196181,2.861698,0.000000,0.000000,0.000000,0.000000,0.000000,0.000000
7.700000,0.812481,1.202567,2.187519,-1.202567,2.892333,0.000000,0.000000,0.000000,0.000000,0.000000,0.000000
7.800000,0.821116,1.209089,2.178884,-1.209089,2.923792,0.000000,0.000000,0.000000,0.000000,0.000000,0.000000
7.900000,0.829667,1.215747,2.170333,-1.215747,2.956083,0.000000,0.000000,0.000000,0.000000,0.000000,0.000000
8.000000,0.838131,1.222542,2.161869,-1.222542,2.989216,0.000000,0.000000,0.000000,0.000000,0.000000,0.000000
8.100000,0.846509,1.229472,2.153491,-1.229472,3.023202,0.000000,0.000000,0.000000,0.000000,0.000000,0.000000
8.200000,0.854798,1.236537,2.145202,-1.236537,3.058048,0.000000,0.000000,0.000000,0.000000,0.000000,0.000000
8.300000,0.862999,1.243737,2.137001,-1.243737,3.093763,0.000000,0.000000,0.000000,0.000000,0.000000,0.000000
8.400000,0.871110,1.251071,2.128890,-1.251071,3.130355,0.000000,0.000000,0.000000,0.000000,0.000000,0.000000
8.500000,0.879131,1.258537,2.120869,-1.258537,3.167832,0.000000,0.000000,0.000000,0.000000,0.000000,0.000000
8.600000,0.887061,1.266136,2.112939,-1.266136,3.206200,0.000000,0.000000,0.000000,0.000000,0.000000,0.000000
8.700000,0.894900,1.273866,2.105100,-1.273866,3.245467,0.000000,0.000000,0.000000,0.000000,0.000000,0.000000
8.800000,0.902647,1.281725,2.097353,-1.281725,3.285639,0.000000,0.000000,0.000000,0.000000,0.000000,0.000000
8.900000,0.910302,1.289713,2.089698,-1.289713,3.326720,0.000000,0.000000,0.000000,0.000000,0.000000,0.000000
9.000000,0.917864,1.297828,2.082136,-1.297828,3.368717,0.000000,0.000000,0.000000,0.000000,0.000000,0.000000
9.100000,0.925333,1.306069,2.074667,-1.306069,3.411634,0.000000,0.000000,0.000000,0.000000,0.000000,0.000000
9.200000,0.932710,1.314434,2.067290,-1.314434,3.455476,0.000000,0.000000,0.000000,0.000000,0.000000,0.000000
9.300000,0.939993,1.322922,2.060007,-1.322922,3.500245,0.000000,0.000000,0.000000,0.000000,0.000000,0.000000
9.400000,0.947183,1.331530,2.052817,-1.331530,3.545945,0.000000,0.000000,0.000000,0.000000,0.000000,0.000000
9.500000,0.954280,1.340257,2.045720,-1.340257,3.592579,0.000000,0.000000,0.000000,0.000000,0.000000,0.000000
9.600000,0.961283,1.349101,2.038717,-1.349101,3.640149,0.000000,0.000000,0.000000,0.000000,0.000000,0.000000
9.700000,0.968194,1.358061,2.031806,-1.358061,3.688657,0.000000,0.000000,0.000000,0.000000,0.000000,0.000000
9.800000,0.975011,1.367133,2.024989,-1.367133,3.738104,0.000000,0.000000,0.000000,0.000000,0.000000,0.000000
9.900000,0.981737,1.376316,2.018263,-1.376316,3.788490,0.000000,0.000000,0.000000,0.000000,0.000000,0.000000
10.000000,0.988369,1.385607,2.011631,-1.385607,3.839816,0.000000,0.000000,0.000000,0.000000,0.000000,0.000000
10.100000,0.994910,1.395006,2.005090,-1.395006,3.892081,0.000000,0.000000,0.000000,0.000000,0.000000,0.000000
10.200000,1.001360,1.404508,1.998640,-1.404508,3.945285,0.000000,0.000000,0.000000,0.000000,0.000000,0.000000
10.300000,1.007718,1.414112,1.992282,-1.414112,3.999427,0.000000,0.000000,0.000000,0.000000,0.000000,0.000000
10.400000,1.013986,1.423816,1.986014,-1.423816,4.054504,0.000000,0.000000,0.000000,0.000000,0.000000,0.000000
10.500000,1.020164,1.433617,1.979836,-1.433617,4.110515,0.000000,0.000000,0.000000,0.000000,0.000000,0.000000
10.600000,1.026253,1.443512,1.973747,-1.443512,4.167456,0.000000,0.000000,0.000000,0.000000,0.000000,0.000000
10.700000,1.032253,1.453500,1.967747,-1.453500,4.225324,0.000000,0.000000,0.000000,0.000000,0.000000,0.000000
10.800000,1.038165,1.463577,1.961835,-1.463577,4.284116,0.000000,0.000000,0.000000,0.000000,0.000000,0.000000
10.900000,1.043989,1.473741,1.956011,-1.473741,4.343828,0.000000,0.000000,0.000000,0.000000,0.000000,0.000000
11.000000,1.049727,1.483990,1.950273,-1.483990,4.404454,0.000000,0.000000,0.000000,0.000000,0.000000,0.000000
11.100000,1.055379,1.494321,1.944621,-1.494321,4.465990,0.000000,0.000000,0.000000,0.000000,0.000000,0.000000
11.200000,1.060946,1.504731,1.939054,-1.504731,4.528430,0.000000,0.000000,0.000000,0.000000,0.000000,0.000000
11.300000,1.066429,1.515217,1.933571,-1.515217,4.591768,0.000000,0.000000,0.000000,0.000000,0.000000,0.000000
11.400000,1.071828,1.525778,1.928172,-1.525778,4.655998,0.000000,0.000000,0.000000,0.000000,0.000000,0.000000
11.500000,1.077145,1.536410,1.922855,-1.536410,4.721112,0.000000,0.000000,0.000000,0.000000,0.000000,0.000000
11.600000,1.082381,1.547111,1.917619,-1.547111,4.787104,0.000000,0.000000,0.000000,0.000000,0.000000,0.000000
11.700000,1.087536,1.557878,1.912464,-1.557878,4.853966,0.000000,0.000000,0.000000,0.000000,0.000000,0.000000
11.800000,1.092611,1.568708,1.907389,-1.568708,4.921689,0.000000,0.000000,0.000000,0.000000,0.000000,0.000000
11.900000,1.097607,1.579599,1.902393,-1.579599,4.990264,0.000000,0.000000,0.000000,0.000000,0.000000,0.000000
12.000000,1.102526,1.590548,1.897474,-1.590548,5.059684,0.000000,0.000000,0.000000,0.000000,0.000000,0.000000
12.100000,1.107367,1.601552,1.892633,-1.601552,5.129937,0.000000,0.000000,0.000000,0.000000,0.000000,0.000000
12.200000,1.112133,1.612609,1.887867,-1.612609,5.201015,0.000000,0.000000,0.000000,0.000000,0.000000,0.000000
12.300000,1.116824,1.623716,1.883176,-1.623716,5.272906,0.000000,0.000000,0.000000,0.000000,0.000000,0.000000
12.400000,1.121441,1.634870,1.878559,-1.634870,5.345601,0.000000,0.000000,0.000000,0.000000,0.000000,0.000000
12.500000,1.125985,1.646069,1.874015,-1.646069,5.419089,0.000000,0.000000,0.000000,0.000000,0.000000,0.000000
12.600000,1.130458,1.657311,1.869542,-1.657311,5.493357,0.000000,0.000000,0.000000,0.000000,0.000000,0.000000
12.700000,1.134859,1.668591,1.865141,-1.668591,5.568394,0.000000,0.000000,0.000000,0.000000,0.000000,0.000000
12.800000,1.139191,1.679909,1.860809,-1.679909,5.644188,0.000000,0.000000,0.000000,0.000000,0.000000,0.000000
12.900000,1.143454,1.691261,1.856546,-1.691261,5.720725,0.000000,0.000000,0.000000,0.000000,0.000000,0.000000
13.000000,1.147648,1.702644,1.852352,-1.702644,5.797995,0.000000,0.000000,0.000000,0.000000,0.000000,0.000000
13.100000,1.151777,1.714057,1.848223,-1.714057,5.875982,0.000000,0.000000,0.000000,0.000000,0.000000,0.000000
13.200000,1.155839,1.725496,1.844161,-1.725496,5.954673,0.000000,0.000000,0.000000,0.000000,0.000000,0.000000
13.300000,1.159836,1.736959,1.840164,-1.736959,6.034055,0.000000,0.000000,0.000000,0.000000,0.000000,0.000000
13.400000,1.163769,1.748444,1.836231,-1.748444,6.114113,0.000000,0.000000,0.000000,0.000000,0.000000,0.000000
13.500000,1.167640,1.759948,1.832360,-1.759948,6.194832,0.000000,0.000000,0.000000,0.000000,0.000000,0.000000
13.600000,1.171449,1.771468,1.828551,-1.771468,6.276197,0.000000,0.000000,0.000000,0.000000,0.000000,0.000000
13.700000,1.175196,1.783002,1.824804,-1.783002,6.358194,0.000000,0.000000,0.000000,0.000000,0.000000,0.000000
13.800000,1.178884,1.794548,1.821116,-1.794548,6.440806,0.000000,0.000000,0.000000,0.000000,0.000000,0.000000
13.900000,1.182513,1.806103,1.817487,-1.806103,6.524017,0.000000,0.000000,0.000000,0.000000,0.000000,0.000000
14.000000,1.186083,1.817665,1.813917,-1.817665,6.607812,0.000000,0.000000,0.000000,0.000000,0.000000,0.000000
14.100000,1.189597,1.829231,1.810403,-1.829231,6.692173,0.000000,0.000000,0.000000,0.000000,0.000000,0.000000
14.200000,1.193054,1.840799,1.806946,-1.840799,6.777085,0.000000,0.000000,0.000000,0.000000,0.000000,0.000000
14.300000,1.196456,1.852367,1.803544,-1.852367,6.862529,0.000000,0.000000,0.000000,0.000000,0.000000,0.000000
14.400000,1.199804,1.863933,1.800196,-1.863933,6.948490,0.000000,0.000000,0.000000,0.000000,0.000000,0.000000
14.500000,1.203098,1.875493,1.796902,-1.875493,7.034948,0.000000,0.000000,0.000000,0.000000,0.000000,0.000000
14.600000,1.206339,1.887046,1.793661,-1.887046,7.121887,0.000000,0.000000,0.000000,0.000000,0.000000,0.000000
14.700000,1.209529,1.898590,1.790471,-1.898590,7.209288,0.000000,0.000000,0.000000,0.000000,0.000000,0.000000
14.800000,1.212668,1.910122,1.787332,-1.910122,7.297132,0.000000,0.000000,0.000000,0.000000,0.000000,0.000000
14.900000,1.215757,1.921640,1.784243,-1.921640,7.385402,0.000000,0.000000,0.000000,0.000000,0.000000,0.000000
15.000000,1.218797,1.933142,1.781203,-1.933142,7.474078,0.000000,0.000000,0.000000,0.000000,0.000000,0.000000
15.100000,1.221788,1.944626,1.778212,-1.944626,7.563142,0.000000,0.000000,0.000000,0.000000,0.000000,0.000000
15.200000,1.224732,1.956090,1.775268,-1.956090,7.652575,0.000000,0.000000,0.000000,0.000000,0.000000,0.000000
15.300000,1.227629,1.967531,1.772371,-1.967531,7.742356,0.000000,0.000000,0.000000,0.000000,0.000000,0.000000
15.400000,1.230480,1.978947,1.769520,-1.978947,7.832466,0.000000,0.000000,0.000000,0.000000,0.000000,0.000000
15.500000,1.233287,1.990337,1.766713,-1.990337,7.922885,0.000000,0.000000,0.000000,0.000000,0.000000,0.000000
15.600000,1.236049,2.001699,1.763951,-2.001699,8.013595,0.000000,0.000000,0.000000,0.000000,0.000000,0.000000
15.700000,1.238767,2.013029,1.761233,-2.013029,8.104574,0.000000,0.000000,0.000000,0.000000,0.000000,0.000000
15.800000,1.241442,2.024327,1.758558,-2.024327,8.195802,0.000000,0.000000,0.000000,0.000000,0.000000,0.000000
15.900000,1.244075,2.035591,1.755925,-2.035591,8.287259,0.000000,0.000000,0.000000,0.000000,0.000000,0.000000
16.000000,1.246667,2.046818,1.753333,-2.046818,8.378924,0.000000,0.000000,0.000000,0.000000,0.000000,0.000000
16.100000,1.249219,2.058006,1.750781,-2.058006,8.470776,0.000000,0.000000,0.000000,0.000000,0.000000,0.000000
16.200000,1.251730,2.069154,1.748270,-2.069154,8.562796,0.000000,0.000000,0.000000,0.000000,0.000000,0.000000
16.300000,1.254202,2.080260,1.745798,-2.080260,8.654960,0.000000,0.000000,0.000000,0.000000,0.000000,0.000000
16.400000,1.256635,2.091321,1.743365,-2.091321,8.747250,0.000000,0.000000,0.000000,0.000000,0.000000,0.000000
16.500000,1.259031,2.102337,1.740969,-2.102337,8.839643,0.000000,0.000000,0.000000,0.000000,0.000000,0.000000
16.600000,1.261389,2.113305,1.738611,-2.113305,8.932118,0.000000,0.000000,0.000000,0.000000,0.000000,0.000000
16.700000,1.263711,2.124224,1.736289,-2.124224,9.024655,0.000000,0.000000,0.000000,0.000000,0.000000,0.000000
16.800000,1.265996,2.135091,1.734004,-2.135091,9.117231,0.000000,0.000000,0.000000,0.000000,0.000000,0.000000
16.900000,1.268247,2.145906,1.731753,-2.145906,9.209825,0.000000,0.000000,0.000000,0.000000,0.000000,0.000000
17.000000,1.270462,2.156666,1.729538,-2.156666,9.302415,0.000000,0.000000,0.000000,0.000000,0.000000,0.000000
17.100000,1.272644,2.167369,1.727356,-2.167369,9.394981,0.000000,0.000000,0.000000,0.000000,0.000000,0.000000
17.200000,1.274791,2.178015,1.725209,-2.178015,9.487500,0.000000,0.000000,0.000000,0.000000,0.000000,0.000000
17.300000,1.276906,2.188601,1.723094,-2.188601,9.579952,0.000000,0.000000,0.000000,0.000000,0.000000,0.000000
17.400000,1.278989,2.199126,1.721011,-2.199126,9.672314,0.000000,0.000000,0.000000,0.000000,0.000000,0.000000
17.500000,1.281039,2.209589,1.718961,-2.209589,9.764565,0.000000,0.000000,0.000000,0.000000,0.000000,0.000000
17.600000,1.283058,2.219987,1.716942,-2.219987,9.856682,0.000000,0.000000,0.000000,0.000000,0.000000,0.000000
17.700000,1.285047,2.230319,1.714953,-2.230319,9.948644,0.000000,0.000000,0.000000,0.000000,0.000000,0.000000
17.800000,1.287005,2.240584,1.712995,-2.240584,10.040431,0.000000,0.000000,0.000000,0.000000,0.000000,0.000000
17.900000,1.288934,2.250780,1.711066,-2.250780,10.132020,0.000000,0.000000,0.000000,0.000000,0.000000,0.000000
18.000000,1.290833,2.260906,1.709167,-2.260906,10.223391,0.000000,0.000000,0.000000,0.000000,0.000000,0.000000
18.100000,1.292703,2.270960,1.707297,-2.270960,10.314519,0.000000,0.000000,0.000000,0.000000,0.000000,0.000000
18.200000,1.294546,2.280941,1.705454,-2.280941,10.405385,0.000000,0.000000,0.000000,0.000000,0.000000,0.000000
18.300000,1.296360,2.290848,1.703640,-2.290848,10.495968,0.000000,0.000000,0.000000,0.000000,0.000000,0.000000
18.400000,1.298148,2.300679,1.701852,-2.300679,10.586248,0.000000,0.000000,0.000000,0.000000,0.000000,0.000000
18.500000,1.299908,2.310433,1.700092,-2.310433,10.676199,0.000000,0.000000,0.000000,0.000000,0.000000,0.000000
18.600000,1.301643,2.320108,1.698357,-2.320108,10.765803,0.000000,0.000000,0.000000,0.000000,0.000000,0.000000
18.700000,1.303351,2.329704,1.696649,-2.329704,10.855040,0.000000,0.000000,0.000000,0.000000,0.000000,0.000000
18.800000,1.305034,2.339219,1.694966,-2.339219,10.943887,0.000000,0.000000,0.000000,0.000000,0.000000,0.000000
18.900000,1.306692,2.348651,1.693308,-2.348651,11.032323,0.000000,0.000000,0.000000,0.000000,0.000000,0.000000
19.000000,1.308325,2.358000,1.691675,-2.358000,11.120329,0.000000,0.000000,0.000000,0.000000,0.000000,0.000000
19.100000,1.309934,2.367265,1.690066,-2.367265,11.207885,0.000000,0.000000,0.000000,0.000000,0.000000,0.000000
19.200000,1.311520,2.376443,1.688480,-2.376443,11.294965,0.000000,0.000000,0.000000,0.000000,0.000000,0.000000
19.300000,1.313082,2.385535,1.686918,-2.385535,11.381557,0.000000,0.000000,0.000000,0.000000,0.000000,0.000000
19.400000,1.314621,2.394539,1.685379,-2.394539,11.467635,0.000000,0.000000,0.000000,0.000000,0.000000,0.000000
19.500000,1.316137,2.403454,1.683863,-2.403454,11.553179,0.000000,0.000000,0.000000,0.000000,0.000000,0.000000
19.600000,1.317632,2.412278,1.682368,-2.412278,11.638174,0.000000,0.000000,0.000000,0.000000,0.000000,0.000000
19.700000,1.319104,2.421012,1.680896,-2.421012,11.722594,0.000000,0.000000,0.000000,0.000000,0.000000,0.000000
19.800000,1.320555,2.429653,1.679445,-2.429653,11.806425,0.000000,0.000000,0.000000,0.000000,0.000000,0.000000
19.900000,1.321985,2.438201,1.678015,-2.438201,11.889645,0.000000,0.000000,0.000000,0.000000,0.000000,0.000000
20.000000,1.323394,2.446654,1.676606,-2.446654,11.972233,0.000000,0.000000,0.000000,0.000000,0.000000,0.000000
20.100000,1.324782,2.455013,1.675218,-2.455013,12.054176,0.000000,0.000000,0.000000,0.000000,0.000000,0.000000
20.200000,1.326151,2.463275,1.673849,-2.463275,12.135448,0.000000,0.000000,0.000000,0.000000,0.000000,0.000000
20.300000,1.327500,2.471441,1.672500,-2.471441,12.216038,0.000000,0.000000,0.000000,0.000000,0.000000,0.000000
20.400000,1.328829,2.479508,1.671171,-2.479508,12.295920,0.000000,0.000000,0.000000,0.000000,0.000000,0.000000
20.500000,1.330139,2.487477,1.669861,-2.487477,12.375084,0.000000,0.000000,0.000000,0.000000,0.000000,0.000000
20.600000,1.331431,2.495346,1.668569,-2.495346,12.453505,0.000000,0.000000,0.000000,0.000000,0.000000,0.000000
20.700000,1.332704,2.503115,1.667296,-2.503115,12.531171,0.000000,0.000000,0.000000,0.000000,0.000000,0.000000
20.800000,1.333959,2.510783,1.666041,-2.510783,12.608061,0.000000,0.000000,0.000000,0.000000,0.000000,0.000000
20.900000,1.335195,2.518349,1.664805,-2.518349,12.684161,0.000000,0.000000,0.000000,0.000000,0.000000,0.000000
21.000000,1.336415,2.525812,1.663585,-2.525812,12.759451,0.000000,0.000000,0.000000,0.000000,0.000000,0.000000
21.100000,1.337617,2.533172,1.662383,-2.533172,12.833917,0.000000,0.000000,0.000000,0.000000,0.000000,0.000000
21.200000,1.338802,2.540427,1.661198,-2.540427,12.907541,0.000000,0.000000,0.000000,0.000000,0.000000,0.000000
21.300000,1.339970,2.547578,1.660030,-2.547578,12.980310,0.000000,0.000000,0.000000,0.000000,0.000000,0.000000
21.400000,1.341121,2.554624,1.658879,-2.554624,13.052204,0.000000,0.000000,0.000000,0.000000,0.000000,0.000000
21.500000,1.342257,2.561563,1.657743,-2.561563,13.123212,0.000000,0.000000,0.000000,0.000000,0.000000,0.000000
21.600000,1.343376,2.568396,1.656624,-2.568396,13.193314,0.000000,0.000000,0.000000,0.000000,0.000000,0.000000
21.700000,1.344480,2.575122,1.655520,-2.575122,13.262502,0.000000,0.000000,0.000000,0.000000,0.000000,0.000000
21.800000,1.345568,2.581739,1.654432,-2.581739,13.330753,0.000000,0.000000,0.000000,0.000000,0.000000,0.000000
21.900000,1.346641,2.588249,1.653359,-2.588249,13.398062,0.000000,0.000000,0.000000,0.000000,0.000000,0.000000
22.000000,1.347699,2.594649,1.652301,-2.594649,13.464405,0.000000,0.000000,0.000000,0.000000,0.000000,0.000000
22.100000,1.348743,2.600940,1.651257,-2.600940,13.529779,0.000000,0.000000,0.000000,0.000000,0.000000,0.000000
22.200000,1.349772,2.607121,1.650228,-2.607121,13.594163,0.000000,0.000000,0.000000,0.000000,0.000000,0.000000
22.300000,1.350786,2.613192,1.649214,-2.613192,13.657545,0.000000,0.000000,0.000000,0.000000,0.000000,0.000000
22.399999,1.351787,2.619152,1.648213,-2.619152,13.719919,0.000000,0.000000,0.000000,0.000000,0.000000,0.000000
22.499999,1.352773,2.625001,1.647227,-2.625001,13.781261,0.000000,0.000000,0.000000,0.000000,0.000000,0.000000
22.599999,1.353746,2.630739,1.646254,-2.630739,13.841572,0.000000,0.000000,0.000000,0.000000,0.000000,0.000000
22.699999,1.354706,2.636364,1.645294,-2.636364,13.900831,0.000000,0.000000,0.000000,0.000000,0.000000,0.000000
22.799999,1.355652,2.641877,1.644348,-2.641877,13.959028,0.000000,0.000000,0.000000,0.000000,0.000000,0.000000
22.899999,1.356585,2.647278,1.643415,-2.647278,14.016159,0.000000,0.000000,0.000000,0.000000,0.000000,0.000000
22.999999,1.357506,2.652565,1.642494,-2.652565,14.072202,0.000000,0.000000,0.000000,0.000000,0.000000,0.000000
23.099999,1.358414,2.657739,1.641586,-2.657739,14.127157,0.000000,0.000000,0.000000,0.000000,0.000000,0.000000
23.199999,1.359309,2.662800,1.640691,-2.662800,14.181010,0.000000,0.000000,0.000000,0.000000,0.000000,0.000000
23.299999,1.360193,2.667747,1.639807,-2.667747,14.233747,0.000000,0.000000,0.000000,0.000000,0.000000,0.000000
23.399999,1.361064,2.672580,1.638936,-2.672580,14.285369,0.000000,0.000000,0.000000,0.000000,0.000000,0.000000
23.499999,1.361923,2.677299,1.638077,-2.677299,14.335857,0.000000,0.000000,0.000000,0.000000,0.000000,0.000000
23.599999,1.362771,2.681903,1.637229,-2.681903,14.385205,0.000000,0.000000,0.000000,0.000000,0.000000,0.000000
23.699999,1.363607,2.686393,1.636393,-2.686393,14.433411,0.000000,0.000000,0.000000,0.000000,0.000000,0.000000
23.799999,1.364432,2.690768,1.635568,-2.690768,14.480460,0.000000,0.000000,0.000000,0.000000,0.000000,0.000000
23.899999,1.365246,2.695027,1.634754,-2.695027,14.526345,0.000000,0.000000,0.000000,0.000000,0.000000,0.000000
23.999999,1.366048,2.699173,1.633952,-2.699173,14.571066,0.000000,0.000000,0.000000,0.000000,0.000000,0.000000
24.099999,1.366840,2.703202,1.633160,-2.703202,14.614606,0.000000,0.000000,0.000000,0.000000,0.000000,0.000000
24.199999,1.367622,2.707117,1.632378,-2.707117,14.656962,0.000000,0.000000,0.000000,0.000000,0.000000,0.000000
24.299999,1.368392,2.710916,1.631608,-2.710916,14.698135,0.000000,0.000000,0.000000,0.000000,0.000000,0.000000
24.399999,1.369152,2.714600,1.630848,-2.714600,14.738110,0.000000,0.000000,0.000000,0.000000,0.000000,0.000000
24.499999,1.369903,2.718169,1.630097,-2.718169,14.776883,0.000000,0.000000,0.000000,0.000000,0.000000,0.000000
24.599999,1.370643,2.721622,1.629357,-2.721622,14.814457,0.000000,0.000000,0.000000,0.000000,0.000000,0.000000
24.699999,1.371373,2.724961,1.628627,-2.724961,14.850820,0.000000,0.000000,0.000000,0.000000,0.000000,0.000000
24.799999,1.372093,2.728183,1.627907,-2.728183,14.885964,0.000000,0.000000,0.000000,0.000000,0.000000,0.000000
24.899999,1.372804,2.731290,1.627196,-2.731290,14.919892,0.000000,0.000000,0.000000,0.000000,0.000000,0.000000
24.999999,1.373505,2.734283,1.626495,-2.734283,14.952602,0.000000,0.000000,0.000000,0.000000,0.000000,0.000000
25.099999,1.374197,2.737159,1.625803,-2.737159,14.984082,0.000000,0.000000,0.000000,0.000000,0.000000,0.000000
25.199999,1.374880,2.739921,1.625120,-2.739921,15.014334,0.000000,0.000000,0.000000,0.000000,0.000000,0.000000
25.299999,1.375553,2.742568,1.624447,-2.742568,15.043359,0.000000,0.000000,0.000000,0.000000,0.000000,0.000000
25.399999,1.376218,2.745100,1.623782,-2.745100,15.071152,0.000000,0.000000,0.000000,0.000000,0.000000,0.000000
25.499999,1.376874,2.747518,1.623126,-2.747518,15.097705,0.000000,0.000000,0.000000,0.000000,0.000000,0.000000
25.599999,1.377521,2.749820,1.622479,-2.749820,15.123023,0.000000,0.000000,0.000000,0.000000,0.000000,0.000000
25.699999,1.378159,2.752009,1.621841,-2.752009,15.147107,0.000000,0.000000,0.000000,0.000000,0.000000,0.000000
25.799999,1.378789,2.754083,1.621211,-2.754083,15.169950,0.000000,0.000000,0.000000,0.000000,0.000000,0.000000
25.899999,1.379411,2.756043,1.620589,-2.756043,15.191549,0.000000,0.000000,0.000000,0.000000,0.000000,0.000000
25.999999,1.380024,2.757890,1.619976,-2.757890,15.211911,0.000000,0.000000,0.000000,0.000000,0.000000,0.000000
26.099999,1.380630,2.759623,1.619370,-2.759623,15.231038,0.000000,0.000000,0.000000,0.000000,0.000000,0.000000
26.199999,1.381227,2.761243,1.618773,-2.761243,15.248922,0.000000,0.000000,0.000000,0.000000,0.000000,0.000000
26.299999,1.381816,2.762749,1.618184,-2.762749,15.265565,0.000000,0.000000,0.000000,0.000000,0.000000,0.000000
26.399999,1.382398,2.764143,1.617602,-2.764143,15.280973,0.000000,0.000000,0.000000,0.000000,0.000000,0.000000
26.499999,1.382972,2.765425,1.617028,-2.765425,15.295149,0.000000,0.000000,0.000000,0.000000,0.000000,0.000000
26.599999,1.383538,2.766594,1.616462,-2.766594,15.308088,0.000000,0.000000,0.000000,0.000000,0.000000,0.000000
26.699999,1.384097,2.767652,1.615903,-2.767652,15.319790,0.000000,0.000000,0.000000,0.000000,0.000000,0.000000
26.799999,1.384649,2.768597,1.615351,-2.768597,15.330262,0.000000,0.000000,0.000000,0.000000,0.000000,0.000000
26.899999,1.385193,2.769432,1.614807,-2.769432,15.339510,0.000000,0.000000,0.000000,0.000000,0.000000,0.000000
26.999999,1.385730,2.770157,1.614270,-2.770157,15.347535,0.000000,0.000000,0.000000,0.000000,0.000000,0.000000
27.099999,1.386261,2.770770,1.613739,-2.770770,15.354333,0.000000,0.000000,0.000000,0.000000,0.000000,0.000000
27.199999,1.386784,2.771273,1.613216,-2.771273,15.359911,0.000000,0.000000,0.000000,0.000000,0.000000,0.000000
27.299999,1.387300,2.771667,1.612700,-2.771667,15.364277,0.000000,0.000000,0.000000,0.000000,0.000000,0.000000
27.399999,1.387809,2.771952,1.612191,-2.771952,15.367436,0.000000,0.000000,0.000000,0.000000,0.000000,0.000000
27.499999,1.388312,2.772128,1.611688,-2.772128,15.369388,0.000000,0.000000,0.000000,0.000000,0.000000,0.000000
27.599999,1.388808,2.772195,1.611192,-2.772195,15.370134,0.000000,0.000000,0.000000,0.000000,0.000000,0.000000
27.699999,1.389298,2.772155,1.610702,-2.772155,15.369683,0.000000,0.000000,0.000000,0.000000,0.000000,0.000000
27.799999,1.389781,2.772007,1.610219,-2.772007,15.368043,0.000000,0.000000,0.000000,0.000000,0.000000,0.000000
27.899999,1.390258,2.771752,1.609742,-2.771752,15.365220,0.000000,0.000000,0.000000,0.000000,0.000000,0.000000
27.999999,1.390728,2.771391,1.609272,-2.771391,15.361214,0.000000,0.000000,0.000000,0.000000,0.000000,0.000000
28.099999,1.391192,2.770923,1.608808,-2.770923,15.356030,0.000000,0.000000,0.000000,0.000000,0.000000,0.000000
28.199999,1.391651,2.770350,1.608349,-2.770350,15.349676,0.000000,0.000000,0.000000,0.000000,0.000000,0.000000
28.299999,1.392103,2.769672,1.607897,-2.769672,15.342161,0.000000,0.000000,0.000000,0.000000,0.000000,0.000000
28.399999,1.392549,2.768889,1.607451,-2.768889,15.333493,0.000000,0.000000,0.000000,0.000000,0.000000,0.000000
28.499999,1.392989,2.768003,1.607011,-2.768003,15.323678,0.000000,0.000000,0.000000,0.000000,0.000000,0.000000
28.599999,1.393424,2.767013,1.606576,-2.767013,15.312718,0.000000,0.000000,0.000000,0.000000,0.000000,0.000000
28.699999,1.393853,2.765919,1.606147,-2.765919,15.300621,0.000000,0.000000,0.000000,0.000000,0.000000,0.000000
28.799999,1.394276,2.764724,1.605724,-2.764724,15.287397,0.000000,0.000000,0.000000,0.000000,0.000000,0.000000
28.899999,1.394693,2.763427,1.605307,-2.763427,15.273057,0.000000,0.000000,0.000000,0.000000,0.000000,0.000000
28.999999,1.395105,2.762029,1.604895,-2.762029,15.257609,0.000000,0.000000,0.000000,0.000000,0.000000,0.000000
29.099999,1.395512,2.760531,1.604488,-2.760531,15.241058,0.000000,0.000000,0.000000,0.000000,0.000000,0.000000
29.199999,1.395913,2.758932,1.604087,-2.758932,15.223409,0.000000,0.000000,0.000000,0.000000,0.000000,0.000000
29.299999,1.396309,2.757234,1.603691,-2.757234,15.204673,0.000000,0.000000,0.000000,0.000000,0.000000,0.000000
29.399999,1.396700,2.755437,1.603300,-2.755437,15.184861,0.000000,0.000000,0.000000,0.000000,0.000000,0.000000
29.499999,1.397085,2.753542,1.602915,-2.753542,15.163982,0.000000,0.000000,0.000000,0.000000,0.000000,0.000000
29.599999,1.397465,2.751549,1.602535,-2.751549,15.142048,0.000000,0.000000,0.000000,0.000000,0.000000,0.000000
29.699999,1.397840,2.749460,1.602160,-2.749460,15.119064,0.000000,0.000000,0.000000,0.000000,0.000000,0.000000
29.799999,1.398211,2.747275,1.601789,-2.747275,15.095037,0.000000,0.000000,0.000000,0.000000,0.000000,0.000000
29.899999,1.398576,2.744993,1.601424,-2.744993,15.069978,0.000000,0.000000,0.000000,0.000000,0.000000,0.000000
29.999999,1.398936,2.742617,1.601064,-2.742617,15.043898,0.000000,0.000000,0.000000,0.000000,0.000000,0.000000
30.099999,1.399292,2.740147,1.600708,-2.740147,15.016808,0.000000,0.000000,0.000000,0.000000,0.000000,0.000000
30.199999,1.399643,2.737583,1.600357,-2.737583,14.988720,0.000000,0.000000,0.000000,0.000000,0.000000,0.000000
30.299999,1.399989,2.734926,1.600011,-2.734926,14.959646,0.000000,0.000000,0.000000,0.000000,0.000000,0.000000
30.399999,1.400330,2.732178,1.599670,-2.732178,14.929591,0.000000,0.000000,0.000000,0.000000,0.000000,0.000000
30.499999,1.400667,2.729337,1.599333,-2.729337,14.898565,0.000000,0.000000,0.000000,0.000000,0.000000,0.000000
30.599999,1.400999,2.726406,1.599001,-2.726406,14.866579,0.000000,0.000000,0.000000,0.000000,0.000000,0.000000
30.699999,1.401327,2.723384,1.598673,-2.723384,14.833646,0.000000,0.000000,0.000000,0.000000,0.000000,0.000000
30.799999,1.401651,2.720274,1.598349,-2.720274,14.799778,0.000000,0.000000,0.000000,0.000000,0.000000,0.000000
30.899999,1.401970,2.717074,1.598030,-2.717074,14.764986,0.000000,0.000000,0.000000,0.000000,0.000000,0.000000
30.999999,1.402284,2.713787,1.597716,-2.713787,14.729283,0.000000,0.000000,0.000000,0.000000,0.000000,0.000000
31.099999,1.402594,2.710413,1.597406,-2.710413,14.692680,0.000000,0.000000,0.000000,0.000000,0.000000,0.000000
31.199999,1.402900,2.706953,1.597100,-2.706953,14.655184,0.000000,0.000000,0.000000,0.000000,0.000000,0.000000
31.299999,1.403202,2.703406,1.596798,-2.703406,14.616807,0.000000,0.000000,0.000000,0.000000,0.000000,0.000000
31.399999,1.403500,2.699774,1.596500,-2.699774,14.577561,0.000000,0.000000,0.000000,0.000000,0.000000,0.000000
31.499999,1.403794,2.696058,1.596206,-2.696058,14.537460,0.000000,0.000000,0.000000,0.000000,0.000000,0.000000
31.599999,1.404084,2.692259,1.595916,-2.692259,14.496515,0.000000,0.000000,0.000000,0.000000,0.000000,0.000000
31.699999,1.404369,2.688377,1.595631,-2.688377,14.454740,0.000000,0.000000,0.000000,0.000000,0.000000,0.000000
31.799999,1.404651,2.684413,1.595349,-2.684413,14.412147,0.000000,0.000000,0.000000,0.000000,0.000000,0.000000
31.899999,1.404928,2.680368,1.595072,-2.680368,14.368748,0.000000,0.000000,0.000000,0.000000,0.000000,0.000000
31.999999,1.405202,2.676243,1.594798,-2.676243,14.324553,0.000000,0.000000,0.000000,0.000000,0.000000,0.000000
32.099999,1.405472,2.672038,1.594528,-2.672038,14.279571,0.000000,0.000000,0.000000,0.000000,0.000000,0.000000
32.199999,1.405738,2.667754,1.594262,-2.667754,14.233817,0.000000,0.000000,0.000000,0.000000,0.000000,0.000000
32.299999,1.406001,2.663391,1.593999,-2.663391,14.187304,0.000000,0.000000,0.000000,0.000000,0.000000,0.000000
32.399999,1.406260,2.658951,1.593740,-2.658951,14.140044,0.000000,0.000000,0.000000,0.000000,0.000000,0.000000
32.499999,1.406515,2.654435,1.593485,-2.654435,14.092051,0.000000,0.000000,0.000000,0.000000,0.000000,0.000000
32.599999,1.406766,2.649843,1.593234,-2.649843,14.043337,0.000000,0.000000,0.000000,0.000000,0.000000,0.000000
32.699999,1.407014,2.645176,1.592986,-2.645176,13.993916,0.000000,0.000000,0.000000,0.000000,0.000000,0.000000
32.799999,1.407258,2.640436,1.592742,-2.640436,13.943801,0.000000,0.000000,0.000000,0.000000,0.000000,0.000000
32.899999,1.407499,2.635622,1.592501,-2.635622,13.893002,0.000000,0.000000,0.000000,0.000000,0.000000,0.000000
32.999999,1.407736,2.630735,1.592264,-2.630735,13.841530,0.000000,0.000000,0.000000,0.000000,0.000000,0.000000
33.099999,1.407970,2.625776,1.592030,-2.625776,13.789398,0.000000,0.000000,0.000000,0.000000,0.000000,0.000000
33.199999,1.408201,2.620746,1.591799,-2.620746,13.736619,0.000000,0.000000,0.000000,0.000000,0.000000,0.000000
33.299999,1.408428,2.615646,1.591572,-2.615646,13.683207,0.000000,0.000000,0.000000,0.000000,0.000000,0.000000
33.399999,1.408652,2.610476,1.591348,-2.610476,13.629174,0.000000,0.000000,0.000000,0.000000,0.000000,0.000000
33.499999,1.408872,2.605238,1.591128,-2.605238,13.574533,0.000000,0.000000,0.000000,0.000000,0.000000,0.000000
33.599999,1.409089,2.599932,1.590911,-2.599932,13.519298,0.000000,0.000000,0.000000,0.000000,0.000000,0.000000
33.699999,1.409303,2.594560,1.590697,-2.594560,13.463482,0.000000,0.000000,0.000000,0.000000,0.000000,0.000000
33.799999,1.409514,2.589121,1.590486,-2.589121,13.407097,0.000000,0.000000,0.000000,0.000000,0.000000,0.000000
33.899999,1.409721,2.583617,1.590279,-2.583617,13.350157,0.000000,0.000000,0.000000,0.000000,0.000000,0.000000
33.999999,1.409926,2.578049,1.590074,-2.578049,13.292673,0.000000,0.000000,0.000000,0.000000,0.000000,0.000000
34.099999,1.410127,2.572417,1.589873,-2.572417,13.234655,0.000000,0.000000,0.000000,0.000000,0.000000,0.000000
34.199999,1.410325,2.566721,1.589675,-2.566721,13.176117,0.000000,0.000000,0.000000,0.000000,0.000000,0.000000
34.299999,1.410520,2.560964,1.589480,-2.560964,13.117071,0.000000,0.000000,0.000000,0.000000,0.000000,0.000000
34.399999,1.410712,2.555145,1.589288,-2.555145,13.057531,0.000000,0.000000,0.000000,0.000000,0.000000,0.000000
34.499999,1.410902,2.549265,1.589098,-2.549265,12.997509,0.000000,0.000000,0.000000,0.000000,0.000000,0.000000
34.599999,1.411088,2.543326,1.588912,-2.543326,12.937018,0.000000,0.000000,0.000000,0.000000,0.000000,0.000000
34.699999,1.411271,2.537328,1.588729,-2.537328,12.876070,0.000000,0.000000,0.000000,0.000000,0.000000,0.000000
34.799999,1.411452,2.531272,1.588548,-2.531272,12.814679,0.000000,0.000000,0.000000,0.000000,0.000000,0.000000
34.899999,1.411629,2.525159,1.588371,-2.525159,12.752857,0.000000,0.000000,0.000000,0.000000,0.000000,0.000000
34.999999,1.411804,2.518990,1.588196,-2.518990,12.690617,0.000000,0.000000,0.000000,0.000000,0.000000,0.000000
35.099999,1.411975,2.512764,1.588025,-2.512764,12.627971,0.000000,0.000000,0.000000,0.000000,0.000000,0.000000
35.199999,1.412144,2.506485,1.587856,-2.506485,12.564931,0.000000,0.000000,0.000000,0.000000,0.000000,0.000000
35.299999,1.412310,2.500151,1.587690,-2.500151,12.501509,0.000000,0.000000,0.000000,0.000000,0.000000,0.000000
35.399999,1.412474,2.493764,1.587526,-2.493764,12.437715,0.000000,0.000000,0.000000,0.000000,0.000000,0.000000
35.499999,1.412634,2.487324,1.587366,-2.487324,12.373561,0.000000,0.000000,0.000000,0.000000,0.000000,0.000000
35.599999,1.412792,2.480833,1.587208,-2.480833,12.309061,0.000000,0.000000,0.000000,0.000000,0.000000,0.000000
35.699999,1.412948,2.474290,1.587052,-2.474290,12.244225,0.000000,0.000000,0.000000,0.000000,0.000000,0.000000
35.799999,1.413100,2.467698,1.586900,-2.467698,12.179066,0.000000,0.000000,0.000000,0.000000,0.000000,0.000000
35.899999,1.413251,2.461056,1.586749,-2.461056,12.113595,0.000000,0.000000,0.000000,0.000000,0.000000,0.000000
35.999999,1.413398,2.454366,1.586602,-2.454366,12.047825,0.000000,0.000000,0.000000,0.000000,0.000000,0.000000
36.099999,1.413543,2.447628,1.586457,-2.447628,11.981768,0.000000,0.000000,0.000000,0.000000,0.000000,0.000000
36.199999,1.413685,2.440844,1.586315,-2.440844,11.915434,0.000000,0.000000,0.000000,0.000000,0.000000,0.000000
36.299999,1.413825,2.434013,1.586175,-2.434013,11.848836,0.000000,0.000000,0.000000,0.000000,0.000000,0.000000
36.399999,1.413963,2.427137,1.586037,-2.427137,11.781986,0.000000,0.000000,0.000000,0.000000,0.000000,0.000000
36.499999,1.414097,2.420216,1.585903,-2.420216,11.714894,0.000000,0.000000,0.000000,0.000000,0.000000,0.000000
36.599999,1.414230,2.413252,1.585770,-2.413252,11.647572,0.000000,0.000000,0.000000,0.000000,0.000000,0.000000
36.699999,1.414359,2.406245,1.585641,-2.406245,11.580031,0.000000,0.000000,0.000000,0.000000,0.000000,0.000000
36.799999,1.414487,2.399196,1.585513,-2.399196,11.512284,0.000000,0.000000,0.000000,0.000000,0.000000,0.000000
36.899999,1.414612,2.392106,1.585388,-2.392106,11.444339,0.000000,0.000000,0.000000,0.000000,0.000000,0.000000
36.999999,1.414734,2.384975,1.585266,-2.384975,11.376208,0.000000,0.000000,0.000000,0.000000,0.000000,0.000000
37.099999,1.414854,2.377804,1.585146,-2.377804,11.307900,0.000000,0.000000,0.000000,0.000000,0.000000,0.000000
37.199999,1.414972,2.370593,1.585028,-2.370593,11.239427,0.000000,0.000000,0.000000,0.000000,0.000000,0.000000
37.299999,1.415088,2.363345,1.584912,-2.363345,11.170799,0.000000,0.000000,0.000000,0.000000,0.000000,0.000000
37.399999,1.415201,2.356059,1.584799,-2.356059,11.102026,0.000000,0.000000,0.000000,0.000000,0.000000,0.000000
37.499999,1.415312,2.348736,1.584688,-2.348736,11.033120,0.000000,0.000000,0.000000,0.000000,0.000000,0.000000
37.599999,1.415421,2.341377,1.584579,-2.341377,10.964090,0.000000,0.000000,0.000000,0.000000,0.000000,0.000000
37.699999,1.415527,2.333982,1.584473,-2.333982,10.894946,0.000000,0.000000,0.000000,0.000000,0.000000,0.000000
37.799999,1.415631,2.326553,1.584369,-2.326553,10.825700,0.000000,0.000000,0.000000,0.000000,0.000000,0.000000
37.899999,1.415733,2.319090,1.584267,-2.319090,10.756360,0.000000,0.000000,0.000000,0.000000,0.000000,0.000000
37.999999,1.415833,2.311594,1.584167,-2.311594,10.686937,0.000000,0.000000,0.000000,0.000000,0.000000,0.000000
38.099999,1.415931,2.304066,1.584069,-2.304066,10.617441,0.000000,0.000000,0.000000,0.000000,0.000000,0.000000
38.199999,1.416026,2.296506,1.583974,-2.296506,10.547881,0.000000,0.000000,0.000000,0.000000,0.000000,0.000000
38.299999,1.416120,2.288915,1.583880,-2.288915,10.478267,0.000000,0.000000,0.000000,0.000000,0.000000,0.000000
38.399999,1.416211,2.281294,1.583789,-2.281294,10.408609,0.000000,0.000000,0.000000,0.000000,0.000000,0.000000
38.499999,1.416300,2.273644,1.583700,-2.273644,10.338915,0.000000,0.000000,0.000000,0.000000,0.000000,0.000000
38.599999,1.416387,2.265965,1.583613,-2.265965,10.269195,0.000000,0.000000,0.000000,0.000000,0.000000,0.000000
38.699999,1.416471,2.258258,1.583529,-2.258258,10.199459,0.000000,0.000000,0.000000,0.000000,0.000000,0.000000
38.799999,1.416554,2.250524,1.583446,-2.250524,10.129714,0.000000,0.000000,0.000000,0.000000,0.000000,0.000000
38.899999,1.416635,2.242763,1.583365,-2.242763,10.059971,0.000000,0.000000,0.000000,0.000000,0.000000,0.000000
38.999999,1.416713,2.234976,1.583287,-2.234976,9.990238,0.000000,0.000000,0.000000,0.000000,0.000000,0.000000
39.099999,1.416790,2.227164,1.583210,-2.227164,9.920523,0.000000,0.000000,0.000000,0.000000,0.000000,0.000000
39.199999,1.416864,2.219328,1.583136,-2.219328,9.850835,0.000000,0.000000,0.000000,0.000000,0.000000,0.000000
39.299999,1.416937,2.211468,1.583063,-2.211468,9.781183,0.000000,0.000000,0.000000,0.000000,0.000000,0.000000
39.399999,1.417007,2.203585,1.582993,-2.203585,9.711574,0.000000,0.000000,0.000000,0.000000,0.000000,0.000000
39.499999,1.417075,2.195680,1.582925,-2.195680,9.642018,0.000000,0.000000,0.000000,0.000000,0.000000,0.000000
39.599999,1.417142,2.187752,1.582858,-2.187752,9.572520,0.000000,0.000000,0.000000,0.000000,0.000000,0.000000
39.699999,1.417207,2.179804,1.582793,-2.179804,9.503090,0.000000,0.000000,0.000000,0.000000,0.000000,0.000000
39.799999,1.417269,2.171835,1.582731,-2.171835,9.433735,0.000000,0.000000,0.000000,0.000000,0.000000,0.000000
39.899999,1.417330,2.163846,1.582670,-2.163846,9.364462,0.000000,0.000000,0.000000,0.000000,0.000000,0.000000
39.999999,1.417389,2.155839,1.582611,-2.155839,9.295280,0.000000,0.000000,0.000000,0.000000,0.000000,0.000000
40.099999,1.417446,2.147812,1.582554,-2.147812,9.226196,0.000000,0.000000,0.000000,0.000000,0.000000,0.000000
40.199999,1.417501,2.139768,1.582499,-2.139768,9.157217,0.000000,0.000000,0.000000,0.000000,0.000000,0.000000
40.299999,1.417554,2.131707,1.582446,-2.131707,9.088351,0.000000,0.000000,0.000000,0.000000,0.000000,0.000000
40.399999,1.417605,2.123629,1.582395,-2.123629,9.019604,0.000000,0.000000,0.000000,0.000000,0.000000,0.000000
40.499999,1.417655,2.115536,1.582345,-2.115536,8.950983,0.000000,0.000000,0.000000,0.000000,0.000000,0.000000
40.599999,1.417703,2.107427,1.582297,-2.107427,8.882496,0.000000,0.000000,0.000000,0.000000,0.000000,0.000000
40.699999,1.417748,2.099303,1.582252,-2.099303,8.814149,0.000000,0.000000,0.000000,0.000000,0.000000,0.000000
40.799999,1.417792,2.091166,1.582208,-2.091166,8.745949,0.000000,0.000000,0.000000,0.000000,0.000000,0.000000
40.899999,1.417835,2.083015,1.582165,-2.083015,8.677902,0.000000,0.000000,0.000000,0.000000,0.000000,0.000000
40.999999,1.417875,2.074851,1.582125,-2.074851,8.610015,0.000000,0.000000,0.000000,0.000000,0.000000,0.000000
41.099999,1.417914,2.066675,1.582086,-2.066675,8.542294,0.000000,0.000000,0.000000,0.000000,0.000000,0.000000
41.199999,1.417951,2.058488,1.582049,-2.058488,8.474745,0.000000,0.000000,0.000000,0.000000,0.000000,0.000000
41.299999,1.417986,2.050289,1.582014,-2.050289,8.407374,0.000000,0.000000,0.000000,0.000000,0.000000,0.000000
41.399999,1.418019,2.042081,1.581981,-2.042081,8.340187,0.000000,0.000000,0.000000,0.000000,0.000000,0.000000
41.499999,1.418051,2.033862,1.581949,-2.033862,8.273190,0.000000,0.000000,0.000000,0.000000,0.000000,0.000000
41.599999,1.418081,2.025634,1.581919,-2.025634,8.206388,0.000000,0.000000,0.000000,0.000000,0.000000,0.000000
41.699999,1.418109,2.017398,1.581891,-2.017398,8.139788,0.000000,0.000000,0.000000,0.000000,0.000000,0.000000
41.799999,1.418135,2.009153,1.581865,-2.009153,8.073394,0.000000,0.000000,0.000000,0.000000,0.000000,0.000000
41.899999,1.418160,2.000901,1.581840,-2.000901,8.007213,0.000000,0.000000,0.000000,0.000000,0.000000,0.000000
41.999999,1.418183,1.992642,1.581817,-1.992642,7.941248,0.000000,0.000000,0.000000,0.000000,0.000000,0.000000
42.099999,1.418204,1.984377,1.581796,-1.984377,7.875506,0.000000,0.000000,0.000000,0.000000,0.000000,0.000000
42.199999,1.418224,1.976106,1.581776,-1.976106,7.809991,0.000000,0.000000,0.000000,0.000000,0.000000,0.000000
42.299999,1.418242,1.967830,1.581758,-1.967830,7.744708,0.000000,0.000000,0.000000,0.000000,0.000000,0.000000
42.399999,1.418258,1.959549,1.581742,-1.959549,7.679662,0.000000,0.000000,0.000000,0.000000,0.000000,0.000000
42.499999,1.418273,1.951263,1.581727,-1.951263,7.614857,0.000000,0.000000,0.000000,0.000000,0.000000,0.000000
42.599999,1.418286,1.942974,1.581714,-1.942974,7.550299,0.000000,0.000000,0.000000,0.000000,0.000000,0.000000
42.699999,1.418298,1.934682,1.581702,-1.934682,7.485991,0.000000,0.000000,0.000000,0.000000,0.000000,0.000000
42.799999,1.418307,1.926388,1.581693,-1.926388,7.421938,0.000000,0.000000,0.000000,0.000000,0.000000,0.000000
42.899999,1.418316,1.918091,1.581684,-1.918091,7.358145,0.000000,0.000000,0.000000,0.000000,0.000000,0.000000
42.999999,1.418322,1.909792,1.581678,-1.909792,7.294614,0.000000,0.000000,0.000000,0.000000,0.000000,0.000000
43.099999,1.418327,1.901493,1.581673,-1.901493,7.231351,0.000000,0.000000,0.000000,0.000000,0.000000,0.000000
43.199999,1.418331,1.893193,1.581669,-1.893193,7.168359,0.000000,0.000000,0.000000,0.000000,0.000000,0.000000
43.299999,1.418332,1.884893,1.581668,-1.884893,7.105642,0.000000,0.000000,0.000000,0.000000,0.000000,0.000000
43.399999,1.418333,1.876593,1.581667,-1.876593,7.043204,0.000000,0.000000,0.000000,0.000000,0.000000,0.000000
43.499999,1.418331,1.868294,1.581669,-1.868294,6.981048,0.000000,0.000000,0.000000,0.000000,0.000000,0.000000
43.599999,1.418328,1.859997,1.581672,-1.859997,6.919178,0.000000,0.000000,0.000000,0.000000,0.000000,0.000000
43.699999,1.418324,1.851701,1.581676,-1.851701,6.857596,0.000000,0.000000,0.000000,0.000000,0.000000,0.000000
43.799999,1.418318,1.843408,1.581682,-1.843408,6.796308,0.000000,0.000000,0.000000,0.000000,0.000000,0.000000
43.899999,1.418310,1.835118,1.581690,-1.835118,6.735314,0.000000,0.000000,0.000000,0.000000,0.000000,0.000000
43.999999,1.418301,1.826831,1.581699,-1.826831,6.674620,0.000000,0.000000,0.000000,0.000000,0.000000,0.000000
44.099999,1.418290,1.818547,1.581710,-1.818547,6.614227,0.000000,0.000000,0.000000,0.000000,0.000000,0.000000
44.199999,1.418278,1.810268,1.581722,-1.810268,6.554138,0.000000,0.000000,0.000000,0.000000,0.000000,0.000000
44.299999,1.418264,1.801993,1.581736,-1.801993,6.494357,0.000000,0.000000,0.000000,0.000000,0.000000,0.000000
44.399999,1.418249,1.793723,1.581751,-1.793723,6.434886,0.000000,0.000000,0.000000,0.000000,0.000000,0.000000
44.499999,1.418232,1.785459,1.581768,-1.785459,6.375728,0.000000,0.000000,0.000000,0.000000,0.000000,0.000000
44.599999,1.418214,1.777201,1.581786,-1.777201,6.316885,0.000000,0.000000,0.000000,0.000000,0.000000,0.000000
44.699999,1.418194,1.768949,1.581806,-1.768949,6.258359,0.000000,0.000000,0.000000,0.000000,0.000000,0.000000
44.799999,1.418173,1.760703,1.581827,-1.760703,6.200154,0.000000,0.000000,0.000000,0.000000,0.000000,0.000000
44.899999,1.418150,1.752465,1.581850,-1.752465,6.142270,0.000000,0.000000,0.000000,0.000000,0.000000,0.000000
44.999999,1.418126,1.744235,1.581874,-1.744235,6.084711,0.000000,0.000000,0.000000,0.000000,0.000000,0.000000
45.099999,1.418101,1.736012,1.581899,-1.736012,6.027478,0.000000,0.000000,0.000000,0.000000,0.000000,0.000000
45.199999,1.418073,1.727798,1.581927,-1.727798,5.970573,0.000000,0.000000,0.000000,0.000000,0.000000,0.000000
45.299999,1.418045,1.719593,1.581955,-1.719593,5.913999,0.000000,0.000000,0.000000,0.000000,0.000000,0.000000
45.399999,1.418015,1.711397,1.581985,-1.711397,5.857757,0.000000,0.000000,0.000000,0.000000,0.000000,0.000000
45.499999,1.417983,1.703210,1.582017,-1.703210,5.801848,0.000000,0.000000,0.000000,0.000000,0.000000,0.000000
45.599999,1.417950,1.695033,1.582050,-1.695033,5.746275,0.000000,0.000000,0.000000,0.000000,0.000000,0.000000
45.699999,1.417916,1.686867,1.582084,-1.686867,5.691039,0.000000,0.000000,0.000000,0.000000,0.000000,0.000000
45.799999,1.417880,1.678711,1.582120,-1.678711,5.636141,0.000000,0.000000,0.000000,0.000000,0.000000,0.000000
45.899999,1.417843,1.670566,1.582157,-1.670566,5.581583,0.000000,0.000000,0.000000,0.000000,0.000000,0.000000
45.999999,1.417804,1.662433,1.582196,-1.662433,5.527366,0.000000,0.000000,0.000000,0.000000,0.000000,0.000000
46.099999,1.417764,1.654311,1.582236,-1.654311,5.473492,0.000000,0.000000,0.000000,0.000000,0.000000,0.000000
46.199999,1.417723,1.646202,1.582277,-1.646202,5.419961,0.000000,0.000000,0.000000,0.000000,0.000000,0.000000
46.299999,1.417680,1.638105,1.582320,-1.638105,5.366775,0.000000,0.000000,0.000000,0.000000,0.000000,0.000000
46.399999,1.417635,1.630021,1.582365,-1.630021,5.313935,0.000000,0.000000,0.000000,0.000000,0.000000,0.000000
46.499999,1.417589,1.621950,1.582411,-1.621950,5.261441,0.000000,0.000000,0.000000,0.000000,0.000000,0.000000
46.599999,1.417542,1.613892,1.582458,-1.613892,5.209294,0.000000,0.000000,0.000000,0.000000,0.000000,0.000000
46.699999,1.417494,1.605848,1.582506,-1.605848,5.157496,0.000000,0.000000,0.000000,0.000000,0.000000,0.000000
46.799999,1.417444,1.597818,1.582556,-1.597818,5.106047,0.000000,0.000000,0.000000,0.000000,0.000000,0.000000
46.899999,1.417392,1.589803,1.582608,-1.589803,5.054948,0.000000,0.000000,0.000000,0.000000,0.000000,0.000000
46.999999,1.417340,1.581803,1.582660,-1.581803,5.004199,0.000000,0.000000,0.000000,0.000000,0.000000,0.000000
47.099999,1.417285,1.573817,1.582715,-1.573817,4.953800,0.000000,0.000000,0.000000,0.000000,0.000000,0.000000
47.199999,1.417230,1.565847,1.582770,-1.565847,4.903753,0.000000,0.000000,0.000000,0.000000,0.000000,0.000000
47.299999,1.417173,1.557892,1.582827,-1.557892,4.854058,0.000000,0.000000,0.000000,0.000000,0.000000,0.000000
47.399999,1.417115,1.549954,1.582885,-1.549954,4.804714,0.000000,0.000000,0.000000,0.000000,0.000000,0.000000
47.499999,1.417055,1.542032,1.582945,-1.542032,4.755723,0.000000,0.000000,0.000000,0.000000,0.000000,0.000000
47.599999,1.416994,1.534126,1.583006,-1.534126,4.707085,0.000000,0.000000,0.000000,0.000000,0.000000,0.000000
47.699999,1.416931,1.526237,1.583069,-1.526237,4.658798,0.000000,0.000000,0.000000,0.000000,0.000000,0.000000
47.799999,1.416868,1.518365,1.583132,-1.518365,4.610865,0.000000,0.000000,0.000000,0.000000,0.000000,0.000000
47.899999,1.416803,1.510510,1.583197,-1.510510,4.563284,0.000000,0.000000,0.000000,0.000000,0.000000,0.000000
47.999999,1.416736,1.502673,1.583264,-1.502673,4.516055,0.000000,0.000000,0.000000,0.000000,0.000000,0.000000
48.099999,1.416668,1.494854,1.583332,-1.494854,4.469179,0.000000,0.000000,0.000000,0.000000,0.000000,0.000000
48.199999,1.416599,1.487053,1.583401,-1.487053,4.422655,0.000000,0.000000,0.000000,0.000000,0.000000,0.000000
48.299999,1.416529,1.479271,1.583471,-1.479271,4.376483,0.000000,0.000000,0.000000,0.000000,0.000000,0.000000
48.399999,1.416457,1.471507,1.583543,-1.471507,4.330664,0.000000,0.000000,0.000000,0.000000,0.000000,0.000000
48.499999,1.416384,1.463761,1.583616,-1.463761,4.285195,0.000000,0.000000,0.000000,0.000000,0.000000,0.000000
48.599999,1.416309,1.456035,1.583691,-1.456035,4.240078,0.000000,0.000000,0.000000,0.000000,0.000000,0.000000
48.699999,1.416234,1.448329,1.583766,-1.448329,4.195312,0.000000,0.000000,0.000000,0.000000,0.000000,0.000000
48.799999,1.416156,1.440641,1.583844,-1.440641,4.150896,0.000000,0.000000,0.000000,0.000000,0.000000,0.000000
48.899999,1.416078,1.432974,1.583922,-1.432974,4.106829,0.000000,0.000000,0.000000,0.000000,0.000000,0.000000
48.999999,1.415998,1.425327,1.584002,-1.425327,4.063113,0.000000,0.000000,0.000000,0.000000,0.000000,0.000000
49.099999,1.415917,1.417700,1.584083,-1.417700,4.019745,0.000000,0.000000,0.000000,0.000000,0.000000,0.000000
49.199999,1.415835,1.410093,1.584165,-1.410093,3.976725,0.000000,0.000000,0.000000,0.000000,0.000000,0.000000
49.299999,1.415751,1.402507,1.584249,-1.402507,3.934052,0.000000,0.000000,0.000000,0.000000,0.000000,0.000000
49.399999,1.415666,1.394942,1.584334,-1.394942,3.891726,0.000000,0.000000,0.000000,0.000000,0.000000,0.000000
49.499999,1.415580,1.387398,1.584420,-1.387398,3.849747,0.000000,0.000000,0.000000,0.000000,0.000000,0.000000
49.599999,1.415492,1.379875,1.584508,-1.379875,3.808112,0.000000,0.000000,0.000000,0.000000,0.000000,0.000000
49.699999,1.415403,1.372374,1.584597,-1.372374,3.766822,0.000000,0.000000,0.000000,0.000000,0.000000,0.000000
49.799999,1.415313,1.364895,1.584687,-1.364895,3.725875,0.000000,0.000000,0.000000,0.000000,0.000000,0.000000
49.899999,1.415221,1.357437,1.584779,-1.357437,3.685271,0.000000,0.000000,0.000000,0.000000,0.000000,0.000000
49.999999,1.415128,1.350001,1.584872,-1.350001,3.645008,0.000000,0.000000,0.000000,0.000000,0.000000,0.000000
50.099999,1.415034,1.342588,1.584966,-1.342588,3.605086,0.000000,0.000000,0.000000,0.000000,0.000000,0.000000
50.199999,1.414939,1.335197,1.585061,-1.335197,3.565503,0.000000,0.000000,0.000000,0.000000,0.000000,0.000000
50.299999,1.414842,1.327829,1.585158,-1.327829,3.526259,0.000000,0.000000,0.000000,0.000000,0.000000,0.000000
50.399999,1.414744,1.320483,1.585256,-1.320483,3.487352,0.000000,0.000000,0.000000,0.000000,0.000000,0.000000
50.499999,1.414644,1.313161,1.585356,-1.313161,3.448782,0.000000,0.000000,0.000000,0.000000,0.000000,0.000000
50.599999,1.414543,1.305861,1.585457,-1.305861,3.410547,0.000000,0.000000,0.000000,0.000000,0.000000,0.000000
50.699999,1.414441,1.298585,1.585559,-1.298585,3.372646,0.000000,0.000000,0.000000,0.000000,0.000000,0.000000
50.799999,1.414338,1.291332,1.585662,-1.291332,3.335077,0.000000,0.000000,0.000000,0.000000,0.000000,0.000000
50.899999,1.414234,1.284103,1.585766,-1.284103,3.297839,0.000000,0.000000,0.000000,0.000000,0.000000,0.000000
50.999999,1.414128,1.276897,1.585872,-1.276897,3.260931,0.000000,0.000000,0.000000,0.000000,0.000000,0.000000
51.099999,1.414020,1.269715,1.585980,-1.269715,3.224352,0.000000,0.000000,0.000000,0.000000,0.000000,0.000000
51.199999,1.413912,1.262557,1.586088,-1.262557,3.188100,0.000000,0.000000,0.000000,0.000000,0.000000,0.000000
51.299999,1.413802,1.255423,1.586198,-1.255423,3.152174,0.000000,0.000000,0.000000,0.000000,0.000000,0.000000
51.399999,1.413691,1.248313,1.586309,-1.248313,3.116573,0.000000,0.000000,0.000000,0.000000,0.000000,0.000000
51.499999,1.413579,1.241228,1.586421,-1.241228,3.081294,0.000000,0.000000,0.000000,0.000000,0.000000,0.000000
51.599999,1.413466,1.234167,1.586534,-1.234167,3.046338,0.000000,0.000000,0.000000,0.000000,0.000000,0.000000
51.699999,1.413351,1.227131,1.586649,-1.227131,3.011701,0.000000,0.000000,0.000000,0.000000,0.000000,0.000000
51.799999,1.413235,1.220120,1.586765,-1.220120,2.977384,0.000000,0.000000,0.000000,0.000000,0.000000,0.000000
51.899999,1.413117,1.213133,1.586883,-1.213133,2.943383,0.000000,0.000000,0.000000,0.000000,0.000000,0.000000
51.999999,1.412999,1.206171,1.587001,-1.206171,2.909698,0.000000,0.000000,0.000000,0.000000,0.000000,0.000000
52.099999,1.412879,1.199235,1.587121,-1.199235,2.876328,0.000000,0.000000,0.000000,0.000000,0.000000,0.000000
52.199999,1.412757,1.192323,1.587243,-1.192323,2.843270,0.000000,0.000000,0.000000,0.000000,0.000000,0.000000
52.299999,1.412635,1.185437,1.587365,-1.185437,2.810523,0.000000,0.000000,0.000000,0.000000,0.000000,0.000000
52.399999,1.412511,1.178576,1.587489,-1.178576,2.778085,0.000000,0.000000,0.000000,0.000000,0.000000,0.000000
52.499999,1.412386,1.171741,1.587614,-1.171741,2.745955,0.000000,0.000000,0.000000,0.000000,0.000000,0.000000
52.599999,1.412259,1.164932,1.587741,-1.164932,2.714131,0.000000,0.000000,0.000000,0.000000,0.000000,0.000000
52.699999,1.412132,1.158148,1.587868,-1.158148,2.682612,0.000000,0.000000,0.000000,0.000000,0.000000,0.000000
52.799999,1.412003,1.151389,1.587997,-1.151389,2.651395,0.000000,0.000000,0.000000,0.000000,0.000000,0.000000
52.899999,1.411873,1.144657,1.588127,-1.144657,2.620479,0.000000,0.000000,0.000000,0.000000,0.000000,0.000000
52.999999,1.411741,1.137950,1.588259,-1.137950,2.589862,0.000000,0.000000,0.000000,0.000000,0.000000,0.000000
53.099999,1.411608,1.131270,1.588392,-1.131270,2.559543,0.000000,0.000000,0.000000,0.000000,0.000000,0.000000
53.199999,1.411474,1.124615,1.588526,-1.124615,2.529520,0.000000,0.000000,0.000000,0.000000,0.000000,0.000000
53.299999,1.411339,1.117987,1.588661,-1.117987,2.499790,0.000000,0.000000,0.000000,0.000000,0.000000,0.000000
53.399999,1.411202,1.111385,1.588798,-1.111385,2.470353,0.000000,0.000000,0.000000,0.000000,0.000000,0.000000
53.499999,1.411065,1.104809,1.588935,-1.104809,2.441206,0.000000,0.000000,0.000000,0.000000,0.000000,0.000000
53.599999,1.410925,1.098259,1.589075,-1.098259,2.412348,0.000000,0.000000,0.000000,0.000000,0.000000,0.000000
53.699999,1.410785,1.091736,1.589215,-1.091736,2.383776,0.000000,0.000000,0.000000,0.000000,0.000000,0.000000
53.799999,1.410643,1.085240,1.589357,-1.085240,2.355490,0.000000,0.000000,0.000000,0.000000,0.000000,0.000000
53.899999,1.410501,1.078769,1.589499,-1.078769,2.327487,0.000000,0.000000,0.000000,0.000000,0.000000,0.000000
53.999999,1.410356,1.072326,1.589644,-1.072326,2.299766,0.000000,0.000000,0.000000,0.000000,0.000000,0.000000
54.099999,1.410211,1.065909,1.589789,-1.065909,2.272324,0.000000,0.000000,0.000000,0.000000,0.000000,0.000000
54.199999,1.410064,1.059519,1.589936,-1.059519,2.245160,0.000000,0.000000,0.000000,0.000000,0.000000,0.000000
54.299999,1.409916,1.053155,1.590084,-1.053155,2.218272,0.000000,0.000000,0.000000,0.000000,0.000000,0.000000
54.399999,1.409767,1.046818,1.590233,-1.046818,2.191658,0.000000,0.000000,0.000000,0.000000,0.000000,0.000000
54.499999,1.409616,1.040509,1.590384,-1.040509,2.165316,0.000000,0.000000,0.000000,0.000000,0.000000,0.000000
54.599999,1.409464,1.034226,1.590536,-1.034226,2.139245,0.000000,0.000000,0.000000,0.000000,0.000000,0.000000
54.699999,1.409311,1.027969,1.590689,-1.027969,2.113442,0.000000,0.000000,0.000000,0.000000,0.000000,0.000000
54.799999,1.409156,1.021740,1.590844,-1.021740,2.087905,0.000000,0.000000,0.000000,0.000000,0.000000,0.000000
54.899999,1.409001,1.015538,1.590999,-1.015538,2.062633,0.000000,0.000000,0.000000,0.000000,0.000000,0.000000
54.999999,1.408844,1.009362,1.591156,-1.009362,2.037624,0.000000,0.000000,0.000000,0.000000,0.000000,0.000000
55.099999,1.408685,1.003214,1.591315,-1.003214,2.012876,0.000000,0.000000,0.000000,0.000000,0.000000,0.000000
55.199999,1.408526,0.997092,1.591474,-0.997092,1.988387,0.000000,0.000000,0.000000,0.000000,0.000000,0.000000
55.299999,1.408365,0.990998,1.591635,-0.990998,1.964155,0.000000,0.000000,0.000000,0.000000,0.000000,0.000000
55.399999,1.408203,0.984931,1.591797,-0.984931,1.940178,0.000000,0.000000,0.000000,0.000000,0.000000,0.000000
55.499999,1.408040,0.978891,1.591960,-0.978891,1.916454,0.000000,0.000000,0.000000,0.000000,0.000000,0.000000
55.599999,1.407875,0.972878,1.592125,-0.972878,1.892982,0.000000,0.000000,0.000000,0.000000,0.000000,0.000000
55.699999,1.407709,0.966892,1.592291,-0.966892,1.869759,0.000000,0.000000,0.000000,0.000000,0.000000,0.000000
55.799999,1.407542,0.960933,1.592458,-0.960933,1.846784,0.000000,0.000000,0.000000,0.000000,0.000000,0.000000
55.899999,1.407373,0.955001,1.592627,-0.955001,1.824055,0.000000,0.000000,0.000000,0.000000,0.000000,0.000000
55.999999,1.407203,0.949097,1.592797,-0.949097,1.801570,0.000000,0.000000,0.000000,0.000000,0.000000,0.000000
56.099999,1.407032,0.943220,1.592968,-0.943220,1.779326,0.000000,0.000000,0.000000,0.000000,0.000000,0.000000
56.199999,1.406860,0.937369,1.593140,-0.937369,1.757323,0.000000,0.000000,0.000000,0.000000,0.000000,0.000000
56.299999,1.406686,0.931546,1.593314,-0.931546,1.735557,0.000000,0.000000,0.000000,0.000000,0.000000,0.000000
56.399999,1.406511,0.925750,1.593489,-0.925750,1.714028,0.000000,0.000000,0.000000,0.000000,0.000000,0.000000
56.499999,1.406335,0.919982,1.593665,-0.919982,1.692732,0.000000,0.000000,0.000000,0.000000,0.000000,0.000000
56.599999,1.406157,0.914240,1.593843,-0.914240,1.671670,0.000000,0.000000,0.000000,0.000000,0.000000,0.000000
56.699999,1.405978,0.908526,1.594022,-0.908526,1.650837,0.000000,0.000000,0.000000,0.000000,0.000000,0.000000
56.799999,1.405798,0.902838,1.594202,-0.902838,1.630233,0.000000,0.000000,0.000000,0.000000,0.000000,0.000000
56.899999,1.405617,0.897178,1.594383,-0.897178,1.609856,0.000000,0.000000,0.000000,0.000000,0.000000,0.000000
56.999999,1.405434,0.891545,1.594566,-0.891545,1.589704,0.000000,0.000000,0.000000,0.000000,0.000000,0.000000
57.099999,1.405250,0.885939,1.594750,-0.885939,1.569775,0.000000,0.000000,0.000000,0.000000,0.000000,0.000000
57.199999,1.405065,0.880360,1.594935,-0.880360,1.550067,0.000000,0.000000,0.000000,0.000000,0.000000,0.000000
57.299999,1.404878,0.874808,1.595122,-0.874808,1.530578,0.000000,0.000000,0.000000,0.000000,0.000000,0.000000
57.399999,1.404690,0.869283,1.595310,-0.869283,1.511307,0.000000,0.000000,0.000000,0.000000,0.000000,0.000000
57.499999,1.404501,0.863786,1.595499,-0.863786,1.492251,0.000000,0.000000,0.000000,0.000000,0.000000,0.000000
57.599999,1.404310,0.858315,1.595690,-0.858315,1.473408,0.000000,0.000000,0.000000,0.000000,0.000000,0.000000
57.699999,1.404119,0.852871,1.595881,-0.852871,1.454778,0.000000,0.000000,0.000000,0.000000,0.000000,0.000000
57.799999,1.403925,0.847454,1.596075,-0.847454,1.436357,0.000000,0.000000,0.000000,0.000000,0.000000,0.000000
57.899999,1.403731,0.842064,1.596269,-0.842064,1.418144,0.000000,0.000000,0.000000,0.000000,0.000000,0.000000
57.999999,1.403535,0.836701,1.596465,-0.836701,1.400137,0.000000,0.000000,0.000000,0.000000,0.000000,0.000000
58.099999,1.403338,0.831365,1.596662,-0.831365,1.382334,0.000000,0.000000,0.000000,0.000000,0.000000,0.000000
58.199999,1.403140,0.826055,1.596860,-0.826055,1.364735,0.000000,0.000000,0.000000,0.000000,0.000000,0.000000
58.299999,1.402940,0.820773,1.597060,-0.820773,1.347335,0.000000,0.000000,0.000000,0.000000,0.000000,0.000000
58.399999,1.402739,0.815517,1.597261,-0.815517,1.330135,0.000000,0.000000,0.000000,0.000000,0.000000,0.000000
58.499999,1.402537,0.810288,1.597463,-0.810288,1.313132,0.000000,0.000000,0.000000,0.000000,0.000000,0.000000
58.599999,1.402333,0.805085,1.597667,-0.805085,1.296325,0.000000,0.000000,0.000000,0.000000,0.000000,0.000000
58.699999,1.402128,0.799910,1.597872,-0.799910,1.279710,0.000000,0.000000,0.000000,0.000000,0.000000,0.000000
58.799999,1.401922,0.794760,1.598078,-0.794760,1.263288,0.000000,0.000000,0.000000,0.000000,0.000000,0.000000
58.899999,1.401714,0.789638,1.598286,-0.789638,1.247055,0.000000,0.000000,0.000000,0.000000,0.000000,0.000000
58.999999,1.401505,0.784542,1.598495,-0.784542,1.231011,0.000000,0.000000,0.000000,0.000000,0.000000,0.000000
59.099999,1.401295,0.779472,1.598705,-0.779472,1.215153,0.000000,0.000000,0.000000,0.000000,0.000000,0.000000
59.199999,1.401083,0.774429,1.598917,-0.774429,1.199480,0.000000,0.000000,0.000000,0.000000,0.000000,0.000000
59.299999,1.400870,0.769412,1.599130,-0.769412,1.183989,0.000000,0.000000,0.000000,0.000000,0.000000,0.000000
59.399999,1.400656,0.764421,1.599344,-0.764421,1.168680,0.000000,0.000000,0.000000,0.000000,0.000000,0.000000
59.499999,1.400440,0.759457,1.599560,-0.759457,1.153550,0.000000,0.000000,0.000000,0.000000,0.000000,0.000000
59.599999,1.400224,0.754519,1.599776,-0.754519,1.138598,0.000000,0.000000,0.000000,0.000000,0.000000,0.000000
59.699999,1.400005,0.749607,1.599995,-0.749607,1.123822,0.000000,0.000000,0.000000,0.000000,0.000000,0.000000
59.799999,1.399786,0.744722,1.600214,-0.744722,1.109221,0.000000,0.000000,0.000000,0.000000,0.000000,0.000000
59.899999,1.399565,0.739862,1.600435,-0.739862,1.094792,0.000000,0.000000,0.000000,0.000000,0.000000,0.000000
59.999999,1.399342,0.735029,1.600658,-0.735029,1.080534,0.000000,0.000000,0.000000,0.000000,0.000000,0.000000
60.099999,1.399119,0.730221,1.600881,-0.730221,1.066445,0.000000,0.000000,0.000000,0.000000,0.000000,0.000000
60.199999,1.398894,0.725439,1.601106,-0.725439,1.052524,0.000000,0.000000,0.000000,0.000000,0.000000,0.000000
60.299999,1.398667,0.720683,1.601333,-0.720683,1.038769,0.000000,0.000000,0.000000,0.000000,0.000000,0.000000
60.399999,1.398440,0.715953,1.601560,-0.715953,1.025178,0.000000,0.000000,0.000000,0.000000,0.000000,0.000000
60.499999,1.398211,0.711249,1.601789,-0.711249,1.011750,0.000000,0.000000,0.000000,0.000000,0.000000,0.000000
60.599999,1.397980,0.706570,1.602020,-0.706570,0.998483,0.000000,0.000000,0.000000,0.000000,0.000000,0.000000
60.699999,1.397748,0.701917,1.602252,-0.701917,0.985376,0.000000,0.000000,0.000000,0.000000,0.000000,0.000000
60.799999,1.397515,0.697290,1.602485,-0.697290,0.972426,0.000000,0.000000,0.000000,0.000000,0.000000,0.000000
60.899999,1.397281,0.692688,1.602719,-0.692688,0.959633,0.000000,0.000000,0.000000,0.000000,0.000000,0.000000
60.999999,1.397045,0.688111,1.602955,-0.688111,0.946994,0.000000,0.000000,0.000000,0.000000,0.000000,0.000000
61.099999,1.396808,0.683560,1.603192,-0.683560,0.934508,0.000000,0.000000,0.000000,0.000000,0.000000,0.000000
61.199999,1.396569,0.679034,1.603431,-0.679034,0.922174,0.000000,0.000000,0.000000,0.000000,0.000000,0.000000
61.299999,1.396329,0.674533,1.603671,-0.674533,0.909990,0.000000,0.000000,0.000000,0.000000,0.000000,0.000000
61.399999,1.396088,0.670057,1.603912,-0.670057,0.897954,0.000000,0.000000,0.000000,0.000000,0.000000,0.000000
61.499999,1.395845,0.665607,1.604155,-0.665607,0.886065,0.000000,0.000000,0.000000,0.000000,0.000000,0.000000
61.599999,1.395601,0.661181,1.604399,-0.661181,0.874321,0.000000,0.000000,0.000000,0.000000,0.000000,0.000000
61.699999,1.395356,0.656780,1.604644,-0.656780,0.862721,0.000000,0.000000,0.000000,0.000000,0.000000,0.000000
61.799999,1.395109,0.652405,1.604891,-0.652405,0.851264,0.000000,0.000000,0.000000,0.000000,0.000000,0.000000
61.899999,1.394860,0.648054,1.605140,-0.648054,0.839947,0.000000,0.000000,0.000000,0.000000,0.000000,0.000000
61.999999,1.394611,0.643727,1.605389,-0.643727,0.828770,0.000000,0.000000,0.000000,0.000000,0.000000,0.000000
62.099999,1.394360,0.639426,1.605640,-0.639426,0.817730,0.000000,0.000000,0.000000,0.000000,0.000000,0.000000
62.199999,1.394107,0.635148,1.605893,-0.635148,0.806827,0.000000,0.000000,0.000000,0.000000,0.000000,0.000000
62.299999,1.393854,0.630896,1.606146,-0.630896,0.796059,0.000000,0.000000,0.000000,0.000000,0.000000,0.000000
62.399999,1.393598,0.626667,1.606402,-0.626667,0.785424,0.000000,0.000000,0.000000,0.000000,0.000000,0.000000
62.499999,1.393342,0.622463,1.606658,-0.622463,0.774921,0.000000,0.000000,0.000000,0.000000,0.000000,0.000000
62.599999,1.393084,0.618284,1.606916,-0.618284,0.764550,0.000000,0.000000,0.000000,0.000000,0.000000,0.000000
62.699999,1.392824,0.614128,1.607176,-0.614128,0.754307,0.000000,0.000000,0.000000,0.000000,0.000000,0.000000
62.799999,1.392564,0.609997,1.607436,-0.609997,0.744192,0.000000,0.000000,0.000000,0.000000,0.000000,0.000000
62.899999,1.392301,0.605889,1.607699,-0.605889,0.734204,0.000000,0.000000,0.000000,0.000000,0.000000,0.000000
62.999999,1.392038,0.601806,1.607962,-0.601806,0.724341,0.000000,0.000000,0.000000,0.000000,0.000000,0.000000
63.099999,1.391773,0.597746,1.608227,-0.597746,0.714601,0.000000,0.000000,0.000000,0.000000,0.000000,0.000000
63.199999,1.391506,0.593710,1.608494,-0.593710,0.704984,0.000000,0.000000,0.000000,0.000000,0.000000,0.000000
63.299999,1.391238,0.589698,1.608762,-0.589698,0.695488,0.000000,0.000000,0.000000,0.000000,0.000000,0.000000
63.399999,1.390969,0.585710,1.609031,-0.585710,0.686112,0.000000,0.000000,0.000000,0.000000,0.000000,0.000000
63.499999,1.390698,0.581745,1.609302,-0.581745,0.676854,0.000000,0.000000,0.000000,0.000000,0.000000,0.000000
63.599999,1.390426,0.577803,1.609574,-0.577803,0.667713,0.000000,0.000000,0.000000,0.000000,0.000000,0.000000
63.699999,1.390153,0.573885,1.609847,-0.573885,0.658688,0.000000,0.000000,0.000000,0.000000,0.000000,0.000000
63.799999,1.389878,0.569990,1.610122,-0.569990,0.649777,0.000000,0.000000,0.000000,0.000000,0.000000,0.000000
63.899999,1.389601,0.566118,1.610399,-0.566118,0.640980,0.000000,0.000000,0.000000,0.000000,0.000000,0.000000
63.999999,1.389323,0.562270,1.610677,-0.562270,0.632294,0.000000,0.000000,0.000000,0.000000,0.000000,0.000000
64.099999,1.389044,0.558444,1.610956,-0.558444,0.623719,0.000000,0.000000,0.000000,0.000000,0.000000,0.000000
64.199999,1.388763,0.554641,1.611237,-0.554641,0.615254,0.000000,0.000000,0.000000,0.000000,0.000000,0.000000
64.299999,1.388481,0.550861,1.611519,-0.550861,0.606896,0.000000,0.000000,0.000000,0.000000,0.000000,0.000000
64.399999,1.388197,0.547104,1.611803,-0.547104,0.598646,0.000000,0.000000,0.000000,0.000000,0.000000,0.000000
64.499999,1.387912,0.543370,1.612088,-0.543370,0.590502,0.000000,0.000000,0.000000,0.000000,0.000000,0.000000
64.599999,1.387626,0.539658,1.612374,-0.539658,0.582461,0.000000,0.000000,0.000000,0.000000,0.000000,0.000000
64.699999,1.387338,0.535969,1.612662,-0.535969,0.574525,0.000000,0.000000,0.000000,0.000000,0.000000,0.000000
64.799999,1.387048,0.532302,1.612952,-0.532302,0.566690,0.000000,0.000000,0.000000,0.000000,0.000000,0.000000
64.899999,1.386757,0.528657,1.613243,-0.528657,0.558957,0.000000,0.000000,0.000000,0.000000,0.000000,0.000000
64.999999,1.386465,0.525035,1.613535,-0.525035,0.551323,0.000000,0.000000,0.000000,0.000000,0.000000,0.000000
65.099999,1.386171,0.521434,1.613829,-0.521434,0.543788,0.000000,0.000000,0.000000,0.000000,0.000000,0.000000
65.199999,1.385876,0.517856,1.614124,-0.517856,0.536350,0.000000,0.000000,0.000000,0.000000,0.000000,0.000000
65.299999,1.385579,0.514300,1.614421,-0.514300,0.529009,0.000000,0.000000,0.000000,0.000000,0.000000,0.000000
65.399999,1.385281,0.510766,1.614719,-0.510766,0.521763,0.000000,0.000000,0.000000,0.000000,0.000000,0.000000
65.499999,1.384981,0.507253,1.615019,-0.507253,0.514611,0.000000,0.000000,0.000000,0.000000,0.000000,0.000000
65.599999,1.384680,0.503762,1.615320,-0.503762,0.507552,0.000000,0.000000,0.000000,0.000000,0.000000,0.000000
65.699999,1.384377,0.500293,1.615623,-0.500293,0.500586,0.000000,0.000000,0.000000,0.000000,0.000000,0.000000
65.799999,1.384073,0.496845,1.615927,-0.496845,0.493710,0.000000,0.000000,0.000000,0.000000,0.000000,0.000000
65.899999,1.383767,0.493419,1.616233,-0.493419,0.486924,0.000000,0.000000,0.000000,0.000000,0.000000,0.000000
65.999999,1.383460,0.490014,1.616540,-0.490014,0.480227,0.000000,0.000000,0.000000,0.000000,0.000000,0.000000
66.099999,1.383151,0.486630,1.616849,-0.486630,0.473617,0.000000,0.000000,0.000000,0.000000,0.000000,0.000000
66.199999,1.382841,0.483267,1.617159,-0.483267,0.467094,0.000000,0.000000,0.000000,0.000000,0.000000,0.000000
66.299999,1.382529,0.479926,1.617471,-0.479926,0.460657,0.000000,0.000000,0.000000,0.000000,0.000000,0.000000
66.399999,1.382216,0.476605,1.617784,-0.476605,0.454305,0.000000,0.000000,0.000000,0.000000,0.000000,0.000000
66.499999,1.381902,0.473305,1.618098,-0.473305,0.448036,0.000000,0.000000,0.000000,0.000000,0.000000,0.000000
66.599999,1.381585,0.470026,1.618415,-0.470026,0.441849,0.000000,0.000000,0.000000,0.000000,0.000000,0.000000
66.699999,1.381268,0.466768,1.618732,-0.466768,0.435744,0.000000,0.000000,0.000000,0.000000,0.000000,0.000000
66.799999,1.380948,0.463530,1.619052,-0.463530,0.429720,0.000000,0.000000,0.000000,0.000000,0.000000,0.000000
66.899999,1.380628,0.460313,1.619372,-0.460313,0.423776,0.000000,0.000000,0.000000,0.000000,0.000000,0.000000
66.999999,1.380305,0.457116,1.619695,-0.457116,0.417910,0.000000,0.000000,0.000000,0.000000,0.000000,0.000000
67.099999,1.379982,0.453940,1.620018,-0.453940,0.412122,0.000000,0.000000,0.000000,0.000000,0.000000,0.000000
67.199998,1.379656,0.450783,1.620344,-0.450783,0.406411,0.000000,0.000000,0.000000,0.000000,0.000000,0.000000
67.299998,1.379330,0.447647,1.620670,-0.447647,0.400776,0.000000,0.000000,0.000000,0.000000,0.000000,0.000000
67.399998,1.379001,0.444531,1.620999,-0.444531,0.395216,0.000000,0.000000,0.000000,0.000000,0.000000,0.000000
67.499998,1.378671,0.441435,1.621329,-0.441435,0.389729,0.000000,0.000000,0.000000,0.000000,0.000000,0.000000
67.599998,1.378340,0.438358,1.621660,-0.438358,0.384316,0.000000,0.000000,0.000000,0.000000,0.000000,0.000000
67.699998,1.378007,0.435302,1.621993,-0.435302,0.378975,0.000000,0.000000,0.000000,0.000000,0.000000,0.000000
67.799998,1.377672,0.432265,1.622328,-0.432265,0.373706,0.000000,0.000000,0.000000,0.000000,0.000000,0.000000
67.899998,1.377336,0.429248,1.622664,-0.429248,0.368507,0.000000,0.000000,0.000000,0.000000,0.000000,0.000000
67.999998,1.376999,0.426250,1.623001,-0.426250,0.363378,0.000000,0.000000,0.000000,0.000000,0.000000,0.000000
68.099998,1.376659,0.423271,1.623341,-0.423271,0.358317,0.000000,0.000000,0.000000,0.000000,0.000000,0.000000
68.199998,1.376319,0.420312,1.623681,-0.420312,0.353324,0.000000,0.000000,0.000000,0.000000,0.000000,0.000000
68.299998,1.375976,0.417372,1.624024,-0.417372,0.348399,0.000000,0.000000,0.000000,0.000000,0.000000,0.000000
68.399998,1.375633,0.414451,1.624367,-0.414451,0.343539,0.000000,0.000000,0.000000,0.000000,0.000000,0.000000
68.499998,1.375287,0.411549,1.624713,-0.411549,0.338746,0.000000,0.000000,0.000000,0.000000,0.000000,0.000000
68.599998,1.374940,0.408666,1.625060,-0.408666,0.334016,0.000000,0.000000,0.000000,0.000000,0.000000,0.000000
68.699998,1.374592,0.405802,1.625408,-0.405802,0.329351,0.000000,0.000000,0.000000,0.000000,0.000000,0.000000
68.799998,1.374242,0.402957,1.625758,-0.402957,0.324748,0.000000,0.000000,0.000000,0.000000,0.000000,0.000000
68.899998,1.373890,0.400130,1.626110,-0.400130,0.320208,0.000000,0.000000,0.000000,0.000000,0.000000,0.000000
68.999998,1.373537,0.397322,1.626463,-0.397322,0.315729,0.000000,0.000000,0.000000,0.000000,0.000000,0.000000
69.099998,1.373182,0.394532,1.626818,-0.394532,0.311311,0.000000,0.000000,0.000000,0.000000,0.000000,0.000000
69.199998,1.372825,0.391760,1.627175,-0.391760,0.306952,0.000000,0.000000,0.000000,0.000000,0.000000,0.000000
69.299998,1.372467,0.389007,1.627533,-0.389007,0.302653,0.000000,0.000000,0.000000,0.000000,0.000000,0.000000
69.399998,1.372108,0.386272,1.627892,-0.386272,0.298412,0.000000,0.000000,0.000000,0.000000,0.000000,0.000000
69.499998,1.371747,0.383555,1.628253,-0.383555,0.294229,0.000000,0.000000,0.000000,0.000000,0.000000,0.000000
69.599998,1.371384,0.380856,1.628616,-0.380856,0.290103,0.000000,0.000000,0.000000,0.000000,0.000000,0.000000
69.699998,1.371019,0.378175,1.628981,-0.378175,0.286033,0.000000,0.000000,0.000000,0.000000,0.000000,0.000000
69.799998,1.370653,0.375512,1.629347,-0.375512,0.282018,0.000000,0.000000,0.000000,0.000000,0.000000,0.000000
69.899998,1.370286,0.372866,1.629714,-0.372866,0.278059,0.000000,0.000000,0.000000,0.000000,0.000000,0.000000
69.999998,1.369917,0.370238,1.630083,-0.370238,0.274153,0.000000,0.000000,0.000000,0.000000,0.000000,0.000000
70.099998,1.369546,0.367628,1.630454,-0.367628,0.270301,0.000000,0.000000,0.000000,0.000000,0.000000,0.000000
70.199998,1.369173,0.365035,1.630827,-0.365035,0.266501,0.000000,0.000000,0.000000,0.000000,0.000000,0.000000
70.299998,1.368799,0.362459,1.631201,-0.362459,0.262754,0.000000,0.000000,0.000000,0.000000,0.000000,0.000000
70.399998,1.368424,0.359901,1.631576,-0.359901,0.259058,0.000000,0.000000,0.000000,0.000000,0.000000,0.000000
70.499998,1.368046,0.357360,1.631954,-0.357360,0.255412,0.000000,0.000000,0.000000,0.000000,0.000000,0.000000
70.599998,1.367667,0.354836,1.632333,-0.354836,0.251817,0.000000,0.000000,0.000000,0.000000,0.000000,0.000000
70.699998,1.367287,0.352329,1.632713,-0.352329,0.248271,0.000000,0.000000,0.000000,0.000000,0.000000,0.000000
70.799998,1.366905,0.349838,1.633095,-0.349838,0.244774,0.000000,0.000000,0.000000,0.000000,0.000000,0.000000
70.899998,1.366521,0.347365,1.633479,-0.347365,0.241325,0.000000,0.000000,0.000000,0.000000,0.000000,0.000000
70.999998,1.366135,0.344908,1.633865,-0.344908,0.237923,0.000000,0.000000,0.000000,0.000000,0.000000,0.000000
71.099998,1.365748,0.342468,1.634252,-0.342468,0.234568,0.000000,0.000000,0.000000,0.000000,0.000000,0.000000
71.199998,1.365360,0.340044,1.634640,-0.340044,0.231260,0.000000,0.000000,0.000000,0.000000,0.000000,0.000000
71.299998,1.364969,0.337637,1.635031,-0.337637,0.227997,0.000000,0.000000,0.000000,0.000000,0.000000,0.000000
71.399998,1.364577,0.335246,1.635423,-0.335246,0.224780,0.000000,0.000000,0.000000,0.000000,0.000000,0.000000
71.499998,1.364184,0.332871,1.635816,-0.332871,0.221607,0.000000,0.000000,0.000000,0.000000,0.000000,0.000000
71.599998,1.363788,0.330513,1.636212,-0.330513,0.218478,0.000000,0.000000,0.000000,0.000000,0.000000,0.000000
71.699998,1.363391,0.328171,1.636609,-0.328171,0.215392,0.000000,0.000000,0.000000,0.000000,0.000000,0.000000
71.799998,1.362993,0.325844,1.637007,-0.325844,0.212349,0.000000,0.000000,0.000000,0.000000,0.000000,0.000000
71.899998,1.362593,0.323534,1.637407,-0.323534,0.209348,0.000000,0.000000,0.000000,0.000000,0.000000,0.000000
71.999998,1.362191,0.321239,1.637809,-0.321239,0.206389,0.000000,0.000000,0.000000,0.000000,0.000000,0.000000
72.099998,1.361787,0.318960,1.638213,-0.318960,0.203471,0.000000,0.000000,0.000000,0.000000,0.000000,0.000000
72.199998,1.361382,0.316697,1.638618,-0.316697,0.200594,0.000000,0.000000,0.000000,0.000000,0.000000,0.000000
72.299998,1.360975,0.314449,1.639025,-0.314449,0.197756,0.000000,0.000000,0.000000,0.000000,0.000000,0.000000
72.399998,1.360566,0.312216,1.639434,-0.312216,0.194958,0.000000,0.000000,0.000000,0.000000,0.000000,0.000000
72.499998,1.360156,0.310000,1.639844,-0.310000,0.192199,0.000000,0.000000,0.000000,0.000000,0.000000,0.000000
72.599998,1.359744,0.307798,1.640256,-0.307798,0.189479,0.000000,0.000000,0.000000,0.000000,0.000000,0.000000
72.699998,1.359330,0.305611,1.640670,-0.305611,0.186797,0.000000,0.000000,0.000000,0.000000,0.000000,0.000000
72.799998,1.358915,0.303440,1.641085,-0.303440,0.184152,0.000000,0.000000,0.000000,0.000000,0.000000,0.000000
72.899998,1.358498,0.301284,1.641502,-0.301284,0.181544,0.000000,0.000000,0.000000,0.000000,0.000000,0.000000
72.999998,1.358079,0.299142,1.641921,-0.299142,0.178972,0.000000,0.000000,0.000000,0.000000,0.000000,0.000000
73.099998,1.357659,0.297016,1.642341,-0.297016,0.176436,0.000000,0.000000,0.000000,0.000000,0.000000,0.000000
73.199998,1.357237,0.294904,1.642763,-0.294904,0.173936,0.000000,0.000000,0.000000,0.000000,0.000000,0.000000
73.299998,1.356813,0.292807,1.643187,-0.292807,0.171471,0.000000,0.000000,0.000000,0.000000,0.000000,0.000000
73.399998,1.356387,0.290724,1.643613,-0.290724,0.169041,0.000000,0.000000,0.000000,0.000000,0.000000,0.000000
73.499998,1.355960,0.288656,1.644040,-0.288656,0.166644,0.000000,0.000000,0.000000,0.000000,0.000000,0.000000
73.599998,1.355531,0.286602,1.644469,-0.286602,0.164282,0.000000,0.000000,0.000000,0.000000,0.000000,0.000000
73.699998,1.355101,0.284563,1.644899,-0.284563,0.161952,0.000000,0.000000,0.000000,0.000000,0.000000,0.000000
73.799998,1.354668,0.282538,1.645332,-0.282538,0.159655,0.000000,0.000000,0.000000,0.000000,0.000000,0.000000
73.899998,1.354234,0.280527,1.645766,-0.280527,0.157391,0.000000,0.000000,0.000000,0.000000,0.000000,0.000000
73.999998,1.353799,0.278530,1.646201,-0.278530,0.155158,0.000000,0.000000,0.000000,0.000000,0.000000,0.000000
74.099998,1.353361,0.276547,1.646639,-0.276547,0.152957,0.000000,0.000000,0.000000,0.000000,0.000000,0.000000
74.199998,1.352922,0.274579,1.647078,-0.274579,0.150787,0.000000,0.000000,0.000000,0.000000,0.000000,0.000000
74.299998,1.352481,0.272623,1.647519,-0.272623,0.148647,0.000000,0.000000,0.000000,0.000000,0.000000,0.000000
74.399998,1.352039,0.270682,1.647961,-0.270682,0.146538,0.000000,0.000000,0.000000,0.000000,0.000000,0.000000
74.499998,1.351594,0.268755,1.648406,-0.268755,0.144458,0.000000,0.000000,0.000000,0.000000,0.000000,0.000000
74.599998,1.351148,0.266840,1.648852,-0.266840,0.142408,0.000000,0.000000,0.000000,0.000000,0.000000,0.000000
74.699998,1.350700,0.264940,1.649300,-0.264940,0.140386,0.000000,0.000000,0.000000,0.000000,0.000000,0.000000
74.799998,1.350251,0.263053,1.649749,-0.263053,0.138394,0.000000,0.000000,0.000000,0.000000,0.000000,0.000000
74.899998,1.349800,0.261179,1.650200,-0.261179,0.136429,0.000000,0.000000,0.000000,0.000000,0.000000,0.000000
74.999998,1.349347,0.259319,1.650653,-0.259319,0.134492,0.000000,0.000000,0.000000,0.000000,0.000000,0.000000
75.099998,1.348892,0.257471,1.651108,-0.257471,0.132583,0.000000,0.000000,0.000000,0.000000,0.000000,0.000000
75.199998,1.348435,0.255637,1.651565,-0.255637,0.130701,0.000000,0.000000,0.000000,0.000000,0.000000,0.000000
75.299998,1.347977,0.253816,1.652023,-0.253816,0.128845,0.000000,0.000000,0.000000,0.000000,0.000000,0.000000
75.399998,1.347517,0.252008,1.652483,-0.252008,0.127016,0.000000,0.000000,0.000000,0.000000,0.000000,0.000000
75.499998,1.347055,0.250212,1.652945,-0.250212,0.125212,0.000000,0.000000,0.000000,0.000000,0.000000,0.000000
75.599998,1.346592,0.248430,1.653408,-0.248430,0.123435,0.000000,0.000000,0.000000,0.000000,0.000000,0.000000
75.699998,1.346127,0.246660,1.653873,-0.246660,0.121682,0.000000,0.000000,0.000000,0.000000,0.000000,0.000000
75.799998,1.345660,0.244902,1.654340,-0.244902,0.119954,0.000000,0.000000,0.000000,0.000000,0.000000,0.000000
75.899998,1.345191,0.243158,1.654809,-0.243158,0.118251,0.000000,0.000000,0.000000,0.000000,0.000000,0.000000
75.999998,1.344721,0.241425,1.655279,-0.241425,0.116572,0.000000,0.000000,0.000000,0.000000,0.000000,0.000000
76.099998,1.344248,0.239706,1.655752,-0.239706,0.114917,0.000000,0.000000,0.000000,0.000000,0.000000,0.000000
76.199998,1.343774,0.237998,1.656226,-0.237998,0.113286,0.000000,0.000000,0.000000,0.000000,0.000000,0.000000
76.299998,1.343299,0.236303,1.656701,-0.236303,0.111678,0.000000,0.000000,0.000000,0.000000,0.000000,0.000000
76.399998,1.342821,0.234620,1.657179,-0.234620,0.110093,0.000000,0.000000,0.000000,0.000000,0.000000,0.000000
76.499998,1.342342,0.232948,1.657658,-0.232948,0.108530,0.000000,0.000000,0.000000,0.000000,0.000000,0.000000
76.599998,1.341861,0.231289,1.658139,-0.231289,0.106990,0.000000,0.000000,0.000000,0.000000,0.000000,0.000000
76.699998,1.341378,0.229642,1.658622,-0.229642,0.105471,0.000000,0.000000,0.000000,0.000000,0.000000,0.000000
76.799998,1.340893,0.228007,1.659107,-0.228007,0.103974,0.000000,0.000000,0.000000,0.000000,0.000000,0.000000
76.899998,1.340407,0.226384,1.659593,-0.226384,0.102499,0.000000,0.000000,0.000000,0.000000,0.000000,0.000000
76.999998,1.339919,0.224772,1.660081,-0.224772,0.101045,0.000000,0.000000,0.000000,0.000000,0.000000,0.000000
77.099998,1.339429,0.223172,1.660571,-0.223172,0.099611,0.000000,0.000000,0.000000,0.000000,0.000000,0.000000
77.199998,1.338937,0.221583,1.661063,-0.221583,0.098198,0.000000,0.000000,0.000000,0.000000,0.000000,0.000000
77.299998,1.338444,0.220006,1.661556,-0.220006,0.096805,0.000000,0.000000,0.000000,0.000000,0.000000,0.000000
77.399998,1.337948,0.218440,1.662052,-0.218440,0.095432,0.000000,0.000000,0.000000,0.000000,0.000000,0.000000
77.499998,1.337451,0.216886,1.662549,-0.216886,0.094079,0.000000,0.000000,0.000000,0.000000,0.000000,0.000000
77.599998,1.336952,0.215343,1.663048,-0.215343,0.092745,0.000000,0.000000,0.000000,0.000000,0.000000,0.000000
77.699998,1.336452,0.213811,1.663548,-0.213811,0.091430,0.000000,0.000000,0.000000,0.000000,0.000000,0.000000
77.799998,1.335949,0.212290,1.664051,-0.212290,0.090134,0.000000,0.000000,0.000000,0.000000,0.000000,0.000000
77.899998,1.335445,0.210781,1.664555,-0.210781,0.088857,0.000000,0.000000,0.000000,0.000000,0.000000,0.000000
77.999998,1.334939,0.209282,1.665061,-0.209282,0.087598,0.000000,0.000000,0.000000,0.000000,0.000000,0.000000
78.099998,1.334432,0.207794,1.665568,-0.207794,0.086357,0.000000,0.000000,0.000000,0.000000,0.000000,0.000000
78.199998,1.333922,0.206317,1.666078,-0.206317,0.085134,0.000000,0.000000,0.000000,0.000000,0.000000,0.000000
78.299998,1.333411,0.204851,1.666589,-0.204851,0.083928,0.000000,0.000000,0.000000,0.000000,0.000000,0.000000
78.399998,1.332898,0.203396,1.667102,-0.203396,0.082739,0.000000,0.000000,0.000000,0.000000,0.000000,0.000000
78.499998,1.332383,0.201951,1.667617,-0.201951,0.081568,0.000000,0.000000,0.000000,0.000000,0.000000,0.000000
78.599998,1.331866,0.200516,1.668134,-0.200516,0.080414,0.000000,0.000000,0.000000,0.000000,0.000000,0.000000
78.699998,1.331347,0.199093,1.668653,-0.199093,0.079276,0.000000,0.000000,0.000000,0.000000,0.000000,0.000000
78.799998,1.330827,0.197679,1.669173,-0.197679,0.078154,0.000000,0.000000,0.000000,0.000000,0.000000,0.000000
78.899998,1.330305,0.196276,1.669695,-0.196276,0.077049,0.000000,0.000000,0.000000,0.000000,0.000000,0.000000
78.999998,1.329781,0.194883,1.670219,-0.194883,0.075959,0.000000,0.000000,0.000000,0.000000,0.000000,0.000000
79.099998,1.329255,0.193501,1.670745,-0.193501,0.074885,0.000000,0.000000,0.000000,0.000000,0.000000,0.000000
79.199998,1.328728,0.192128,1.671272,-0.192128,0.073827,0.000000,0.000000,0.000000,0.000000,0.000000,0.000000
79.299998,1.328198,0.190766,1.671802,-0.190766,0.072783,0.000000,0.000000,0.000000,0.000000,0.000000,0.000000
79.399998,1.327667,0.189414,1.672333,-0.189414,0.071755,0.000000,0.000000,0.000000,0.000000,0.000000,0.000000
79.499998,1.327134,0.188071,1.672866,-0.188071,0.070742,0.000000,0.000000,0.000000,0.000000,0.000000,0.000000
79.599998,1.326600,0.186739,1.673400,-0.186739,0.069743,0.000000,0.000000,0.000000,0.000000,0.000000,0.000000
79.699998,1.326063,0.185416,1.673937,-0.185416,0.068758,0.000000,0.000000,0.000000,0.000000,0.000000,0.000000
79.799998,1.325525,0.184103,1.674475,-0.184103,0.067788,0.000000,0.000000,0.000000,0.000000,0.000000,0.000000
79.899998,1.324985,0.182800,1.675015,-0.182800,0.066832,0.000000,0.000000,0.000000,0.000000,0.000000,0.000000
79.999998,1.324443,0.181507,1.675557,-0.181507,0.065889,0.000000,0.000000,0.000000,0.000000,0.000000,0.000000
80.099998,1.323899,0.180223,1.676101,-0.180223,0.064960,0.000000,0.000000,0.000000,0.000000,0.000000,0.000000
80.199998,1.323353,0.178948,1.676647,-0.178948,0.064045,0.000000,0.000000,0.000000,0.000000,0.000000,0.000000
80.299998,1.322806,0.177683,1.677194,-0.177683,0.063143,0.000000,0.000000,0.000000,0.000000,0.000000,0.000000
80.399998,1.322257,0.176427,1.677743,-0.176427,0.062253,0.000000,0.000000,0.000000,0.000000,0.000000,0.000000
80.499998,1.321706,0.175181,1.678294,-0.175181,0.061377,0.000000,0.000000,0.000000,0.000000,0.000000,0.000000
80.599998,1.321153,0.173944,1.678847,-0.173944,0.060513,0.000000,0.000000,0.000000,0.000000,0.000000,0.000000
80.699998,1.320599,0.172716,1.679401,-0.172716,0.059661,0.000000,0.000000,0.000000,0.000000,0.000000,0.000000
80.799998,1.320042,0.171497,1.679958,-0.171497,0.058822,0.000000,0.000000,0.000000,0.000000,0.000000,0.000000
80.899998,1.319484,0.170287,1.680516,-0.170287,0.057995,0.000000,0.000000,0.000000,0.000000,0.000000,0.000000
80.999998,1.318924,0.169086,1.681076,-0.169086,0.057180,0.000000,0.000000,0.000000,0.000000,0.000000,0.000000
81.099998,1.318362,0.167894,1.681638,-0.167894,0.056377,0.000000,0.000000,0.000000,0.000000,0.000000,0.000000
81.199998,1.317799,0.166711,1.682201,-0.166711,0.055585,0.000000,0.000000,0.000000,0.000000,0.000000,0.000000
81.299998,1.317233,0.165537,1.682767,-0.165537,0.054805,0.000000,0.000000,0.000000,0.000000,0.000000,0.000000
81.399998,1.316666,0.164371,1.683334,-0.164371,0.054036,0.000000,0.000000,0.000000,0.000000,0.000000,0.000000
81.499998,1.316097,0.163214,1.683903,-0.163214,0.053278,0.000000,0.000000,0.000000,0.000000,0.000000,0.000000
81.599998,1.315526,0.162066,1.684474,-0.162066,0.052531,0.000000,0.000000,0.000000,0.000000,0.000000,0.000000
81.699998,1.314953,0.160927,1.685047,-0.160927,0.051795,0.000000,0.000000,0.000000,0.000000,0.000000,0.000000
81.799998,1.314379,0.159796,1.685621,-0.159796,0.051069,0.000000,0.000000,0.000000,0.000000,0.000000,0.000000
81.899998,1.313803,0.158673,1.686197,-0.158673,0.050354,0.000000,0.000000,0.000000,0.000000,0.000000,0.000000
81.999998,1.313225,0.157559,1.686775,-0.157559,0.049649,0.000000,0.000000,0.000000,0.000000,0.000000,0.000000
82.099998,1.312645,0.156453,1.687355,-0.156453,0.048955,0.000000,0.000000,0.000000,0.000000,0.000000,0.000000
82.199998,1.312063,0.155355,1.687937,-0.155355,0.048270,0.000000,0.000000,0.000000,0.000000,0.000000,0.000000
82.299998,1.311480,0.154266,1.688520,-0.154266,0.047596,0.000000,0.000000,0.000000,0.000000,0.000000,0.000000
82.399998,1.310894,0.153184,1.689106,-0.153184,0.046931,0.000000,0.000000,0.000000,0.000000,0.000000,0.000000
82.499998,1.310307,0.152111,1.689693,-0.152111,0.046276,0.000000,0.000000,0.000000,0.000000,0.000000,0.000000
82.599998,1.309719,0.151046,1.690281,-0.151046,0.045630,0.000000,0.000000,0.000000,0.000000,0.000000,0.000000
82.699998,1.309128,0.149989,1.690872,-0.149989,0.044993,0.000000,0.000000,0.000000,0.000000,0.000000,0.000000
82.799998,1.308535,0.148940,1.691465,-0.148940,0.044366,0.000000,0.000000,0.000000,0.000000,0.000000,0.000000
82.899998,1.307941,0.147899,1.692059,-0.147899,0.043748,0.000000,0.000000,0.000000,0.000000,0.000000,0.000000
82.999998,1.307345,0.146865,1.692655,-0.146865,0.043139,0.000000,0.000000,0.000000,0.000000,0.000000,0.000000
83.099998,1.306747,0.145839,1.693253,-0.145839,0.042538,0.000000,0.000000,0.000000,0.000000,0.000000,0.000000
83.199998,1.306148,0.144821,1.693852,-0.144821,0.041946,0.000000,0.000000,0.000000,0.000000,0.000000,0.000000
83.299998,1.305546,0.143811,1.694454,-0.143811,0.041363,0.000000,0.000000,0.000000,0.000000,0.000000,0.000000
83.399998,1.304943,0.142808,1.695057,-0.142808,0.040788,0.000000,0.000000,0.000000,0.000000,0.000000,0.000000
83.499998,1.304338,0.141813,1.695662,-0.141813,0.040222,0.000000,0.000000,0.000000,0.000000,0.000000,0.000000
83.599998,1.303731,0.140826,1.696269,-0.140826,0.039664,0.000000,0.000000,0.000000,0.000000,0.000000,0.000000
83.699998,1.303123,0.139845,1.696877,-0.139845,0.039114,0.000000,0.000000,0.000000,0.000000,0.000000,0.000000
83.799998,1.302512,0.138873,1.697488,-0.138873,0.038571,0.000000,0.000000,0.000000,0.000000,0.000000,0.000000
83.899998,1.301900,0.137907,1.698100,-0.137907,0.038037,0.000000,0.000000,0.000000,0.000000,0.000000,0.000000
83.999998,1.301286,0.136949,1.698714,-0.136949,0.037510,0.000000,0.000000,0.000000,0.000000,0.000000,0.000000
84.099998,1.300671,0.135998,1.699329,-0.135998,0.036991,0.000000,0.000000,0.000000,0.000000,0.000000,0.000000
84.199998,1.300053,0.135055,1.699947,-0.135055,0.036479,0.000000,0.000000,0.000000,0.000000,0.000000,0.000000
84.299998,1.299434,0.134118,1.700566,-0.134118,0.035975,0.000000,0.000000,0.000000,0.000000,0.000000,0.000000
84.399998,1.298813,0.133188,1.701187,-0.133188,0.035478,0.000000,0.000000,0.000000,0.000000,0.000000,0.000000
84.499998,1.298190,0.132266,1.701810,-0.132266,0.034989,0.000000,0.000000,0.000000,0.000000,0.000000,0.000000
84.599998,1.297566,0.131351,1.702434,-0.131351,0.034506,0.000000,0.000000,0.000000,0.000000,0.000000,0.000000
84.699998,1.296939,0.130442,1.703061,-0.130442,0.034030,0.000000,0.000000,0.000000,0.000000,0.000000,0.000000
84.799998,1.296311,0.129540,1.703689,-0.129540,0.033561,0.000000,0.000000,0.000000,0.000000,0.000000,0.000000
84.899998,1.295681,0.128646,1.704319,-0.128646,0.033099,0.000000,0.000000,0.000000,0.000000,0.000000,0.000000
84.999998,1.295050,0.127758,1.704950,-0.127758,0.032644,0.000000,0.000000,0.000000,0.000000,0.000000,0.000000
85.099998,1.294417,0.126876,1.705583,-0.126876,0.032195,0.000000,0.000000,0.000000,0.000000,0.000000,0.000000
85.199998,1.293781,0.126002,1.706219,-0.126002,0.031753,0.000000,0.000000,0.000000,0.000000,0.000000,0.000000
85.299998,1.293145,0.125134,1.706855,-0.125134,0.031317,0.000000,0.000000,0.000000,0.000000,0.000000,0.000000
85.399998,1.292506,0.124273,1.707494,-0.124273,0.030887,0.000000,0.000000,0.000000,0.000000,0.000000,0.000000
85.499998,1.291866,0.123418,1.708134,-0.123418,0.030464,0.000000,0.000000,0.000000,0.000000,0.000000,0.000000
85.599998,1.291224,0.122569,1.708776,-0.122569,0.030047,0.000000,0.000000,0.000000,0.000000,0.000000,0.000000
85.699998,1.290580,0.121728,1.709420,-0.121728,0.029635,0.000000,0.000000,0.000000,0.000000,0.000000,0.000000
85.799998,1.289934,0.120892,1.710066,-0.120892,0.029230,0.000000,0.000000,0.000000,0.000000,0.000000,0.000000
85.899998,1.289287,0.120063,1.710713,-0.120063,0.028830,0.000000,0.000000,0.000000,0.000000,0.000000,0.000000
85.999998,1.288638,0.119240,1.711362,-0.119240,0.028437,0.000000,0.000000,0.000000,0.000000,0.000000,0.000000
86.099998,1.287987,0.118424,1.712013,-0.118424,0.028048,0.000000,0.000000,0.000000,0.000000,0.000000,0.000000
86.199998,1.287335,0.117614,1.712665,-0.117614,0.027666,0.000000,0.000000,0.000000,0.000000,0.000000,0.000000
86.299998,1.286680,0.116810,1.713320,-0.116810,0.027289,0.000000,0.000000,0.000000,0.000000,0.000000,0.000000
86.399998,1.286025,0.116012,1.713975,-0.116012,0.026917,0.000000,0.000000,0.000000,0.000000,0.000000,0.000000
86.499998,1.285367,0.115220,1.714633,-0.115220,0.026551,0.000000,0.000000,0.000000,0.000000,0.000000,0.000000
86.599998,1.284708,0.114434,1.715292,-0.114434,0.026190,0.000000,0.000000,0.000000,0.000000,0.000000,0.000000
86.699998,1.284047,0.113654,1.715953,-0.113654,0.025835,0.000000,0.000000,0.000000,0.000000,0.000000,0.000000
86.799998,1.283384,0.112880,1.716616,-0.112880,0.025484,0.000000,0.000000,0.000000,0.000000,0.000000,0.000000
86.899998,1.282719,0.112113,1.717281,-0.112113,0.025138,0.000000,0.000000,0.000000,0.000000,0.000000,0.000000
86.999998,1.282053,0.111350,1.717947,-0.111350,0.024798,0.000000,0.000000,0.000000,0.000000,0.000000,0.000000
87.099998,1.281385,0.110594,1.718615,-0.110594,0.024462,0.000000,0.000000,0.000000,0.000000,0.000000,0.000000
87.199998,1.280716,0.109844,1.719284,-0.109844,0.024131,0.000000,0.000000,0.000000,0.000000,0.000000,0.000000
87.299998,1.280045,0.109099,1.719955,-0.109099,0.023805,0.000000,0.000000,0.000000,0.000000,0.000000,0.000000
87.399998,1.279372,0.108360,1.720628,-0.108360,0.023484,0.000000,0.000000,0.000000,0.000000,0.000000,0.000000
87.499998,1.278697,0.107627,1.721303,-0.107627,0.023167,0.000000,0.000000,0.000000,0.000000,0.000000,0.000000
87.599998,1.278021,0.106899,1.721979,-0.106899,0.022855,0.000000,0.000000,0.000000,0.000000,0.000000,0.000000
87.699998,1.277343,0.106177,1.722657,-0.106177,0.022547,0.000000,0.000000,0.000000,0.000000,0.000000,0.000000
87.799998,1.276664,0.105460,1.723336,-0.105460,0.022244,0.000000,0.000000,0.000000,0.000000,0.000000,0.000000
87.899998,1.275982,0.104749,1.724018,-0.104749,0.021945,0.000000,0.000000,0.000000,0.000000,0.000000,0.000000
87.999998,1.275299,0.104043,1.724701,-0.104043,0.021650,0.000000,0.000000,0.000000,0.000000,0.000000,0.000000
88.099998,1.274615,0.103343,1.725385,-0.103343,0.021360,0.000000,0.000000,0.000000,0.000000,0.000000,0.000000
88.199998,1.273929,0.102648,1.726071,-0.102648,0.021073,0.000000,0.000000,0.000000,0.000000,0.000000,0.000000
88.299998,1.273241,0.101959,1.726759,-0.101959,0.020791,0.000000,0.000000,0.000000,0.000000,0.000000,0.000000
88.399998,1.272551,0.101274,1.727449,-0.101274,0.020513,0.000000,0.000000,0.000000,0.000000,0.000000,0.000000
88.499998,1.271860,0.100595,1.728140,-0.100595,0.020239,0.000000,0.000000,0.000000,0.000000,0.000000,0.000000
88.599998,1.271168,0.099922,1.728832,-0.099922,0.019969,0.000000,0.000000,0.000000,0.000000,0.000000,0.000000
88.699998,1.270473,0.099253,1.729527,-0.099253,0.019702,0.000000,0.000000,0.000000,0.000000,0.000000,0.000000
88.799998,1.269777,0.098589,1.730223,-0.098589,0.019440,0.000000,0.000000,0.000000,0.000000,0.000000,0.000000
88.899998,1.269080,0.097931,1.730920,-0.097931,0.019181,0.000000,0.000000,0.000000,0.000000,0.000000,0.000000
88.999998,1.268381,0.097278,1.731619,-0.097278,0.018926,0.000000,0.000000,0.000000,0.000000,0.000000,0.000000
89.099998,1.267680,0.096629,1.732320,-0.096629,0.018674,0.000000,0.000000,0.000000,0.000000,0.000000,0.000000
89.199998,1.266978,0.095986,1.733022,-0.095986,0.018427,0.000000,0.000000,0.000000,0.000000,0.000000,0.000000
89.299998,1.266274,0.095347,1.733726,-0.095347,0.018182,0.000000,0.000000,0.000000,0.000000,0.000000,0.000000
89.399998,1.265568,0.094714,1.734432,-0.094714,0.017941,0.000000,0.000000,0.000000,0.000000,0.000000,0.000000
89.499998,1.264861,0.094085,1.735139,-0.094085,0.017704,0.000000,0.000000,0.000000,0.000000,0.000000,0.000000
89.599998,1.264152,0.093462,1.735848,-0.093462,0.017470,0.000000,0.000000,0.000000,0.000000,0.000000,0.000000
89.699998,1.263442,0.092843,1.736558,-0.092843,0.017239,0.000000,0.000000,0.000000,0.000000,0.000000,0.000000
89.799998,1.262730,0.092228,1.737270,-0.092228,0.017012,0.000000,0.000000,0.000000,0.000000,0.000000,0.000000
89.899998,1.262017,0.091619,1.737983,-0.091619,0.016788,0.000000,0.000000,0.000000,0.000000,0.000000,0.000000
89.999998,1.261302,0.091014,1.738698,-0.091014,0.016567,0.000000,0.000000,0.000000,0.000000,0.000000,0.000000
90.099998,1.260586,0.090414,1.739414,-0.090414,0.016349,0.000000,0.000000,0.000000,0.000000,0.000000,0.000000
90.199998,1.259868,0.089818,1.740132,-0.089818,0.016135,0.000000,0.000000,0.000000,0.000000,0.000000,0.000000
90.299998,1.259148,0.089227,1.740852,-0.089227,0.015923,0.000000,0.000000,0.000000,0.000000,0.000000,0.000000
90.399998,1.258427,0.088641,1.741573,-0.088641,0.015714,0.000000,0.000000,0.000000,0.000000,0.000000,0.000000
90.499998,1.257705,0.088059,1.742295,-0.088059,0.015509,0.000000,0.000000,0.000000,0.000000,0.000000,0.000000
90.599998,1.256981,0.087482,1.743019,-0.087482,0.015306,0.000000,0.000000,0.000000,0.000000,0.000000,0.000000
90.699998,1.256255,0.086909,1.743745,-0.086909,0.015106,0.000000,0.000000,0.000000,0.000000,0.000000,0.000000
90.799998,1.255528,0.086340,1.744472,-0.086340,0.014909,0.000000,0.000000,0.000000,0.000000,0.000000,0.000000
90.899998,1.254799,0.085776,1.745201,-0.085776,0.014715,0.000000,0.000000,0.000000,0.000000,0.000000,0.000000
90.999998,1.254069,0.085216,1.745931,-0.085216,0.014524,0.000000,0.000000,0.000000,0.000000,0.000000,0.000000
91.099998,1.253338,0.084661,1.746662,-0.084661,0.014335,0.000000,0.000000,0.000000,0.000000,0.000000,0.000000
91.199998,1.252605,0.084110,1.747395,-0.084110,0.014149,0.000000,0.000000,0.000000,0.000000,0.000000,0.000000
91.299998,1.251870,0.083563,1.748130,-0.083563,0.013965,0.000000,0.000000,0.000000,0.000000,0.000000,0.000000
91.399998,1.251135,0.083020,1.748865,-0.083020,0.013785,0.000000,0.000000,0.000000,0.000000,0.000000,0.000000
91.499998,1.250397,0.082481,1.749603,-0.082481,0.013606,0.000000,0.000000,0.000000,0.000000,0.000000,0.000000
91.599998,1.249658,0.081947,1.750342,-0.081947,0.013431,0.000000,0.000000,0.000000,0.000000,0.000000,0.000000
91.699998,1.248918,0.081417,1.751082,-0.081417,0.013257,0.000000,0.000000,0.000000,0.000000,0.000000,0.000000
91.799998,1.248176,0.080891,1.751824,-0.080891,0.013087,0.000000,0.000000,0.000000,0.000000,0.000000,0.000000
91.899998,1.247433,0.080368,1.752567,-0.080368,0.012918,0.000000,0.000000,0.000000,0.000000,0.000000,0.000000
91.999998,1.246689,0.079850,1.753311,-0.079850,0.012752,0.000000,0.000000,0.000000,0.000000,0.000000,0.000000
92.099998,1.245943,0.079336,1.754057,-0.079336,0.012588,0.000000,0.000000,0.000000,0.000000,0.000000,0.000000
92.199998,1.245196,0.078826,1.754804,-0.078826,0.012427,0.000000,0.000000,0.000000,0.000000,0.000000,0.000000
92.299998,1.244447,0.078320,1.755553,-0.078320,0.012268,0.000000,0.000000,0.000000,0.000000,0.000000,0.000000
92.399998,1.243697,0.077818,1.756303,-0.077818,0.012111,0.000000,0.000000,0.000000,0.000000,0.000000,0.000000
92.499998,1.242945,0.077319,1.757055,-0.077319,0.011956,0.000000,0.000000,0.000000,0.000000,0.000000,0.000000
92.599998,1.242192,0.076825,1.757808,-0.076825,0.011804,0.000000,0.000000,0.000000,0.000000,0.000000,0.000000
92.699998,1.241438,0.076334,1.758562,-0.076334,0.011654,0.000000,0.000000,0.000000,0.000000,0.000000,0.000000
92.799998,1.240683,0.075847,1.759317,-0.075847,0.011505,0.000000,0.000000,0.000000,0.000000,0.000000,0.000000
92.899998,1.239926,0.075364,1.760074,-0.075364,0.011359,0.000000,0.000000,0.000000,0.000000,0.000000,0.000000
92.999998,1.239168,0.074884,1.760832,-0.074884,0.011215,0.000000,0.000000,0.000000,0.000000,0.000000,0.000000
93.099998,1.238408,0.074408,1.761592,-0.074408,0.011073,0.000000,0.000000,0.000000,0.000000,0.000000,0.000000
93.199998,1.237647,0.073936,1.762353,-0.073936,0.010933,0.000000,0.000000,0.000000,0.000000,0.000000,0.000000
93.299998,1.236885,0.073468,1.763115,-0.073468,0.010795,0.000000,0.000000,0.000000,0.000000,0.000000,0.000000
93.399998,1.236121,0.073003,1.763879,-0.073003,0.010659,0.000000,0.000000,0.000000,0.000000,0.000000,0.000000
93.499998,1.235357,0.072541,1.764643,-0.072541,0.010525,0.000000,0.000000,0.000000,0.000000,0.000000,0.000000
93.599998,1.234590,0.072084,1.765410,-0.072084,0.010392,0.000000,0.000000,0.000000,0.000000,0.000000,0.000000
93.699998,1.233823,0.071630,1.766177,-0.071630,0.010262,0.000000,0.000000,0.000000,0.000000,0.000000,0.000000
93.799998,1.233054,0.071179,1.766946,-0.071179,0.010133,0.000000,0.000000,0.000000,0.000000,0.000000,0.000000
93.899998,1.232285,0.070732,1.767715,-0.070732,0.010006,0.000000,0.000000,0.000000,0.000000,0.000000,0.000000
93.999998,1.231513,0.070288,1.768487,-0.070288,0.009881,0.000000,0.000000,0.000000,0.000000,0.000000,0.000000
94.099998,1.230741,0.069848,1.769259,-0.069848,0.009757,0.000000,0.000000,0.000000,0.000000,0.000000,0.000000
94.199998,1.229967,0.069411,1.770033,-0.069411,0.009636,0.000000,0.000000,0.000000,0.000000,0.000000,0.000000
94.299998,1.229192,0.068977,1.770808,-0.068977,0.009516,0.000000,0.000000,0.000000,0.000000,0.000000,0.000000
94.399998,1.228416,0.068547,1.771584,-0.068547,0.009397,0.000000,0.000000,0.000000,0.000000,0.000000,0.000000
94.499998,1.227639,0.068120,1.772361,-0.068120,0.009281,0.000000,0.000000,0.000000,0.000000,0.000000,0.000000
94.599998,1.226861,0.067696,1.773139,-0.067696,0.009166,0.000000,0.000000,0.000000,0.000000,0.000000,0.000000
94.699998,1.226081,0.067276,1.773919,-0.067276,0.009052,0.000000,0.000000,0.000000,0.000000,0.000000,0.000000
94.799998,1.225300,0.066859,1.774700,-0.066859,0.008940,0.000000,0.000000,0.000000,0.000000,0.000000,0.000000
94.899998,1.224518,0.066445,1.775482,-0.066445,0.008830,0.000000,0.000000,0.000000,0.000000,0.000000,0.000000
94.999998,1.223735,0.066034,1.776265,-0.066034,0.008721,0.000000,0.000000,0.000000,0.000000,0.000000,0.000000
95.099998,1.222950,0.065627,1.777050,-0.065627,0.008614,0.000000,0.000000,0.000000,0.000000,0.000000,0.000000
95.199998,1.222165,0.065222,1.777835,-0.065222,0.008508,0.000000,0.000000,0.000000,0.000000,0.000000,0.000000
95.299998,1.221378,0.064821,1.778622,-0.064821,0.008403,0.000000,0.000000,0.000000,0.000000,0.000000,0.000000
95.399998,1.220590,0.064423,1.779410,-0.064423,0.008301,0.000000,0.000000,0.000000,0.000000,0.000000,0.000000
95.499998,1.219802,0.064027,1.780198,-0.064027,0.008199,0.000000,0.000000,0.000000,0.000000,0.000000,0.000000
95.599998,1.219012,0.063635,1.780988,-0.063635,0.008099,0.000000,0.000000,0.000000,0.000000,0.000000,0.000000
95.699998,1.218220,0.063246,1.781780,-0.063246,0.008000,0.000000,0.000000,0.000000,0.000000,0.000000,0.000000
95.799998,1.217428,0.062860,1.782572,-0.062860,0.007903,0.000000,0.000000,0.000000,0.000000,0.000000,0.000000
95.899998,1.216635,0.062477,1.783365,-0.062477,0.007807,0.000000,0.000000,0.000000,0.000000,0.000000,0.000000
95.999998,1.215841,0.062097,1.784159,-0.062097,0.007712,0.000000,0.000000,0.000000,0.000000,0.000000,0.000000
96.099998,1.215045,0.061720,1.784955,-0.061720,0.007619,0.000000,0.000000,0.000000,0.000000,0.000000,0.000000
96.199998,1.214249,0.061345,1.785751,-0.061345,0.007526,0.000000,0.000000,0.000000,0.000000,0.000000,0.000000
96.299998,1.213451,0.060974,1.786549,-0.060974,0.007436,0.000000,0.000000,0.000000,0.000000,0.000000,0.000000
96.399998,1.212653,0.060605,1.787347,-0.060605,0.007346,0.000000,0.000000,0.000000,0.000000,0.000000,0.000000
96.499998,1.211853,0.060239,1.788147,-0.060239,0.007258,0.000000,0.000000,0.000000,0.000000,0.000000,0.000000
96.599998,1.211053,0.059877,1.788947,-0.059877,0.007170,0.000000,0.000000,0.000000,0.000000,0.000000,0.000000
96.699998,1.210251,0.059516,1.789749,-0.059516,0.007084,0.000000,0.000000,0.000000,0.000000,0.000000,0.000000
96.799998,1.209449,0.059159,1.790551,-0.059159,0.007000,0.000000,0.000000,0.000000,0.000000,0.000000,0.000000
96.899998,1.208645,0.058804,1.791355,-0.058804,0.006916,0.000000,0.000000,0.000000,0.000000,0.000000,0.000000
96.999998,1.207841,0.058452,1.792159,-0.058452,0.006833,0.000000,0.000000,0.000000,0.000000,0.000000,0.000000
97.099998,1.207035,0.058103,1.792965,-0.058103,0.006752,0.000000,0.000000,0.000000,0.000000,0.000000,0.000000
97.199998,1.206229,0.057757,1.793771,-0.057757,0.006672,0.000000,0.000000,0.000000,0.000000,0.000000,0.000000
97.299998,1.205422,0.057413,1.794578,-0.057413,0.006592,0.000000,0.000000,0.000000,0.000000,0.000000,0.000000
97.399998,1.204613,0.057071,1.795387,-0.057071,0.006514,0.000000,0.000000,0.000000,0.000000,0.000000,0.000000
97.499998,1.203804,0.056733,1.796196,-0.056733,0.006437,0.000000,0.000000,0.000000,0.000000,0.000000,0.000000
97.599998,1.202994,0.056397,1.797006,-0.056397,0.006361,0.000000,0.000000,0.000000,0.000000,0.000000,0.000000
97.699998,1.202183,0.056063,1.797817,-0.056063,0.006286,0.000000,0.000000,0.000000,0.000000,0.000000,0.000000
97.799998,1.201371,0.055732,1.798629,-0.055732,0.006212,0.000000,0.000000,0.000000,0.000000,0.000000,0.000000
97.899998,1.200559,0.055404,1.799441,-0.055404,0.006139,0.000000,0.000000,0.000000,0.000000,0.000000,0.000000
97.999998,1.199745,0.055078,1.800255,-0.055078,0.006067,0.000000,0.000000,0.000000,0.000000,0.000000,0.000000
98.099998,1.198931,0.054755,1.801069,-0.054755,0.005996,0.000000,0.000000,0.000000,0.000000,0.000000,0.000000
98.199998,1.198115,0.054434,1.801885,-0.054434,0.005926,0.000000,0.000000,0.000000,0.000000,0.000000,0.000000
98.299998,1.197299,0.054115,1.802701,-0.054115,0.005857,0.000000,0.000000,0.000000,0.000000,0.000000,0.000000
98.399998,1.196482,0.053799,1.803518,-0.053799,0.005789,0.000000,0.000000,0.000000,0.000000,0.000000,0.000000
98.499998,1.195665,0.053486,1.804335,-0.053486,0.005721,0.000000,0.000000,0.000000,0.000000,0.000000,0.000000
98.599998,1.194846,0.053175,1.805154,-0.053175,0.005655,0.000000,0.000000,0.000000,0.000000,0.000000,0.000000
98.699998,1.194027,0.052866,1.805973,-0.052866,0.005590,0.000000,0.000000,0.000000,0.000000,0.000000,0.000000
98.799998,1.193207,0.052559,1.806793,-0.052559,0.005525,0.000000,0.000000,0.000000,0.000000,0.000000,0.000000
98.899998,1.192386,0.052255,1.807614,-0.052255,0.005461,0.000000,0.000000,0.000000,0.000000,0.000000,0.000000
98.999998,1.191564,0.051953,1.808436,-0.051953,0.005398,0.000000,0.000000,0.000000,0.000000,0.000000,0.000000
99.099998,1.190742,0.051654,1.809258,-0.051654,0.005336,0.000000,0.000000,0.000000,0.000000,0.000000,0.000000
99.199998,1.189919,0.051357,1.810081,-0.051357,0.005275,0.000000,0.000000,0.000000,0.000000,0.000000,0.000000
99.299998,1.189095,0.051062,1.810905,-0.051062,0.005215,0.000000,0.000000,0.000000,0.000000,0.000000,0.000000
99.399998,1.188270,0.050769,1.811730,-0.050769,0.005155,0.000000,0.000000,0.000000,0.000000,0.000000,0.000000
99.499998,1.187445,0.050479,1.812555,-0.050479,0.005096,0.000000,0.000000,0.000000,0.000000,0.000000,0.000000
99.599998,1.186619,0.050191,1.813381,-0.050191,0.005038,0.000000,0.000000,0.000000,0.000000,0.000000,0.000000
99.699998,1.185793,0.049904,1.814207,-0.049904,0.004981,0.000000,0.000000,0.000000,0.000000,0.000000,0.000000
99.799998,1.184965,0.049621,1.815035,-0.049621,0.004924,0.000000,0.000000,0.000000,0.000000,0.000000,0.000000
99.899998,1.184137,0.049339,1.815863,-0.049339,0.004869,0.000000,0.000000,0.000000,0.000000,0.000000,0.000000
99.999998,1.183309,0.049059,1.816691,-0.049059,0.004814,0.000000,0.000000,0.000000,0.000000,0.000000,0.000000
