# Two Dipoles. Viscous opposite moments. $\\Reyn=2e+01$, $x(0)=3$
# Commit: 2026-08-08-4-g5e9f416
# KinematicViscosity: 0.0416667
# TauMode: ConstPi32 τ = 1/π^(3/2)
# Date: 2026-08-14 01:33:45
time,d1_rx,d1_mx,d2_rx,d2_mx,sum_zeta_square,linear_impulse_x,linear_impulse_y,linear_impulse_z,angular_impulse_x,angular_impulse_y,angular_impulse_z
0.000000,0.000000,1.000000,3.000000,-1.000000,2.000000,0.000000,0.000000,0.000000,0.000000,0.000000,0.000000
0.100000,0.011379,1.000596,2.988621,-1.000596,2.002384,0.000000,0.000000,0.000000,0.000000,0.000000,0.000000
0.200000,0.022752,1.001210,2.977248,-1.001210,2.004845,0.000000,0.000000,0.000000,0.000000,0.000000,0.000000
0.300000,0.034117,1.001845,2.965883,-1.001845,2.007386,0.000000,0.000000,0.000000,0.000000,0.000000,0.000000
0.400000,0.045475,1.002499,2.954525,-1.002499,2.010010,0.000000,0.000000,0.000000,0.000000,0.000000,0.000000
0.500000,0.056825,1.003175,2.943175,-1.003175,2.012721,0.000000,0.000000,0.000000,0.000000,0.000000,0.000000
0.600000,0.068167,1.003873,2.931833,-1.003873,2.015523,0.000000,0.000000,0.000000,0.000000,0.000000,0.000000
0.700000,0.079501,1.004594,2.920499,-1.004594,2.018418,0.000000,0.000000,0.000000,0.000000,0.000000,0.000000
0.800000,0.090827,1.005338,2.909173,-1.005338,2.021410,0.000000,0.000000,0.000000,0.000000,0.000000,0.000000
0.900000,0.102144,1.006107,2.897856,-1.006107,2.024504,0.000000,0.000000,0.000000,0.000000,0.000000,0.000000
1.000000,0.113451,1.006902,2.886549,-1.006902,2.027704,0.000000,0.000000,0.000000,0.000000,0.000000,0.000000
1.100000,0.124750,1.007724,2.875250,-1.007724,2.031014,0.000000,0.000000,0.000000,0.000000,0.000000,0.000000
1.200000,0.136039,1.008573,2.863961,-1.008573,2.034438,0.000000,0.000000,0.000000,0.000000,0.000000,0.000000
1.300000,0.147317,1.009451,2.852683,-1.009451,2.037981,0.000000,0.000000,0.000000,0.000000,0.000000,0.000000
1.400000,0.158586,1.010358,2.841414,-1.010358,2.041648,0.000000,0.000000,0.000000,0.000000,0.000000,0.000000
1.500000,0.169843,1.011297,2.830157,-1.011297,2.045444,0.000000,0.000000,0.000000,0.000000,0.000000,0.000000
1.600000,0.181090,1.012268,2.818910,-1.012268,2.049374,0.000000,0.000000,0.000000,0.000000,0.000000,0.000000
1.700000,0.192324,1.013273,2.807676,-1.013273,2.053443,0.000000,0.000000,0.000000,0.000000,0.000000,0.000000
1.800000,0.203547,1.014312,2.796453,-1.014312,2.057659,0.000000,0.000000,0.000000,0.000000,0.000000,0.000000
1.900000,0.214758,1.015388,2.785242,-1.015388,2.062025,0.000000,0.000000,0.000000,0.000000,0.000000,0.000000
2.000000,0.225956,1.016501,2.774044,-1.016501,2.066549,0.000000,0.000000,0.000000,0.000000,0.000000,0.000000
2.100000,0.237141,1.017654,2.762859,-1.017654,2.071238,0.000000,0.000000,0.000000,0.000000,0.000000,0.000000
2.200000,0.248311,1.018847,2.751689,-1.018847,2.076097,0.000000,0.000000,0.000000,0.000000,0.000000,0.000000
2.300000,0.259468,1.020082,2.740532,-1.020082,2.081134,0.000000,0.000000,0.000000,0.000000,0.000000,0.000000
2.400000,0.270609,1.021361,2.729391,-1.021361,2.086356,0.000000,0.000000,0.000000,0.000000,0.000000,0.000000
2.500000,0.281736,1.022685,2.718264,-1.022685,2.091770,0.000000,0.000000,0.000000,0.000000,0.000000,0.000000
2.600000,0.292846,1.024057,2.707154,-1.024057,2.097385,0.000000,0.000000,0.000000,0.000000,0.000000,0.000000
2.700000,0.303940,1.025478,2.696060,-1.025478,2.103209,0.000000,0.000000,0.000000,0.000000,0.000000,0.000000
2.800000,0.315016,1.026949,2.684984,-1.026949,2.109249,0.000000,0.000000,0.000000,0.000000,0.000000,0.000000
2.900000,0.326075,1.028473,2.673925,-1.028473,2.115515,0.000000,0.000000,0.000000,0.000000,0.000000,0.000000
3.000000,0.337115,1.030052,2.662885,-1.030052,2.122016,0.000000,0.000000,0.000000,0.000000,0.000000,0.000000
3.100000,0.348136,1.031688,2.651864,-1.031688,2.128760,0.000000,0.000000,0.000000,0.000000,0.000000,0.000000
3.200000,0.359137,1.033383,2.640863,-1.033383,2.135759,0.000000,0.000000,0.000000,0.000000,0.000000,0.000000
3.300000,0.370117,1.035138,2.629883,-1.035138,2.143021,0.000000,0.000000,0.000000,0.000000,0.000000,0.000000
3.400000,0.381076,1.036957,2.618924,-1.036957,2.150558,0.000000,0.000000,0.000000,0.000000,0.000000,0.000000
3.500000,0.392012,1.038841,2.607988,-1.038841,2.158379,0.000000,0.000000,0.000000,0.000000,0.000000,0.000000
3.600000,0.402925,1.040792,2.597075,-1.040792,2.166497,0.000000,0.000000,0.000000,0.000000,0.000000,0.000000
3.700000,0.413814,1.042814,2.586186,-1.042814,2.174922,0.000000,0.000000,0.000000,0.000000,0.000000,0.000000
3.800000,0.424678,1.044908,2.575322,-1.044908,2.183666,0.000000,0.000000,0.000000,0.000000,0.000000,0.000000
3.900000,0.435516,1.047077,2.564484,-1.047077,2.192742,0.000000,0.000000,0.000000,0.000000,0.000000,0.000000
4.000000,0.446327,1.049324,2.553673,-1.049324,2.202161,0.000000,0.000000,0.000000,0.000000,0.000000,0.000000
4.100000,0.457110,1.051651,2.542890,-1.051651,2.211938,0.000000,0.000000,0.000000,0.000000,0.000000,0.000000
4.200000,0.467864,1.054060,2.532136,-1.054060,2.222084,0.000000,0.000000,0.000000,0.000000,0.000000,0.000000
4.300000,0.478588,1.056554,2.521412,-1.056554,2.232615,0.000000,0.000000,0.000000,0.000000,0.000000,0.000000
4.400000,0.489280,1.059137,2.510720,-1.059137,2.243542,0.000000,0.000000,0.000000,0.000000,0.000000,0.000000
4.500000,0.499941,1.061810,2.500059,-1.061810,2.254883,0.000000,0.000000,0.000000,0.000000,0.000000,0.000000
4.600000,0.510567,1.064577,2.489433,-1.064577,2.266649,0.000000,0.000000,0.000000,0.000000,0.000000,0.000000
4.700000,0.521159,1.067440,2.478841,-1.067440,2.278858,0.000000,0.000000,0.000000,0.000000,0.000000,0.000000
4.800000,0.531715,1.070403,2.468285,-1.070403,2.291525,0.000000,0.000000,0.000000,0.000000,0.000000,0.000000
4.900000,0.542234,1.073467,2.457766,-1.073467,2.304665,0.000000,0.000000,0.000000,0.000000,0.000000,0.000000
5.000000,0.552714,1.076637,2.447286,-1.076637,2.318294,0.000000,0.000000,0.000000,0.000000,0.000000,0.000000
5.100000,0.563154,1.079914,2.436846,-1.079914,2.332430,0.000000,0.000000,0.000000,0.000000,0.000000,0.000000
5.200000,0.573553,1.083303,2.426447,-1.083303,2.347089,0.000000,0.000000,0.000000,0.000000,0.000000,0.000000
5.300000,0.583909,1.086805,2.416091,-1.086805,2.362288,0.000000,0.000000,0.000000,0.000000,0.000000,0.000000
5.400000,0.594221,1.090423,2.405779,-1.090423,2.378046,0.000000,0.000000,0.000000,0.000000,0.000000,0.000000
5.500000,0.604488,1.094162,2.395512,-1.094162,2.394379,0.000000,0.000000,0.000000,0.000000,0.000000,0.000000
5.600000,0.614707,1.098023,2.385293,-1.098023,2.411308,0.000000,0.000000,0.000000,0.000000,0.000000,0.000000
5.700000,0.624879,1.102009,2.375121,-1.102009,2.428849,0.000000,0.000000,0.000000,0.000000,0.000000,0.000000
5.800000,0.635001,1.106124,2.364999,-1.106124,2.447023,0.000000,0.000000,0.000000,0.000000,0.000000,0.000000
5.900000,0.645071,1.110371,2.354929,-1.110371,2.465848,0.000000,0.000000,0.000000,0.000000,0.000000,0.000000
6.000000,0.655089,1.114752,2.344911,-1.114752,2.485344,0.000000,0.000000,0.000000,0.000000,0.000000,0.000000
6.100000,0.665052,1.119270,2.334948,-1.119270,2.505531,0.000000,0.000000,0.000000,0.000000,0.000000,0.000000
6.200000,0.674959,1.123928,2.325041,-1.123928,2.526430,0.000000,0.000000,0.000000,0.000000,0.000000,0.000000
6.300000,0.684809,1.128729,2.315191,-1.128729,2.548060,0.000000,0.000000,0.000000,0.000000,0.000000,0.000000
6.400000,0.694601,1.133676,2.305399,-1.133676,2.570443,0.000000,0.000000,0.000000,0.000000,0.000000,0.000000
6.500000,0.704331,1.138771,2.295669,-1.138771,2.593599,0.000000,0.000000,0.000000,0.000000,0.000000,0.000000
6.600000,0.714001,1.144017,2.285999,-1.144017,2.617551,0.000000,0.000000,0.000000,0.000000,0.000000,0.000000
6.700000,0.723606,1.149417,2.276394,-1.149417,2.642318,0.000000,0.000000,0.000000,0.000000,0.000000,0.000000
6.800000,0.733147,1.154973,2.266853,-1.154973,2.667924,0.000000,0.000000,0.000000,0.000000,0.000000,0.000000
6.900000,0.742622,1.160687,2.257378,-1.160687,2.694390,0.000000,0.000000,0.000000,0.000000,0.000000,0.000000
7.000000,0.752029,1.166563,2.247971,-1.166563,2.721738,0.000000,0.000000,0.000000,0.000000,0.000000,0.000000
7.100000,0.761368,1.172602,2.238632,-1.172602,2.749991,0.000000,0.000000,0.000000,0.000000,0.000000,0.000000
7.200000,0.770635,1.178807,2.229365,-1.178807,2.779171,0.000000,0.000000,0.000000,0.000000,0.000000,0.000000
7.300000,0.779831,1.185180,2.220169,-1.185180,2.809301,0.000000,0.000000,0.000000,0.000000,0.000000,0.000000
7.400000,0.788954,1.191722,2.211046,-1.191722,2.840405,0.000000,0.000000,0.000000,0.000000,0.000000,0.000000
7.500000,0.798002,1.198437,2.201998,-1.198437,2.872504,0.000000,0.000000,0.000000,0.000000,0.000000,0.000000
7.600000,0.806975,1.205326,2.193025,-1.205326,2.905623,0.000000,0.000000,0.000000,0.000000,0.000000,0.000000
7.700000,0.815871,1.212391,2.184129,-1.212391,2.939786,0.000000,0.000000,0.000000,0.000000,0.000000,0.000000
7.800000,0.824689,1.219634,2.175311,-1.219634,2.975014,0.000000,0.000000,0.000000,0.000000,0.000000,0.000000
7.900000,0.833428,1.227056,2.166572,-1.227056,3.011333,0.000000,0.000000,0.000000,0.000000,0.000000,0.000000
8.000000,0.842087,1.234659,2.157913,-1.234659,3.048767,0.000000,0.000000,0.000000,0.000000,0.000000,0.000000
8.100000,0.850665,1.242445,2.149335,-1.242445,3.087338,0.000000,0.000000,0.000000,0.000000,0.000000,0.000000
8.200000,0.859161,1.250414,2.140839,-1.250414,3.127072,0.000000,0.000000,0.000000,0.000000,0.000000,0.000000
8.300000,0.867574,1.258569,2.132426,-1.258569,3.167992,0.000000,0.000000,0.000000,0.000000,0.000000,0.000000
8.400000,0.875903,1.266910,2.124097,-1.266910,3.210123,0.000000,0.000000,0.000000,0.000000,0.000000,0.000000
8.500000,0.884148,1.275439,2.115852,-1.275439,3.253490,0.000000,0.000000,0.000000,0.000000,0.000000,0.000000
8.600000,0.892307,1.284157,2.107693,-1.284157,3.298116,0.000000,0.000000,0.000000,0.000000,0.000000,0.000000
8.700000,0.900380,1.293064,2.099620,-1.293064,3.344027,0.000000,0.000000,0.000000,0.000000,0.000000,0.000000
8.800000,0.908367,1.302161,2.091633,-1.302161,3.391247,0.000000,0.000000,0.000000,0.000000,0.000000,0.000000
8.900000,0.916267,1.311450,2.083733,-1.311450,3.439801,0.000000,0.000000,0.000000,0.000000,0.000000,0.000000
9.000000,0.924079,1.320930,2.075921,-1.320930,3.489713,0.000000,0.000000,0.000000,0.000000,0.000000,0.000000
9.100000,0.931804,1.330603,2.068196,-1.330603,3.541010,0.000000,0.000000,0.000000,0.000000,0.000000,0.000000
9.200000,0.939440,1.340469,2.060560,-1.340469,3.593716,0.000000,0.000000,0.000000,0.000000,0.000000,0.000000
9.300000,0.946987,1.350529,2.053013,-1.350529,3.647855,0.000000,0.000000,0.000000,0.000000,0.000000,0.000000
9.400000,0.954446,1.360782,2.045554,-1.360782,3.703454,0.000000,0.000000,0.000000,0.000000,0.000000,0.000000
9.500000,0.961815,1.371229,2.038185,-1.371229,3.760537,0.000000,0.000000,0.000000,0.000000,0.000000,0.000000
9.600000,0.969096,1.381870,2.030904,-1.381870,3.819130,0.000000,0.000000,0.000000,0.000000,0.000000,0.000000
9.700000,0.976287,1.392706,2.023713,-1.392706,3.879258,0.000000,0.000000,0.000000,0.000000,0.000000,0.000000
9.800000,0.983389,1.403736,2.016611,-1.403736,3.940947,0.000000,0.000000,0.000000,0.000000,0.000000,0.000000
9.900000,0.990403,1.414960,2.009597,-1.414960,4.004223,0.000000,0.000000,0.000000,0.000000,0.000000,0.000000
10.000000,0.997327,1.426378,2.002673,-1.426378,4.069110,0.000000,0.000000,0.000000,0.000000,0.000000,0.000000
10.100000,1.004162,1.437991,1.995838,-1.437991,4.135634,0.000000,0.000000,0.000000,0.000000,0.000000,0.000000
10.200000,1.010909,1.449797,1.989091,-1.449797,4.203822,0.000000,0.000000,0.000000,0.000000,0.000000,0.000000
10.300000,1.017567,1.461797,1.982433,-1.461797,4.273698,0.000000,0.000000,0.000000,0.000000,0.000000,0.000000
10.400000,1.024138,1.473989,1.975862,-1.473989,4.345290,0.000000,0.000000,0.000000,0.000000,0.000000,0.000000
10.500000,1.030620,1.486375,1.969380,-1.486375,4.418622,0.000000,0.000000,0.000000,0.000000,0.000000,0.000000
10.600000,1.037016,1.498953,1.962984,-1.498953,4.493722,0.000000,0.000000,0.000000,0.000000,0.000000,0.000000
10.700000,1.043324,1.511723,1.956676,-1.511723,4.570613,0.000000,0.000000,0.000000,0.000000,0.000000,0.000000
10.800000,1.049547,1.524684,1.950453,-1.524684,4.649324,0.000000,0.000000,0.000000,0.000000,0.000000,0.000000
10.900000,1.055683,1.537836,1.944317,-1.537836,4.729880,0.000000,0.000000,0.000000,0.000000,0.000000,0.000000
11.000000,1.061734,1.551178,1.938266,-1.551178,4.812307,0.000000,0.000000,0.000000,0.000000,0.000000,0.000000
11.100000,1.067701,1.564709,1.932299,-1.564709,4.896631,0.000000,0.000000,0.000000,0.000000,0.000000,0.000000
11.200000,1.073583,1.578430,1.926417,-1.578430,4.982880,0.000000,0.000000,0.000000,0.000000,0.000000,0.000000
11.300000,1.079382,1.592338,1.920618,-1.592338,5.071078,0.000000,0.000000,0.000000,0.000000,0.000000,0.000000
11.400000,1.085098,1.606433,1.914902,-1.606433,5.161253,0.000000,0.000000,0.000000,0.000000,0.000000,0.000000
11.500000,1.090732,1.620714,1.909268,-1.620714,5.253431,0.000000,0.000000,0.000000,0.000000,0.000000,0.000000
11.600000,1.096285,1.635182,1.903715,-1.635182,5.347638,0.000000,0.000000,0.000000,0.000000,0.000000,0.000000
11.700000,1.101758,1.649833,1.898242,-1.649833,5.443901,0.000000,0.000000,0.000000,0.000000,0.000000,0.000000
11.800000,1.107150,1.664669,1.892850,-1.664669,5.542246,0.000000,0.000000,0.000000,0.000000,0.000000,0.000000
11.900000,1.112464,1.679688,1.887536,-1.679688,5.642701,0.000000,0.000000,0.000000,0.000000,0.000000,0.000000
12.000000,1.117699,1.694888,1.882301,-1.694888,5.745291,0.000000,0.000000,0.000000,0.000000,0.000000,0.000000
12.100000,1.122857,1.710270,1.877143,-1.710270,5.850044,0.000000,0.000000,0.000000,0.000000,0.000000,0.000000
12.200000,1.127939,1.725831,1.872061,-1.725831,5.956985,0.000000,0.000000,0.000000,0.000000,0.000000,0.000000
12.300000,1.132945,1.741571,1.867055,-1.741571,6.066142,0.000000,0.000000,0.000000,0.000000,0.000000,0.000000
12.400000,1.137876,1.757490,1.862124,-1.757490,6.177542,0.000000,0.000000,0.000000,0.000000,0.000000,0.000000
12.500000,1.142733,1.773585,1.857267,-1.773585,6.291211,0.000000,0.000000,0.000000,0.000000,0.000000,0.000000
12.600000,1.147518,1.789857,1.852482,-1.789857,6.407175,0.000000,0.000000,0.000000,0.000000,0.000000,0.000000
12.700000,1.152230,1.806303,1.847770,-1.806303,6.525462,0.000000,0.000000,0.000000,0.000000,0.000000,0.000000
12.800000,1.156871,1.822923,1.843129,-1.822923,6.646098,0.000000,0.000000,0.000000,0.000000,0.000000,0.000000
12.900000,1.161441,1.839716,1.838559,-1.839716,6.769110,0.000000,0.000000,0.000000,0.000000,0.000000,0.000000
13.000000,1.165943,1.856681,1.834057,-1.856681,6.894525,0.000000,0.000000,0.000000,0.000000,0.000000,0.000000
13.100000,1.170375,1.873815,1.829625,-1.873815,7.022369,0.000000,0.000000,0.000000,0.000000,0.000000,0.000000
13.200000,1.174740,1.891120,1.825260,-1.891120,7.152669,0.000000,0.000000,0.000000,0.000000,0.000000,0.000000
13.300000,1.179039,1.908593,1.820961,-1.908593,7.285451,0.000000,0.000000,0.000000,0.000000,0.000000,0.000000
13.400000,1.183271,1.926232,1.816729,-1.926232,7.420743,0.000000,0.000000,0.000000,0.000000,0.000000,0.000000
13.500000,1.187439,1.944038,1.812561,-1.944038,7.558570,0.000000,0.000000,0.000000,0.000000,0.000000,0.000000
13.600000,1.191543,1.962009,1.808457,-1.962009,7.698959,0.000000,0.000000,0.000000,0.000000,0.000000,0.000000
13.700000,1.195584,1.980144,1.804416,-1.980144,7.841937,0.000000,0.000000,0.000000,0.000000,0.000000,0.000000
13.800000,1.199562,1.998441,1.800438,-1.998441,7.987529,0.000000,0.000000,0.000000,0.000000,0.000000,0.000000
13.900000,1.203480,2.016899,1.796520,-2.016899,8.135763,0.000000,0.000000,0.000000,0.000000,0.000000,0.000000
14.000000,1.207337,2.035518,1.792663,-2.035518,8.286664,0.000000,0.000000,0.000000,0.000000,0.000000,0.000000
14.100000,1.211134,2.054295,1.788866,-2.054295,8.440258,0.000000,0.000000,0.000000,0.000000,0.000000,0.000000
14.200000,1.214873,2.073231,1.785127,-2.073231,8.596573,0.000000,0.000000,0.000000,0.000000,0.000000,0.000000
14.300000,1.218555,2.092323,1.781445,-2.092323,8.755632,0.000000,0.000000,0.000000,0.000000,0.000000,0.000000
14.400000,1.222179,2.111571,1.777821,-2.111571,8.917463,0.000000,0.000000,0.000000,0.000000,0.000000,0.000000
14.500000,1.225747,2.130973,1.774253,-2.130973,9.082090,0.000000,0.000000,0.000000,0.000000,0.000000,0.000000
14.600000,1.229261,2.150528,1.770739,-2.150528,9.249541,0.000000,0.000000,0.000000,0.000000,0.000000,0.000000
14.700000,1.232720,2.170235,1.767280,-2.170235,9.419839,0.000000,0.000000,0.000000,0.000000,0.000000,0.000000
14.800000,1.236126,2.190092,1.763874,-2.190092,9.593010,0.000000,0.000000,0.000000,0.000000,0.000000,0.000000
14.900000,1.239479,2.210100,1.760521,-2.210100,9.769081,0.000000,0.000000,0.000000,0.000000,0.000000,0.000000
15.000000,1.242780,2.230255,1.757220,-2.230255,9.948074,0.000000,0.000000,0.000000,0.000000,0.000000,0.000000
15.100000,1.246030,2.250557,1.753970,-2.250557,10.130015,0.000000,0.000000,0.000000,0.000000,0.000000,0.000000
15.200000,1.249231,2.271005,1.750769,-2.271005,10.314931,0.000000,0.000000,0.000000,0.000000,0.000000,0.000000
15.300000,1.252381,2.291598,1.747619,-2.291598,10.502843,0.000000,0.000000,0.000000,0.000000,0.000000,0.000000
15.400000,1.255484,2.312334,1.744516,-2.312334,10.693776,0.000000,0.000000,0.000000,0.000000,0.000000,0.000000
15.500000,1.258538,2.333212,1.741462,-2.333212,10.887757,0.000000,0.000000,0.000000,0.000000,0.000000,0.000000
15.600000,1.261546,2.354231,1.738454,-2.354231,11.084807,0.000000,0.000000,0.000000,0.000000,0.000000,0.000000
15.700000,1.264507,2.375389,1.735493,-2.375389,11.284949,0.000000,0.000000,0.000000,0.000000,0.000000,0.000000
15.800000,1.267423,2.396686,1.732577,-2.396686,11.488209,0.000000,0.000000,0.000000,0.000000,0.000000,0.000000
15.900000,1.270294,2.418120,1.729706,-2.418120,11.694609,0.000000,0.000000,0.000000,0.000000,0.000000,0.000000
16.000000,1.273121,2.439690,1.726879,-2.439690,11.904173,0.000000,0.000000,0.000000,0.000000,0.000000,0.000000
16.100000,1.275904,2.461394,1.724096,-2.461394,12.116922,0.000000,0.000000,0.000000,0.000000,0.000000,0.000000
16.200000,1.278645,2.483232,1.721355,-2.483232,12.332880,0.000000,0.000000,0.000000,0.000000,0.000000,0.000000
16.300000,1.281344,2.505201,1.718656,-2.505201,12.552067,0.000000,0.000000,0.000000,0.000000,0.000000,0.000000
16.400000,1.284002,2.527302,1.715998,-2.527302,12.774507,0.000000,0.000000,0.000000,0.000000,0.000000,0.000000
16.500000,1.286619,2.549531,1.713381,-2.549531,13.000222,0.000000,0.000000,0.000000,0.000000,0.000000,0.000000
16.600000,1.289197,2.571889,1.710803,-2.571889,13.229231,0.000000,0.000000,0.000000,0.000000,0.000000,0.000000
16.700000,1.291735,2.594374,1.708265,-2.594374,13.461557,0.000000,0.000000,0.000000,0.000000,0.000000,0.000000
16.800000,1.294234,2.616985,1.705766,-2.616985,13.697220,0.000000,0.000000,0.000000,0.000000,0.000000,0.000000
16.900000,1.296696,2.639720,1.703304,-2.639720,13.936241,0.000000,0.000000,0.000000,0.000000,0.000000,0.000000
17.000000,1.299120,2.662578,1.700880,-2.662578,14.178639,0.000000,0.000000,0.000000,0.000000,0.000000,0.000000
17.100000,1.301508,2.685557,1.698492,-2.685557,14.424434,0.000000,0.000000,0.000000,0.000000,0.000000,0.000000
17.200000,1.303859,2.708657,1.696141,-2.708657,14.673646,0.000000,0.000000,0.000000,0.000000,0.000000,0.000000
17.300000,1.306175,2.731876,1.693825,-2.731876,14.926294,0.000000,0.000000,0.000000,0.000000,0.000000,0.000000
17.400000,1.308456,2.755213,1.691544,-2.755213,15.182396,0.000000,0.000000,0.000000,0.000000,0.000000,0.000000
17.500000,1.310703,2.778666,1.689297,-2.778666,15.441971,0.000000,0.000000,0.000000,0.000000,0.000000,0.000000
17.600000,1.312916,2.802235,1.687084,-2.802235,15.705037,0.000000,0.000000,0.000000,0.000000,0.000000,0.000000
17.700000,1.315096,2.825917,1.684904,-2.825917,15.971609,0.000000,0.000000,0.000000,0.000000,0.000000,0.000000
17.800000,1.317243,2.849711,1.682757,-2.849711,16.241707,0.000000,0.000000,0.000000,0.000000,0.000000,0.000000
17.900000,1.319359,2.873617,1.680641,-2.873617,16.515345,0.000000,0.000000,0.000000,0.000000,0.000000,0.000000
18.000000,1.321442,2.897632,1.678558,-2.897632,16.792541,0.000000,0.000000,0.000000,0.000000,0.000000,0.000000
18.100000,1.323495,2.921756,1.676505,-2.921756,17.073311,0.000000,0.000000,0.000000,0.000000,0.000000,0.000000
18.200000,1.325517,2.945986,1.674483,-2.945986,17.357671,0.000000,0.000000,0.000000,0.000000,0.000000,0.000000
18.300000,1.327509,2.970323,1.672491,-2.970323,17.645635,0.000000,0.000000,0.000000,0.000000,0.000000,0.000000
18.400000,1.329471,2.994763,1.670529,-2.994763,17.937217,0.000000,0.000000,0.000000,0.000000,0.000000,0.000000
18.500000,1.331405,3.019307,1.668595,-3.019307,18.232428,0.000000,0.000000,0.000000,0.000000,0.000000,0.000000
18.600000,1.333310,3.043952,1.666690,-3.043952,18.531287,0.000000,0.000000,0.000000,0.000000,0.000000,0.000000
18.700000,1.335187,3.068697,1.664813,-3.068697,18.833807,0.000000,0.000000,0.000000,0.000000,0.000000,0.000000
18.800000,1.337036,3.093541,1.662964,-3.093541,19.139997,0.000000,0.000000,0.000000,0.000000,0.000000,0.000000
18.900000,1.338858,3.118483,1.661142,-3.118483,19.449867,0.000000,0.000000,0.000000,0.000000,0.000000,0.000000
19.000000,1.340654,3.143520,1.659346,-3.143520,19.763434,0.000000,0.000000,0.000000,0.000000,0.000000,0.000000
19.100000,1.342423,3.168652,1.657577,-3.168652,20.080709,0.000000,0.000000,0.000000,0.000000,0.000000,0.000000
19.200000,1.344167,3.193877,1.655833,-3.193877,20.401699,0.000000,0.000000,0.000000,0.000000,0.000000,0.000000
19.300000,1.345885,3.219193,1.654115,-3.219193,20.726412,0.000000,0.000000,0.000000,0.000000,0.000000,0.000000
19.400000,1.347578,3.244600,1.652422,-3.244600,21.054864,0.000000,0.000000,0.000000,0.000000,0.000000,0.000000
19.500000,1.349247,3.270097,1.650753,-3.270097,21.387063,0.000000,0.000000,0.000000,0.000000,0.000000,0.000000
19.600000,1.350891,3.295680,1.649109,-3.295680,21.723008,0.000000,0.000000,0.000000,0.000000,0.000000,0.000000
19.700000,1.352512,3.321349,1.647488,-3.321349,22.062718,0.000000,0.000000,0.000000,0.000000,0.000000,0.000000
19.800000,1.354109,3.347103,1.645891,-3.347103,22.406198,0.000000,0.000000,0.000000,0.000000,0.000000,0.000000
19.900000,1.355684,3.372940,1.644316,-3.372940,22.753445,0.000000,0.000000,0.000000,0.000000,0.000000,0.000000
20.000000,1.357235,3.398859,1.642765,-3.398859,23.104478,0.000000,0.000000,0.000000,0.000000,0.000000,0.000000
20.100000,1.358765,3.424857,1.641235,-3.424857,23.459298,0.000000,0.000000,0.000000,0.000000,0.000000,0.000000
20.200000,1.360273,3.450935,1.639727,-3.450935,23.817902,0.000000,0.000000,0.000000,0.000000,0.000000,0.000000
20.300000,1.361759,3.477090,1.638241,-3.477090,24.180309,0.000000,0.000000,0.000000,0.000000,0.000000,0.000000
20.400000,1.363224,3.503320,1.636776,-3.503320,24.546507,0.000000,0.000000,0.000000,0.000000,0.000000,0.000000
20.500000,1.364668,3.529625,1.635332,-3.529625,24.916511,0.000000,0.000000,0.000000,0.000000,0.000000,0.000000
20.600000,1.366092,3.556003,1.633908,-3.556003,25.290320,0.000000,0.000000,0.000000,0.000000,0.000000,0.000000
20.700000,1.367496,3.582452,1.632504,-3.582452,25.667928,0.000000,0.000000,0.000000,0.000000,0.000000,0.000000
20.800000,1.368880,3.608972,1.631120,-3.608972,26.049351,0.000000,0.000000,0.000000,0.000000,0.000000,0.000000
20.900000,1.370244,3.635559,1.629756,-3.635559,26.434572,0.000000,0.000000,0.000000,0.000000,0.000000,0.000000
21.000000,1.371589,3.662213,1.628411,-3.662213,26.823609,0.000000,0.000000,0.000000,0.000000,0.000000,0.000000
21.100000,1.372916,3.688932,1.627084,-3.688932,27.216445,0.000000,0.000000,0.000000,0.000000,0.000000,0.000000
21.200000,1.374224,3.715716,1.625776,-3.715716,27.613090,0.000000,0.000000,0.000000,0.000000,0.000000,0.000000
21.300000,1.375513,3.742562,1.624487,-3.742562,28.013535,0.000000,0.000000,0.000000,0.000000,0.000000,0.000000
21.400000,1.376785,3.769468,1.623215,-3.769468,28.417782,0.000000,0.000000,0.000000,0.000000,0.000000,0.000000
21.500000,1.378039,3.796434,1.621961,-3.796434,28.825825,0.000000,0.000000,0.000000,0.000000,0.000000,0.000000
21.600000,1.379276,3.823458,1.620724,-3.823458,29.237657,0.000000,0.000000,0.000000,0.000000,0.000000,0.000000
21.700000,1.380495,3.850538,1.619505,-3.850538,29.653279,0.000000,0.000000,0.000000,0.000000,0.000000,0.000000
21.800000,1.381698,3.877672,1.618302,-3.877672,30.072680,0.000000,0.000000,0.000000,0.000000,0.000000,0.000000
21.900000,1.382884,3.904860,1.617116,-3.904860,30.495859,0.000000,0.000000,0.000000,0.000000,0.000000,0.000000
22.000000,1.384054,3.932099,1.615946,-3.932099,30.922806,0.000000,0.000000,0.000000,0.000000,0.000000,0.000000
22.100000,1.385208,3.959388,1.614792,-3.959388,31.353511,0.000000,0.000000,0.000000,0.000000,0.000000,0.000000
22.200000,1.386346,3.986726,1.613654,-3.986726,31.787973,0.000000,0.000000,0.000000,0.000000,0.000000,0.000000
22.300000,1.387469,4.014111,1.612531,-4.014111,32.226171,0.000000,0.000000,0.000000,0.000000,0.000000,0.000000
22.399999,1.388576,4.041541,1.611424,-4.041541,32.668114,0.000000,0.000000,0.000000,0.000000,0.000000,0.000000
22.499999,1.389668,4.069015,1.610332,-4.069015,33.113768,0.000000,0.000000,0.000000,0.000000,0.000000,0.000000
22.599999,1.390746,4.096532,1.609254,-4.096532,33.563148,0.000000,0.000000,0.000000,0.000000,0.000000,0.000000
22.699999,1.391809,4.124089,1.608191,-4.124089,34.016213,0.000000,0.000000,0.000000,0.000000,0.000000,0.000000
22.799999,1.392857,4.151685,1.607143,-4.151685,34.472979,0.000000,0.000000,0.000000,0.000000,0.000000,0.000000
22.899999,1.393892,4.179319,1.606108,-4.179319,34.933410,0.000000,0.000000,0.000000,0.000000,0.000000,0.000000
22.999999,1.394913,4.206988,1.605087,-4.206988,35.397502,0.000000,0.000000,0.000000,0.000000,0.000000,0.000000
23.099999,1.395919,4.234693,1.604081,-4.234693,35.865248,0.000000,0.000000,0.000000,0.000000,0.000000,0.000000
23.199999,1.396913,4.262430,1.603087,-4.262430,36.336611,0.000000,0.000000,0.000000,0.000000,0.000000,0.000000
23.299999,1.397893,4.290198,1.602107,-4.290198,36.811605,0.000000,0.000000,0.000000,0.000000,0.000000,0.000000
23.399999,1.398860,4.317996,1.601140,-4.317996,37.290180,0.000000,0.000000,0.000000,0.000000,0.000000,0.000000
23.499999,1.399815,4.345822,1.600185,-4.345822,37.772339,0.000000,0.000000,0.000000,0.000000,0.000000,0.000000
23.599999,1.400757,4.373675,1.599243,-4.373675,38.258065,0.000000,0.000000,0.000000,0.000000,0.000000,0.000000
23.699999,1.401686,4.401552,1.598314,-4.401552,38.747319,0.000000,0.000000,0.000000,0.000000,0.000000,0.000000
23.799999,1.402603,4.429453,1.597397,-4.429453,39.240111,0.000000,0.000000,0.000000,0.000000,0.000000,0.000000
23.899999,1.403508,4.457376,1.596492,-4.457376,39.736394,0.000000,0.000000,0.000000,0.000000,0.000000,0.000000
23.999999,1.404401,4.485318,1.595599,-4.485318,40.236154,0.000000,0.000000,0.000000,0.000000,0.000000,0.000000
24.099999,1.405283,4.513280,1.594717,-4.513280,40.739389,0.000000,0.000000,0.000000,0.000000,0.000000,0.000000
24.199999,1.406153,4.541258,1.593847,-4.541258,41.246040,0.000000,0.000000,0.000000,0.000000,0.000000,0.000000
24.299999,1.407011,4.569251,1.592989,-4.569251,41.756106,0.000000,0.000000,0.000000,0.000000,0.000000,0.000000
24.399999,1.407859,4.597259,1.592141,-4.597259,42.269573,0.000000,0.000000,0.000000,0.000000,0.000000,0.000000
24.499999,1.408695,4.625277,1.591305,-4.625277,42.786382,0.000000,0.000000,0.000000,0.000000,0.000000,0.000000
24.599999,1.409521,4.653307,1.590479,-4.653307,43.306534,0.000000,0.000000,0.000000,0.000000,0.000000,0.000000
24.699999,1.410336,4.681346,1.589664,-4.681346,43.830010,0.000000,0.000000,0.000000,0.000000,0.000000,0.000000
24.799999,1.411140,4.709392,1.588860,-4.709392,44.356748,0.000000,0.000000,0.000000,0.000000,0.000000,0.000000
24.899999,1.411935,4.737444,1.588065,-4.737444,44.886749,0.000000,0.000000,0.000000,0.000000,0.000000,0.000000
24.999999,1.412719,4.765501,1.587281,-4.765501,45.419991,0.000000,0.000000,0.000000,0.000000,0.000000,0.000000
25.099999,1.413493,4.793559,1.586507,-4.793559,45.956410,0.000000,0.000000,0.000000,0.000000,0.000000,0.000000
25.199999,1.414257,4.821618,1.585743,-4.821618,46.495998,0.000000,0.000000,0.000000,0.000000,0.000000,0.000000
25.299999,1.415011,4.849677,1.584989,-4.849677,47.038741,0.000000,0.000000,0.000000,0.000000,0.000000,0.000000
25.399999,1.415756,4.877733,1.584244,-4.877733,47.584568,0.000000,0.000000,0.000000,0.000000,0.000000,0.000000
25.499999,1.416491,4.905786,1.583509,-4.905786,48.133464,0.000000,0.000000,0.000000,0.000000,0.000000,0.000000
25.599999,1.417217,4.933833,1.582783,-4.933833,48.685422,0.000000,0.000000,0.000000,0.000000,0.000000,0.000000
25.699999,1.417934,4.961873,1.582066,-4.961873,49.240374,0.000000,0.000000,0.000000,0.000000,0.000000,0.000000
25.799999,1.418642,4.989904,1.581358,-4.989904,49.798285,0.000000,0.000000,0.000000,0.000000,0.000000,0.000000
25.899999,1.419341,5.017925,1.580659,-5.017925,50.359147,0.000000,0.000000,0.000000,0.000000,0.000000,0.000000
25.999999,1.420032,5.045935,1.579968,-5.045935,50.922921,0.000000,0.000000,0.000000,0.000000,0.000000,0.000000
26.099999,1.420713,5.073930,1.579287,-5.073930,51.489539,0.000000,0.000000,0.000000,0.000000,0.000000,0.000000
26.199999,1.421387,5.101911,1.578613,-5.101911,52.058984,0.000000,0.000000,0.000000,0.000000,0.000000,0.000000
26.299999,1.422051,5.129875,1.577949,-5.129875,52.631244,0.000000,0.000000,0.000000,0.000000,0.000000,0.000000
26.399999,1.422708,5.157821,1.577292,-5.157821,53.206244,0.000000,0.000000,0.000000,0.000000,0.000000,0.000000
26.499999,1.423356,5.185747,1.576644,-5.185747,53.783941,0.000000,0.000000,0.000000,0.000000,0.000000,0.000000
26.599999,1.423997,5.213651,1.576003,-5.213651,54.364317,0.000000,0.000000,0.000000,0.000000,0.000000,0.000000
26.699999,1.424629,5.241534,1.575371,-5.241534,54.947349,0.000000,0.000000,0.000000,0.000000,0.000000,0.000000
26.799999,1.425254,5.269391,1.574746,-5.269391,55.532953,0.000000,0.000000,0.000000,0.000000,0.000000,0.000000
26.899999,1.425871,5.297221,1.574129,-5.297221,56.121095,0.000000,0.000000,0.000000,0.000000,0.000000,0.000000
26.999999,1.426481,5.325024,1.573519,-5.325024,56.711753,0.000000,0.000000,0.000000,0.000000,0.000000,0.000000
27.099999,1.427083,5.352798,1.572917,-5.352798,57.304899,0.000000,0.000000,0.000000,0.000000,0.000000,0.000000
27.199999,1.427677,5.380541,1.572323,-5.380541,57.900448,0.000000,0.000000,0.000000,0.000000,0.000000,0.000000
27.299999,1.428265,5.408251,1.571735,-5.408251,58.498360,0.000000,0.000000,0.000000,0.000000,0.000000,0.000000
27.399999,1.428846,5.435927,1.571154,-5.435927,59.098612,0.000000,0.000000,0.000000,0.000000,0.000000,0.000000
27.499999,1.429419,5.463569,1.570581,-5.463569,59.701177,0.000000,0.000000,0.000000,0.000000,0.000000,0.000000
27.599999,1.429985,5.491173,1.570015,-5.491173,60.305969,0.000000,0.000000,0.000000,0.000000,0.000000,0.000000
27.699999,1.430545,5.518738,1.569455,-5.518738,60.912939,0.000000,0.000000,0.000000,0.000000,0.000000,0.000000
27.799999,1.431098,5.546263,1.568902,-5.546263,61.522059,0.000000,0.000000,0.000000,0.000000,0.000000,0.000000
27.899999,1.431644,5.573747,1.568356,-5.573747,62.133300,0.000000,0.000000,0.000000,0.000000,0.000000,0.000000
27.999999,1.432184,5.601187,1.567816,-5.601187,62.746600,0.000000,0.000000,0.000000,0.000000,0.000000,0.000000
28.099999,1.432717,5.628582,1.567283,-5.628582,63.361880,0.000000,0.000000,0.000000,0.000000,0.000000,0.000000
28.199999,1.433244,5.655931,1.566756,-5.655931,63.979105,0.000000,0.000000,0.000000,0.000000,0.000000,0.000000
28.299999,1.433765,5.683232,1.566235,-5.683232,64.598243,0.000000,0.000000,0.000000,0.000000,0.000000,0.000000
28.399999,1.434279,5.710484,1.565721,-5.710484,65.219260,0.000000,0.000000,0.000000,0.000000,0.000000,0.000000
28.499999,1.434788,5.737685,1.565212,-5.737685,65.842066,0.000000,0.000000,0.000000,0.000000,0.000000,0.000000
28.599999,1.435290,5.764833,1.564710,-5.764833,66.466605,0.000000,0.000000,0.000000,0.000000,0.000000,0.000000
28.699999,1.435787,5.791927,1.564213,-5.791927,67.092837,0.000000,0.000000,0.000000,0.000000,0.000000,0.000000
28.799999,1.436278,5.818966,1.563722,-5.818966,67.720729,0.000000,0.000000,0.000000,0.000000,0.000000,0.000000
28.899999,1.436762,5.845949,1.563238,-5.845949,68.350240,0.000000,0.000000,0.000000,0.000000,0.000000,0.000000
28.999999,1.437242,5.872873,1.562758,-5.872873,68.981275,0.000000,0.000000,0.000000,0.000000,0.000000,0.000000
29.099999,1.437716,5.899736,1.562284,-5.899736,69.613779,0.000000,0.000000,0.000000,0.000000,0.000000,0.000000
29.199999,1.438184,5.926538,1.561816,-5.926538,70.247709,0.000000,0.000000,0.000000,0.000000,0.000000,0.000000
29.299999,1.438647,5.953278,1.561353,-5.953278,70.883028,0.000000,0.000000,0.000000,0.000000,0.000000,0.000000
29.399999,1.439104,5.979954,1.560896,-5.979954,71.519696,0.000000,0.000000,0.000000,0.000000,0.000000,0.000000
29.499999,1.439556,6.006564,1.560444,-6.006564,72.157622,0.000000,0.000000,0.000000,0.000000,0.000000,0.000000
29.599999,1.440003,6.033106,1.559997,-6.033106,72.796739,0.000000,0.000000,0.000000,0.000000,0.000000,0.000000
29.699999,1.440445,6.059579,1.559555,-6.059579,73.437001,0.000000,0.000000,0.000000,0.000000,0.000000,0.000000
29.799999,1.440881,6.085982,1.559119,-6.085982,74.078364,0.000000,0.000000,0.000000,0.000000,0.000000,0.000000
29.899999,1.441313,6.112315,1.558687,-6.112315,74.720788,0.000000,0.000000,0.000000,0.000000,0.000000,0.000000
29.999999,1.441739,6.138575,1.558261,-6.138575,75.364213,0.000000,0.000000,0.000000,0.000000,0.000000,0.000000
30.099999,1.442161,6.164760,1.557839,-6.164760,76.008542,0.000000,0.000000,0.000000,0.000000,0.000000,0.000000
30.199999,1.442578,6.190869,1.557422,-6.190869,76.653722,0.000000,0.000000,0.000000,0.000000,0.000000,0.000000
30.299999,1.442991,6.216900,1.557009,-6.216900,77.299703,0.000000,0.000000,0.000000,0.000000,0.000000,0.000000
30.399999,1.443398,6.242854,1.556602,-6.242854,77.946440,0.000000,0.000000,0.000000,0.000000,0.000000,0.000000
30.499999,1.443801,6.268728,1.556199,-6.268728,78.593890,0.000000,0.000000,0.000000,0.000000,0.000000,0.000000
30.599999,1.444199,6.294521,1.555801,-6.294521,79.241985,0.000000,0.000000,0.000000,0.000000,0.000000,0.000000
30.699999,1.444593,6.320231,1.555407,-6.320231,79.890631,0.000000,0.000000,0.000000,0.000000,0.000000,0.000000
30.799999,1.444983,6.345856,1.555017,-6.345856,80.539770,0.000000,0.000000,0.000000,0.000000,0.000000,0.000000
30.899999,1.445368,6.371395,1.554632,-6.371395,81.189350,0.000000,0.000000,0.000000,0.000000,0.000000,0.000000
30.999999,1.445749,6.396848,1.554251,-6.396848,81.839323,0.000000,0.000000,0.000000,0.000000,0.000000,0.000000
31.099999,1.446126,6.422213,1.553874,-6.422213,82.489641,0.000000,0.000000,0.000000,0.000000,0.000000,0.000000
31.199999,1.446498,6.447490,1.553502,-6.447490,83.140251,0.000000,0.000000,0.000000,0.000000,0.000000,0.000000
31.299999,1.446866,6.472675,1.553134,-6.472675,83.791053,0.000000,0.000000,0.000000,0.000000,0.000000,0.000000
31.399999,1.447230,6.497768,1.552770,-6.497768,84.441979,0.000000,0.000000,0.000000,0.000000,0.000000,0.000000
31.499999,1.447590,6.522767,1.552410,-6.522767,85.092975,0.000000,0.000000,0.000000,0.000000,0.000000,0.000000
31.599999,1.447947,6.547671,1.552053,-6.547671,85.743986,0.000000,0.000000,0.000000,0.000000,0.000000,0.000000
31.699999,1.448299,6.572479,1.551701,-6.572479,86.394962,0.000000,0.000000,0.000000,0.000000,0.000000,0.000000
31.799999,1.448647,6.597191,1.551353,-6.597191,87.045855,0.000000,0.000000,0.000000,0.000000,0.000000,0.000000
31.899999,1.448991,6.621805,1.551009,-6.621805,87.696601,0.000000,0.000000,0.000000,0.000000,0.000000,0.000000
31.999999,1.449332,6.646318,1.550668,-6.646318,88.347096,0.000000,0.000000,0.000000,0.000000,0.000000,0.000000
32.099999,1.449669,6.670730,1.550331,-6.670730,88.997276,0.000000,0.000000,0.000000,0.000000,0.000000,0.000000
32.199999,1.450002,6.695039,1.549998,-6.695039,89.647081,0.000000,0.000000,0.000000,0.000000,0.000000,0.000000
32.299999,1.450332,6.719243,1.549668,-6.719243,90.296456,0.000000,0.000000,0.000000,0.000000,0.000000,0.000000
32.399999,1.450658,6.743343,1.549342,-6.743343,90.945347,0.000000,0.000000,0.000000,0.000000,0.000000,0.000000
32.499999,1.450981,6.767337,1.549019,-6.767337,91.593704,0.000000,0.000000,0.000000,0.000000,0.000000,0.000000
32.599999,1.451300,6.791225,1.548700,-6.791225,92.241474,0.000000,0.000000,0.000000,0.000000,0.000000,0.000000
32.699999,1.451615,6.815004,1.548385,-6.815004,92.888566,0.000000,0.000000,0.000000,0.000000,0.000000,0.000000
32.799999,1.451927,6.838673,1.548073,-6.838673,93.534906,0.000000,0.000000,0.000000,0.000000,0.000000,0.000000
32.899999,1.452236,6.862231,1.547764,-6.862231,94.180433,0.000000,0.000000,0.000000,0.000000,0.000000,0.000000
32.999999,1.452542,6.885677,1.547458,-6.885677,94.825088,0.000000,0.000000,0.000000,0.000000,0.000000,0.000000
33.099999,1.452844,6.909009,1.547156,-6.909009,95.468815,0.000000,0.000000,0.000000,0.000000,0.000000,0.000000
33.199999,1.453143,6.932228,1.546857,-6.932228,96.111560,0.000000,0.000000,0.000000,0.000000,0.000000,0.000000
33.299999,1.453439,6.955332,1.546561,-6.955332,96.753273,0.000000,0.000000,0.000000,0.000000,0.000000,0.000000
33.399999,1.453732,6.978320,1.546268,-6.978320,97.393902,0.000000,0.000000,0.000000,0.000000,0.000000,0.000000
33.499999,1.454021,7.001191,1.545979,-7.001191,98.033350,0.000000,0.000000,0.000000,0.000000,0.000000,0.000000
33.599999,1.454307,7.023943,1.545693,-7.023943,98.671540,0.000000,0.000000,0.000000,0.000000,0.000000,0.000000
33.699999,1.454591,7.046574,1.545409,-7.046574,99.308411,0.000000,0.000000,0.000000,0.000000,0.000000,0.000000
33.799999,1.454872,7.069084,1.545128,-7.069084,99.943901,0.000000,0.000000,0.000000,0.000000,0.000000,0.000000
33.899999,1.455149,7.091472,1.544851,-7.091472,100.577953,0.000000,0.000000,0.000000,0.000000,0.000000,0.000000
33.999999,1.455424,7.113737,1.544576,-7.113737,101.210513,0.000000,0.000000,0.000000,0.000000,0.000000,0.000000
34.099999,1.455696,7.135879,1.544304,-7.135879,101.841527,0.000000,0.000000,0.000000,0.000000,0.000000,0.000000
34.199999,1.455964,7.157896,1.544036,-7.157896,102.470946,0.000000,0.000000,0.000000,0.000000,0.000000,0.000000
34.299999,1.456230,7.179788,1.543770,-7.179788,103.098712,0.000000,0.000000,0.000000,0.000000,0.000000,0.000000
34.399999,1.456493,7.201553,1.543507,-7.201553,103.724725,0.000000,0.000000,0.000000,0.000000,0.000000,0.000000
34.499999,1.456754,7.223189,1.543246,-7.223189,104.348918,0.000000,0.000000,0.000000,0.000000,0.000000,0.000000
34.599999,1.457011,7.244696,1.542989,-7.244696,104.971229,0.000000,0.000000,0.000000,0.000000,0.000000,0.000000
34.699999,1.457267,7.266072,1.542733,-7.266072,105.591595,0.000000,0.000000,0.000000,0.000000,0.000000,0.000000
34.799999,1.457519,7.287316,1.542481,-7.287316,106.209962,0.000000,0.000000,0.000000,0.000000,0.000000,0.000000
34.899999,1.457769,7.308429,1.542231,-7.308429,106.826272,0.000000,0.000000,0.000000,0.000000,0.000000,0.000000
34.999999,1.458017,7.329409,1.541983,-7.329409,107.440473,0.000000,0.000000,0.000000,0.000000,0.000000,0.000000
35.099999,1.458261,7.350256,1.541739,-7.350256,108.052516,0.000000,0.000000,0.000000,0.000000,0.000000,0.000000
35.199999,1.458503,7.370969,1.541497,-7.370969,108.662354,0.000000,0.000000,0.000000,0.000000,0.000000,0.000000
35.299999,1.458743,7.391546,1.541257,-7.391546,109.269912,0.000000,0.000000,0.000000,0.000000,0.000000,0.000000
35.399999,1.458980,7.411987,1.541020,-7.411987,109.875103,0.000000,0.000000,0.000000,0.000000,0.000000,0.000000
35.499999,1.459215,7.432290,1.540785,-7.432290,110.477864,0.000000,0.000000,0.000000,0.000000,0.000000,0.000000
35.599999,1.459447,7.452454,1.540553,-7.452454,111.078134,0.000000,0.000000,0.000000,0.000000,0.000000,0.000000
35.699999,1.459677,7.472478,1.540323,-7.472478,111.675854,0.000000,0.000000,0.000000,0.000000,0.000000,0.000000
35.799999,1.459905,7.492362,1.540095,-7.492362,112.270969,0.000000,0.000000,0.000000,0.000000,0.000000,0.000000
35.899999,1.460131,7.512104,1.539869,-7.512104,112.863424,0.000000,0.000000,0.000000,0.000000,0.000000,0.000000
35.999999,1.460354,7.531705,1.539646,-7.531705,113.453168,0.000000,0.000000,0.000000,0.000000,0.000000,0.000000
36.099999,1.460575,7.551164,1.539425,-7.551164,114.040154,0.000000,0.000000,0.000000,0.000000,0.000000,0.000000
36.199999,1.460793,7.570480,1.539207,-7.570480,114.624333,0.000000,0.000000,0.000000,0.000000,0.000000,0.000000
36.299999,1.461009,7.589653,1.538991,-7.589653,115.205660,0.000000,0.000000,0.000000,0.000000,0.000000,0.000000
36.399999,1.461223,7.608681,1.538777,-7.608681,115.784052,0.000000,0.000000,0.000000,0.000000,0.000000,0.000000
36.499999,1.461435,7.627563,1.538565,-7.627563,116.359437,0.000000,0.000000,0.000000,0.000000,0.000000,0.000000
36.599999,1.461645,7.646298,1.538355,-7.646298,116.931754,0.000000,0.000000,0.000000,0.000000,0.000000,0.000000
36.699999,1.461853,7.664886,1.538147,-7.664886,117.500945,0.000000,0.000000,0.000000,0.000000,0.000000,0.000000
36.799999,1.462059,7.683325,1.537941,-7.683325,118.066955,0.000000,0.000000,0.000000,0.000000,0.000000,0.000000
36.899999,1.462263,7.701614,1.537737,-7.701614,118.629730,0.000000,0.000000,0.000000,0.000000,0.000000,0.000000
36.999999,1.462465,7.719754,1.537535,-7.719754,119.189219,0.000000,0.000000,0.000000,0.000000,0.000000,0.000000
37.099999,1.462665,7.737744,1.537335,-7.737744,119.745373,0.000000,0.000000,0.000000,0.000000,0.000000,0.000000
37.199999,1.462862,7.755583,1.537138,-7.755583,120.298147,0.000000,0.000000,0.000000,0.000000,0.000000,0.000000
37.299999,1.463058,7.773271,1.536942,-7.773271,120.847495,0.000000,0.000000,0.000000,0.000000,0.000000,0.000000
37.399999,1.463252,7.790808,1.536748,-7.790808,121.393377,0.000000,0.000000,0.000000,0.000000,0.000000,0.000000
37.499999,1.463443,7.808193,1.536557,-7.808193,121.935750,0.000000,0.000000,0.000000,0.000000,0.000000,0.000000
37.599999,1.463633,7.825425,1.536367,-7.825425,122.474540,0.000000,0.000000,0.000000,0.000000,0.000000,0.000000
37.699999,1.463821,7.842502,1.536179,-7.842502,123.009680,0.000000,0.000000,0.000000,0.000000,0.000000,0.000000
37.799999,1.464007,7.859425,1.535993,-7.859425,123.541113,0.000000,0.000000,0.000000,0.000000,0.000000,0.000000
37.899999,1.464192,7.876192,1.535808,-7.876192,124.068786,0.000000,0.000000,0.000000,0.000000,0.000000,0.000000
37.999999,1.464374,7.892802,1.535626,-7.892802,124.592648,0.000000,0.000000,0.000000,0.000000,0.000000,0.000000
38.099999,1.464555,7.909256,1.535445,-7.909256,125.112649,0.000000,0.000000,0.000000,0.000000,0.000000,0.000000
38.199999,1.464735,7.925552,1.535265,-7.925552,125.628742,0.000000,0.000000,0.000000,0.000000,0.000000,0.000000
38.299999,1.464912,7.941690,1.535088,-7.941690,126.140881,0.000000,0.000000,0.000000,0.000000,0.000000,0.000000
38.399999,1.465088,7.957670,1.534912,-7.957670,126.649024,0.000000,0.000000,0.000000,0.000000,0.000000,0.000000
38.499999,1.465262,7.973491,1.534738,-7.973491,127.153130,0.000000,0.000000,0.000000,0.000000,0.000000,0.000000
38.599999,1.465434,7.989154,1.534566,-7.989154,127.653161,0.000000,0.000000,0.000000,0.000000,0.000000,0.000000
38.699999,1.465604,8.004657,1.534396,-8.004657,128.149079,0.000000,0.000000,0.000000,0.000000,0.000000,0.000000
38.799999,1.465773,8.020002,1.534227,-8.020002,128.640852,0.000000,0.000000,0.000000,0.000000,0.000000,0.000000
38.899999,1.465940,8.035186,1.534060,-8.035186,129.128437,0.000000,0.000000,0.000000,0.000000,0.000000,0.000000
38.999999,1.466105,8.050210,1.533895,-8.050210,129.611762,0.000000,0.000000,0.000000,0.000000,0.000000,0.000000
39.099999,1.466269,8.065072,1.533731,-8.065072,130.090776,0.000000,0.000000,0.000000,0.000000,0.000000,0.000000
39.199999,1.466431,8.079772,1.533569,-8.079772,130.565431,0.000000,0.000000,0.000000,0.000000,0.000000,0.000000
39.299999,1.466592,8.094309,1.533408,-8.094309,131.035679,0.000000,0.000000,0.000000,0.000000,0.000000,0.000000
39.399999,1.466752,8.108683,1.533248,-8.108683,131.501477,0.000000,0.000000,0.000000,0.000000,0.000000,0.000000
39.499999,1.466910,8.122893,1.533090,-8.122893,131.962782,0.000000,0.000000,0.000000,0.000000,0.000000,0.000000
39.599999,1.467066,8.136939,1.532934,-8.136939,132.419554,0.000000,0.000000,0.000000,0.000000,0.000000,0.000000
39.699999,1.467221,8.150821,1.532779,-8.150821,132.871754,0.000000,0.000000,0.000000,0.000000,0.000000,0.000000
39.799999,1.467375,8.164538,1.532625,-8.164538,133.319346,0.000000,0.000000,0.000000,0.000000,0.000000,0.000000
39.899999,1.467527,8.178089,1.532473,-8.178089,133.762295,0.000000,0.000000,0.000000,0.000000,0.000000,0.000000
39.999999,1.467678,8.191476,1.532322,-8.191476,134.200569,0.000000,0.000000,0.000000,0.000000,0.000000,0.000000
40.099999,1.467826,8.204698,1.532174,-8.204698,134.634138,0.000000,0.000000,0.000000,0.000000,0.000000,0.000000
40.199999,1.467974,8.217754,1.532026,-8.217754,135.062973,0.000000,0.000000,0.000000,0.000000,0.000000,0.000000
40.299999,1.468120,8.230645,1.531880,-8.230645,135.487048,0.000000,0.000000,0.000000,0.000000,0.000000,0.000000
40.399999,1.468264,8.243371,1.531736,-8.243371,135.906339,0.000000,0.000000,0.000000,0.000000,0.000000,0.000000
40.499999,1.468407,8.255931,1.531593,-8.255931,136.320802,0.000000,0.000000,0.000000,0.000000,0.000000,0.000000
40.599999,1.468549,8.268325,1.531451,-8.268325,136.730385,0.000000,0.000000,0.000000,0.000000,0.000000,0.000000
40.699999,1.468690,8.280551,1.531310,-8.280551,137.135045,0.000000,0.000000,0.000000,0.000000,0.000000,0.000000
40.799999,1.468829,8.292610,1.531171,-8.292610,137.534746,0.000000,0.000000,0.000000,0.000000,0.000000,0.000000
40.899999,1.468967,8.304500,1.531033,-8.304500,137.929449,0.000000,0.000000,0.000000,0.000000,0.000000,0.000000
40.999999,1.469104,8.316223,1.530896,-8.316223,138.319121,0.000000,0.000000,0.000000,0.000000,0.000000,0.000000
41.099999,1.469240,8.327777,1.530760,-8.327777,138.703729,0.000000,0.000000,0.000000,0.000000,0.000000,0.000000
41.199999,1.469374,8.339162,1.530626,-8.339162,139.083240,0.000000,0.000000,0.000000,0.000000,0.000000,0.000000
41.299999,1.469508,8.350378,1.530492,-8.350378,139.457627,0.000000,0.000000,0.000000,0.000000,0.000000,0.000000
41.399999,1.469640,8.361425,1.530360,-8.361425,139.826861,0.000000,0.000000,0.000000,0.000000,0.000000,0.000000
41.499999,1.469770,8.372303,1.530230,-8.372303,140.190917,0.000000,0.000000,0.000000,0.000000,0.000000,0.000000
41.599999,1.469900,8.383012,1.530100,-8.383012,140.549770,0.000000,0.000000,0.000000,0.000000,0.000000,0.000000
41.699999,1.470028,8.393551,1.529972,-8.393551,140.903399,0.000000,0.000000,0.000000,0.000000,0.000000,0.000000
41.799999,1.470155,8.403921,1.529845,-8.403921,141.251783,0.000000,0.000000,0.000000,0.000000,0.000000,0.000000
41.899999,1.470281,8.414122,1.529719,-8.414122,141.594904,0.000000,0.000000,0.000000,0.000000,0.000000,0.000000
41.999999,1.470405,8.424154,1.529595,-8.424154,141.932745,0.000000,0.000000,0.000000,0.000000,0.000000,0.000000
42.099999,1.470528,8.434017,1.529472,-8.434017,142.265291,0.000000,0.000000,0.000000,0.000000,0.000000,0.000000
42.199999,1.470650,8.443711,1.529350,-8.443711,142.592527,0.000000,0.000000,0.000000,0.000000,0.000000,0.000000
42.299999,1.470771,8.453237,1.529229,-8.453237,142.914438,0.000000,0.000000,0.000000,0.000000,0.000000,0.000000
42.399999,1.470891,8.462594,1.529109,-8.462594,143.230984,0.000000,0.000000,0.000000,0.000000,0.000000,0.000000
42.499999,1.471009,8.471781,1.528991,-8.471781,143.542133,0.000000,0.000000,0.000000,0.000000,0.000000,0.000000
42.599999,1.471127,8.480798,1.528873,-8.480798,143.847858,0.000000,0.000000,0.000000,0.000000,0.000000,0.000000
42.699999,1.471244,8.489645,1.528756,-8.489645,144.148135,0.000000,0.000000,0.000000,0.000000,0.000000,0.000000
42.799999,1.471360,8.498322,1.528640,-8.498322,144.442940,0.000000,0.000000,0.000000,0.000000,0.000000,0.000000
42.899999,1.471474,8.506828,1.528526,-8.506828,144.732252,0.000000,0.000000,0.000000,0.000000,0.000000,0.000000
42.999999,1.471588,8.515164,1.528412,-8.515164,145.016050,0.000000,0.000000,0.000000,0.000000,0.000000,0.000000
43.099999,1.471701,8.523330,1.528299,-8.523330,145.294315,0.000000,0.000000,0.000000,0.000000,0.000000,0.000000
43.199999,1.471812,8.531326,1.528188,-8.531326,145.567031,0.000000,0.000000,0.000000,0.000000,0.000000,0.000000
43.299999,1.471923,8.539150,1.528077,-8.539150,145.834182,0.000000,0.000000,0.000000,0.000000,0.000000,0.000000
43.399999,1.472033,8.546805,1.527967,-8.546805,146.095755,0.000000,0.000000,0.000000,0.000000,0.000000,0.000000
43.499999,1.472141,8.554289,1.527859,-8.554289,146.351736,0.000000,0.000000,0.000000,0.000000,0.000000,0.000000
43.599999,1.472249,8.561604,1.527751,-8.561604,146.602116,0.000000,0.000000,0.000000,0.000000,0.000000,0.000000
43.699999,1.472356,8.568748,1.527644,-8.568748,146.846885,0.000000,0.000000,0.000000,0.000000,0.000000,0.000000
43.799999,1.472461,8.575723,1.527539,-8.575723,147.086034,0.000000,0.000000,0.000000,0.000000,0.000000,0.000000
43.899999,1.472566,8.582528,1.527434,-8.582528,147.319559,0.000000,0.000000,0.000000,0.000000,0.000000,0.000000
43.999999,1.472669,8.589163,1.527331,-8.589163,147.547454,0.000000,0.000000,0.000000,0.000000,0.000000,0.000000
44.099999,1.472772,8.595630,1.527228,-8.595630,147.769715,0.000000,0.000000,0.000000,0.000000,0.000000,0.000000
44.199999,1.472874,8.601928,1.527126,-8.601928,147.986341,0.000000,0.000000,0.000000,0.000000,0.000000,0.000000
44.299999,1.472974,8.608058,1.527026,-8.608058,148.197331,0.000000,0.000000,0.000000,0.000000,0.000000,0.000000
44.399999,1.473074,8.614020,1.526926,-8.614020,148.402685,0.000000,0.000000,0.000000,0.000000,0.000000,0.000000
44.499999,1.473172,8.619815,1.526828,-8.619815,148.602407,0.000000,0.000000,0.000000,0.000000,0.000000,0.000000
44.599999,1.473270,8.625441,1.526730,-8.625441,148.796477,0.000000,0.000000,0.000000,0.000000,0.000000,0.000000
44.699999,1.473367,8.630900,1.526633,-8.630900,148.984880,0.000000,0.000000,0.000000,0.000000,0.000000,0.000000
44.799999,1.473463,8.636191,1.526537,-8.636191,149.167605,0.000000,0.000000,0.000000,0.000000,0.000000,0.000000
44.899999,1.473558,8.641315,1.526442,-8.641315,149.344640,0.000000,0.000000,0.000000,0.000000,0.000000,0.000000
44.999999,1.473653,8.646270,1.526347,-8.646270,149.515979,0.000000,0.000000,0.000000,0.000000,0.000000,0.000000
45.099999,1.473746,8.651058,1.526254,-8.651058,149.681614,0.000000,0.000000,0.000000,0.000000,0.000000,0.000000
45.199999,1.473839,8.655678,1.526161,-8.655678,149.841539,0.000000,0.000000,0.000000,0.000000,0.000000,0.000000
45.299999,1.473932,8.660131,1.526068,-8.660131,149.995750,0.000000,0.000000,0.000000,0.000000,0.000000,0.000000
45.399999,1.474023,8.664417,1.525977,-8.664417,150.144243,0.000000,0.000000,0.000000,0.000000,0.000000,0.000000
45.499999,1.474114,8.668536,1.525886,-8.668536,150.287018,0.000000,0.000000,0.000000,0.000000,0.000000,0.000000
45.599999,1.474203,8.672487,1.525797,-8.672487,150.424074,0.000000,0.000000,0.000000,0.000000,0.000000,0.000000
45.699999,1.474292,8.676273,1.525708,-8.676273,150.555411,0.000000,0.000000,0.000000,0.000000,0.000000,0.000000
45.799999,1.474381,8.679891,1.525619,-8.679891,150.681031,0.000000,0.000000,0.000000,0.000000,0.000000,0.000000
45.899999,1.474468,8.683344,1.525532,-8.683344,150.800939,0.000000,0.000000,0.000000,0.000000,0.000000,0.000000
45.999999,1.474555,8.686632,1.525445,-8.686632,150.915137,0.000000,0.000000,0.000000,0.000000,0.000000,0.000000
46.099999,1.474641,8.689754,1.525359,-8.689754,151.023633,0.000000,0.000000,0.000000,0.000000,0.000000,0.000000
46.199999,1.474726,8.692711,1.525274,-8.692711,151.126433,0.000000,0.000000,0.000000,0.000000,0.000000,0.000000
46.299999,1.474810,8.695503,1.525190,-8.695503,151.223544,0.000000,0.000000,0.000000,0.000000,0.000000,0.000000
46.399999,1.474893,8.698131,1.525107,-8.698131,151.314977,0.000000,0.000000,0.000000,0.000000,0.000000,0.000000
46.499999,1.474976,8.700596,1.525024,-8.700596,151.400741,0.000000,0.000000,0.000000,0.000000,0.000000,0.000000
46.599999,1.475058,8.702897,1.524942,-8.702897,151.480848,0.000000,0.000000,0.000000,0.000000,0.000000,0.000000
46.699999,1.475139,8.705036,1.524861,-8.705036,151.555311,0.000000,0.000000,0.000000,0.000000,0.000000,0.000000
46.799999,1.475219,8.707013,1.524781,-8.707013,151.624142,0.000000,0.000000,0.000000,0.000000,0.000000,0.000000
46.899999,1.475299,8.708828,1.524701,-8.708828,151.687358,0.000000,0.000000,0.000000,0.000000,0.000000,0.000000
46.999999,1.475378,8.710481,1.524622,-8.710481,151.744972,0.000000,0.000000,0.000000,0.000000,0.000000,0.000000
47.099999,1.475455,8.711975,1.524545,-8.711975,151.797003,0.000000,0.000000,0.000000,0.000000,0.000000,0.000000
47.199999,1.475533,8.713308,1.524467,-8.713308,151.843467,0.000000,0.000000,0.000000,0.000000,0.000000,0.000000
47.299999,1.475609,8.714482,1.524391,-8.714482,151.884382,0.000000,0.000000,0.000000,0.000000,0.000000,0.000000
47.399999,1.475685,8.715496,1.524315,-8.715496,151.919753,0.000000,0.000000,0.000000,0.000000,0.000000,0.000000
47.499999,1.475760,8.716352,1.524240,-8.716352,151.949583,0.000000,0.000000,0.000000,0.000000,0.000000,0.000000
47.599999,1.475835,8.717049,1.524165,-8.717049,151.973879,0.000000,0.000000,0.000000,0.000000,0.000000,0.000000
47.699999,1.475908,8.717587,1.524092,-8.717587,151.992649,0.000000,0.000000,0.000000,0.000000,0.000000,0.000000
47.799999,1.475982,8.717967,1.524018,-8.717967,152.005905,0.000000,0.000000,0.000000,0.000000,0.000000,0.000000
47.899999,1.476055,8.718189,1.523945,-8.718189,152.013655,0.000000,0.000000,0.000000,0.000000,0.000000,0.000000
47.999999,1.476127,8.718254,1.523873,-8.718254,152.015912,0.000000,0.000000,0.000000,0.000000,0.000000,0.000000
48.099999,1.476198,8.718162,1.523802,-8.718162,152.012689,0.000000,0.000000,0.000000,0.000000,0.000000,0.000000
48.199999,1.476269,8.717913,1.523731,-8.717913,152.003999,0.000000,0.000000,0.000000,0.000000,0.000000,0.000000
48.299999,1.476340,8.717507,1.523660,-8.717507,151.989856,0.000000,0.000000,0.000000,0.000000,0.000000,0.000000
48.399999,1.476410,8.716945,1.523590,-8.716945,151.970276,0.000000,0.000000,0.000000,0.000000,0.000000,0.000000
48.499999,1.476479,8.716228,1.523521,-8.716228,151.945275,0.000000,0.000000,0.000000,0.000000,0.000000,0.000000
48.599999,1.476547,8.715356,1.523453,-8.715356,151.914871,0.000000,0.000000,0.000000,0.000000,0.000000,0.000000
48.699999,1.476615,8.714330,1.523385,-8.714330,151.879083,0.000000,0.000000,0.000000,0.000000,0.000000,0.000000
48.799999,1.476683,8.713149,1.523317,-8.713149,151.837928,0.000000,0.000000,0.000000,0.000000,0.000000,0.000000
48.899999,1.476750,8.711815,1.523250,-8.711815,151.791427,0.000000,0.000000,0.000000,0.000000,0.000000,0.000000
48.999999,1.476816,8.710327,1.523184,-8.710327,151.739601,0.000000,0.000000,0.000000,0.000000,0.000000,0.000000
49.099999,1.476882,8.708687,1.523118,-8.708687,151.682471,0.000000,0.000000,0.000000,0.000000,0.000000,0.000000
49.199999,1.476947,8.706896,1.523053,-8.706896,151.620061,0.000000,0.000000,0.000000,0.000000,0.000000,0.000000
49.299999,1.477011,8.704952,1.522989,-8.704952,151.552392,0.000000,0.000000,0.000000,0.000000,0.000000,0.000000
49.399999,1.477075,8.702858,1.522925,-8.702858,151.479489,0.000000,0.000000,0.000000,0.000000,0.000000,0.000000
49.499999,1.477138,8.700614,1.522862,-8.700614,151.401377,0.000000,0.000000,0.000000,0.000000,0.000000,0.000000
49.599999,1.477201,8.698221,1.522799,-8.698221,151.318081,0.000000,0.000000,0.000000,0.000000,0.000000,0.000000
49.699999,1.477263,8.695678,1.522737,-8.695678,151.229628,0.000000,0.000000,0.000000,0.000000,0.000000,0.000000
49.799999,1.477325,8.692987,1.522675,-8.692987,151.136044,0.000000,0.000000,0.000000,0.000000,0.000000,0.000000
49.899999,1.477385,8.690148,1.522615,-8.690148,151.037356,0.000000,0.000000,0.000000,0.000000,0.000000,0.000000
49.999999,1.477446,8.687163,1.522554,-8.687163,150.933594,0.000000,0.000000,0.000000,0.000000,0.000000,0.000000
50.099999,1.477506,8.684031,1.522494,-8.684031,150.824787,0.000000,0.000000,0.000000,0.000000,0.000000,0.000000
50.199999,1.477565,8.680753,1.522435,-8.680753,150.710962,0.000000,0.000000,0.000000,0.000000,0.000000,0.000000
50.299999,1.477623,8.677331,1.522377,-8.677331,150.592152,0.000000,0.000000,0.000000,0.000000,0.000000,0.000000
50.399999,1.477681,8.673765,1.522319,-8.673765,150.468386,0.000000,0.000000,0.000000,0.000000,0.000000,0.000000
50.499999,1.477739,8.670055,1.522261,-8.670055,150.339696,0.000000,0.000000,0.000000,0.000000,0.000000,0.000000
50.599999,1.477796,8.666202,1.522204,-8.666202,150.206114,0.000000,0.000000,0.000000,0.000000,0.000000,0.000000
50.699999,1.477852,8.662207,1.522148,-8.662207,150.067671,0.000000,0.000000,0.000000,0.000000,0.000000,0.000000
50.799999,1.477908,8.658071,1.522092,-8.658071,149.924402,0.000000,0.000000,0.000000,0.000000,0.000000,0.000000
50.899999,1.477963,8.653795,1.522037,-8.653795,149.776340,0.000000,0.000000,0.000000,0.000000,0.000000,0.000000
50.999999,1.478018,8.649379,1.521982,-8.649379,149.623518,0.000000,0.000000,0.000000,0.000000,0.000000,0.000000
51.099999,1.478072,8.644824,1.521928,-8.644824,149.465968,0.000000,0.000000,0.000000,0.000000,0.000000,0.000000
51.199999,1.478126,8.640130,1.521874,-8.640130,149.303710,0.000000,0.000000,0.000000,0.000000,0.000000,0.000000
51.299999,1.478179,8.635299,1.521821,-8.635299,149.136771,0.000000,0.000000,0.000000,0.000000,0.000000,0.000000
51.399999,1.478232,8.630330,1.521768,-8.630330,148.965177,0.000000,0.000000,0.000000,0.000000,0.000000,0.000000
51.499999,1.478284,8.625223,1.521716,-8.625223,148.788955,0.000000,0.000000,0.000000,0.000000,0.000000,0.000000
51.599999,1.478336,8.619981,1.521664,-8.619981,148.608133,0.000000,0.000000,0.000000,0.000000,0.000000,0.000000
51.699999,1.478388,8.614602,1.521612,-8.614602,148.422739,0.000000,0.000000,0.000000,0.000000,0.000000,0.000000
51.799999,1.478439,8.609088,1.521561,-8.609088,148.232803,0.000000,0.000000,0.000000,0.000000,0.000000,0.000000
51.899999,1.478490,8.603440,1.521510,-8.603440,148.038353,0.000000,0.000000,0.000000,0.000000,0.000000,0.000000
51.999999,1.478540,8.597657,1.521460,-8.597657,147.839419,0.000000,0.000000,0.000000,0.000000,0.000000,0.000000
52.099999,1.478590,8.591741,1.521410,-8.591741,147.636032,0.000000,0.000000,0.000000,0.000000,0.000000,0.000000
52.199999,1.478639,8.585692,1.521361,-8.585692,147.428223,0.000000,0.000000,0.000000,0.000000,0.000000,0.000000
52.299999,1.478688,8.579511,1.521312,-8.579511,147.216024,0.000000,0.000000,0.000000,0.000000,0.000000,0.000000
52.399999,1.478737,8.573199,1.521263,-8.573199,146.999466,0.000000,0.000000,0.000000,0.000000,0.000000,0.000000
52.499999,1.478785,8.566755,1.521215,-8.566755,146.778581,0.000000,0.000000,0.000000,0.000000,0.000000,0.000000
52.599999,1.478833,8.560181,1.521167,-8.560181,146.553404,0.000000,0.000000,0.000000,0.000000,0.000000,0.000000
52.699999,1.478880,8.553478,1.521120,-8.553478,146.323966,0.000000,0.000000,0.000000,0.000000,0.000000,0.000000
52.799999,1.478927,8.546646,1.521073,-8.546646,146.090302,0.000000,0.000000,0.000000,0.000000,0.000000,0.000000
52.899999,1.478974,8.539685,1.521026,-8.539685,145.852445,0.000000,0.000000,0.000000,0.000000,0.000000,0.000000
52.999999,1.479020,8.532597,1.520980,-8.532597,145.610432,0.000000,0.000000,0.000000,0.000000,0.000000,0.000000
53.099999,1.479065,8.525383,1.520935,-8.525383,145.364295,0.000000,0.000000,0.000000,0.000000,0.000000,0.000000
53.199999,1.479111,8.518042,1.520889,-8.518042,145.114071,0.000000,0.000000,0.000000,0.000000,0.000000,0.000000
53.299999,1.479155,8.510576,1.520845,-8.510576,144.859796,0.000000,0.000000,0.000000,0.000000,0.000000,0.000000
53.399999,1.479200,8.502985,1.520800,-8.502985,144.601505,0.000000,0.000000,0.000000,0.000000,0.000000,0.000000
53.499999,1.479244,8.495270,1.520756,-8.495270,144.339235,0.000000,0.000000,0.000000,0.000000,0.000000,0.000000
53.599999,1.479287,8.487433,1.520713,-8.487433,144.073022,0.000000,0.000000,0.000000,0.000000,0.000000,0.000000
53.699999,1.479331,8.479472,1.520669,-8.479472,143.802904,0.000000,0.000000,0.000000,0.000000,0.000000,0.000000
53.799999,1.479373,8.471391,1.520627,-8.471391,143.528918,0.000000,0.000000,0.000000,0.000000,0.000000,0.000000
53.899999,1.479416,8.463188,1.520584,-8.463188,143.251101,0.000000,0.000000,0.000000,0.000000,0.000000,0.000000
53.999999,1.479458,8.454865,1.520542,-8.454865,142.969492,0.000000,0.000000,0.000000,0.000000,0.000000,0.000000
54.099999,1.479499,8.446423,1.520501,-8.446423,142.684128,0.000000,0.000000,0.000000,0.000000,0.000000,0.000000
54.199999,1.479541,8.437863,1.520459,-8.437863,142.395048,0.000000,0.000000,0.000000,0.000000,0.000000,0.000000
54.299999,1.479581,8.429184,1.520419,-8.429184,142.102290,0.000000,0.000000,0.000000,0.000000,0.000000,0.000000
54.399999,1.479622,8.420389,1.520378,-8.420389,141.805894,0.000000,0.000000,0.000000,0.000000,0.000000,0.000000
54.499999,1.479662,8.411477,1.520338,-8.411477,141.505898,0.000000,0.000000,0.000000,0.000000,0.000000,0.000000
54.599999,1.479701,8.402450,1.520299,-8.402450,141.202341,0.000000,0.000000,0.000000,0.000000,0.000000,0.000000
54.699999,1.479741,8.393309,1.520259,-8.393309,140.895264,0.000000,0.000000,0.000000,0.000000,0.000000,0.000000
54.799999,1.479779,8.384053,1.520221,-8.384053,140.584706,0.000000,0.000000,0.000000,0.000000,0.000000,0.000000
54.899999,1.479818,8.374685,1.520182,-8.374685,140.270706,0.000000,0.000000,0.000000,0.000000,0.000000,0.000000
54.999999,1.479856,8.365205,1.520144,-8.365205,139.953305,0.000000,0.000000,0.000000,0.000000,0.000000,0.000000
55.099999,1.479893,8.355613,1.520107,-8.355613,139.632542,0.000000,0.000000,0.000000,0.000000,0.000000,0.000000
55.199999,1.479931,8.345911,1.520069,-8.345911,139.308459,0.000000,0.000000,0.000000,0.000000,0.000000,0.000000
55.299999,1.479968,8.336099,1.520032,-8.336099,138.981094,0.000000,0.000000,0.000000,0.000000,0.000000,0.000000
55.399999,1.480004,8.326178,1.519996,-8.326178,138.650490,0.000000,0.000000,0.000000,0.000000,0.000000,0.000000
55.499999,1.480040,8.316150,1.519960,-8.316150,138.316685,0.000000,0.000000,0.000000,0.000000,0.000000,0.000000
55.599999,1.480076,8.306014,1.519924,-8.306014,137.979722,0.000000,0.000000,0.000000,0.000000,0.000000,0.000000
55.699999,1.480111,8.295771,1.519889,-8.295771,137.639641,0.000000,0.000000,0.000000,0.000000,0.000000,0.000000
55.799999,1.480146,8.285423,1.519854,-8.285423,137.296482,0.000000,0.000000,0.000000,0.000000,0.000000,0.000000
55.899999,1.480181,8.274971,1.519819,-8.274971,136.950286,0.000000,0.000000,0.000000,0.000000,0.000000,0.000000
55.999999,1.480215,8.264415,1.519785,-8.264415,136.601096,0.000000,0.000000,0.000000,0.000000,0.000000,0.000000
56.099999,1.480249,8.253755,1.519751,-8.253755,136.248951,0.000000,0.000000,0.000000,0.000000,0.000000,0.000000
56.199999,1.480282,8.242994,1.519718,-8.242994,135.893892,0.000000,0.000000,0.000000,0.000000,0.000000,0.000000
56.299999,1.480316,8.232131,1.519684,-8.232131,135.535961,0.000000,0.000000,0.000000,0.000000,0.000000,0.000000
56.399999,1.480348,8.221168,1.519652,-8.221168,135.175199,0.000000,0.000000,0.000000,0.000000,0.000000,0.000000
56.499999,1.480381,8.210105,1.519619,-8.210105,134.811646,0.000000,0.000000,0.000000,0.000000,0.000000,0.000000
56.599999,1.480413,8.198943,1.519587,-8.198943,134.445345,0.000000,0.000000,0.000000,0.000000,0.000000,0.000000
56.699999,1.480444,8.187684,1.519556,-8.187684,134.076335,0.000000,0.000000,0.000000,0.000000,0.000000,0.000000
56.799999,1.480476,8.176327,1.519524,-8.176327,133.704659,0.000000,0.000000,0.000000,0.000000,0.000000,0.000000
56.899999,1.480507,8.164875,1.519493,-8.164875,133.330352,0.000000,0.000000,0.000000,0.000000,0.000000,0.000000
56.999999,1.480538,8.153326,1.519462,-8.153326,132.953452,0.000000,0.000000,0.000000,0.000000,0.000000,0.000000
57.099999,1.480568,8.141683,1.519432,-8.141683,132.573994,0.000000,0.000000,0.000000,0.000000,0.000000,0.000000
57.199999,1.480598,8.129945,1.519402,-8.129945,132.192015,0.000000,0.000000,0.000000,0.000000,0.000000,0.000000
57.299999,1.480628,8.118114,1.519372,-8.118114,131.807553,0.000000,0.000000,0.000000,0.000000,0.000000,0.000000
57.399999,1.480658,8.106190,1.519342,-8.106190,131.420644,0.000000,0.000000,0.000000,0.000000,0.000000,0.000000
57.499999,1.480687,8.094175,1.519313,-8.094175,131.031326,0.000000,0.000000,0.000000,0.000000,0.000000,0.000000
57.599999,1.480716,8.082068,1.519284,-8.082068,130.639636,0.000000,0.000000,0.000000,0.000000,0.000000,0.000000
57.699999,1.480745,8.069870,1.519255,-8.069870,130.245610,0.000000,0.000000,0.000000,0.000000,0.000000,0.000000
57.799999,1.480774,8.057583,1.519226,-8.057583,129.849287,0.000000,0.000000,0.000000,0.000000,0.000000,0.000000
57.899999,1.480802,8.045207,1.519198,-8.045207,129.450703,0.000000,0.000000,0.000000,0.000000,0.000000,0.000000
57.999999,1.480830,8.032742,1.519170,-8.032742,129.049895,0.000000,0.000000,0.000000,0.000000,0.000000,0.000000
58.099999,1.480857,8.020190,1.519143,-8.020190,128.646902,0.000000,0.000000,0.000000,0.000000,0.000000,0.000000
58.199999,1.480885,8.007551,1.519115,-8.007551,128.241759,0.000000,0.000000,0.000000,0.000000,0.000000,0.000000
58.299999,1.480912,7.994827,1.519088,-7.994827,127.834505,0.000000,0.000000,0.000000,0.000000,0.000000,0.000000
58.399999,1.480939,7.982017,1.519061,-7.982017,127.425177,0.000000,0.000000,0.000000,0.000000,0.000000,0.000000
58.499999,1.480966,7.969122,1.519034,-7.969122,127.013812,0.000000,0.000000,0.000000,0.000000,0.000000,0.000000
58.599999,1.480992,7.956144,1.519008,-7.956144,126.600448,0.000000,0.000000,0.000000,0.000000,0.000000,0.000000
58.699999,1.481018,7.943083,1.518982,-7.943083,126.185121,0.000000,0.000000,0.000000,0.000000,0.000000,0.000000
58.799999,1.481044,7.929939,1.518956,-7.929939,125.767869,0.000000,0.000000,0.000000,0.000000,0.000000,0.000000
58.899999,1.481069,7.916714,1.518931,-7.916714,125.348730,0.000000,0.000000,0.000000,0.000000,0.000000,0.000000
58.999999,1.481095,7.903409,1.518905,-7.903409,124.927739,0.000000,0.000000,0.000000,0.000000,0.000000,0.000000
59.099999,1.481120,7.890023,1.518880,-7.890023,124.504935,0.000000,0.000000,0.000000,0.000000,0.000000,0.000000
59.199999,1.481144,7.876559,1.518856,-7.876559,124.080354,0.000000,0.000000,0.000000,0.000000,0.000000,0.000000
59.299999,1.481169,7.863016,1.518831,-7.863016,123.654033,0.000000,0.000000,0.000000,0.000000,0.000000,0.000000
59.399999,1.481193,7.849395,1.518807,-7.849395,123.226010,0.000000,0.000000,0.000000,0.000000,0.000000,0.000000
59.499999,1.481217,7.835698,1.518783,-7.835698,122.796320,0.000000,0.000000,0.000000,0.000000,0.000000,0.000000
59.599999,1.481241,7.821924,1.518759,-7.821924,122.365001,0.000000,0.000000,0.000000,0.000000,0.000000,0.000000
59.699999,1.481264,7.808076,1.518736,-7.808076,121.932090,0.000000,0.000000,0.000000,0.000000,0.000000,0.000000
59.799999,1.481287,7.794152,1.518713,-7.794152,121.497622,0.000000,0.000000,0.000000,0.000000,0.000000,0.000000
59.899999,1.481310,7.780155,1.518690,-7.780155,121.061635,0.000000,0.000000,0.000000,0.000000,0.000000,0.000000
59.999999,1.481333,7.766085,1.518667,-7.766085,120.624165,0.000000,0.000000,0.000000,0.000000,0.000000,0.000000
60.099999,1.481355,7.751943,1.518645,-7.751943,120.185248,0.000000,0.000000,0.000000,0.000000,0.000000,0.000000
60.199999,1.481377,7.737730,1.518623,-7.737730,119.744920,0.000000,0.000000,0.000000,0.000000,0.000000,0.000000
60.299999,1.481399,7.723445,1.518601,-7.723445,119.303217,0.000000,0.000000,0.000000,0.000000,0.000000,0.000000
60.399999,1.481421,7.709091,1.518579,-7.709091,118.860175,0.000000,0.000000,0.000000,0.000000,0.000000,0.000000
60.499999,1.481442,7.694668,1.518558,-7.694668,118.415830,0.000000,0.000000,0.000000,0.000000,0.000000,0.000000
60.599999,1.481464,7.680176,1.518536,-7.680176,117.970217,0.000000,0.000000,0.000000,0.000000,0.000000,0.000000
60.699999,1.481484,7.665617,1.518516,-7.665617,117.523372,0.000000,0.000000,0.000000,0.000000,0.000000,0.000000
60.799999,1.481505,7.650991,1.518495,-7.650991,117.075331,0.000000,0.000000,0.000000,0.000000,0.000000,0.000000
60.899999,1.481525,7.636299,1.518475,-7.636299,116.626128,0.000000,0.000000,0.000000,0.000000,0.000000,0.000000
60.999999,1.481546,7.621542,1.518454,-7.621542,116.175798,0.000000,0.000000,0.000000,0.000000,0.000000,0.000000
61.099999,1.481566,7.606720,1.518434,-7.606720,115.724377,0.000000,0.000000,0.000000,0.000000,0.000000,0.000000
61.199999,1.481585,7.591834,1.518415,-7.591834,115.271899,0.000000,0.000000,0.000000,0.000000,0.000000,0.000000
61.299999,1.481605,7.576886,1.518395,-7.576886,114.818399,0.000000,0.000000,0.000000,0.000000,0.000000,0.000000
61.399999,1.481624,7.561875,1.518376,-7.561875,114.363911,0.000000,0.000000,0.000000,0.000000,0.000000,0.000000
61.499999,1.481643,7.546803,1.518357,-7.546803,113.908469,0.000000,0.000000,0.000000,0.000000,0.000000,0.000000
61.599999,1.481661,7.531670,1.518339,-7.531670,113.452108,0.000000,0.000000,0.000000,0.000000,0.000000,0.000000
61.699999,1.481680,7.516477,1.518320,-7.516477,112.994861,0.000000,0.000000,0.000000,0.000000,0.000000,0.000000
61.799999,1.481698,7.501225,1.518302,-7.501225,112.536763,0.000000,0.000000,0.000000,0.000000,0.000000,0.000000
61.899999,1.481716,7.485915,1.518284,-7.485915,112.077845,0.000000,0.000000,0.000000,0.000000,0.000000,0.000000
61.999999,1.481734,7.470547,1.518266,-7.470547,111.618143,0.000000,0.000000,0.000000,0.000000,0.000000,0.000000
62.099999,1.481751,7.455122,1.518249,-7.455122,111.157688,0.000000,0.000000,0.000000,0.000000,0.000000,0.000000
62.199999,1.481769,7.439641,1.518231,-7.439641,110.696515,0.000000,0.000000,0.000000,0.000000,0.000000,0.000000
62.299999,1.481786,7.424104,1.518214,-7.424104,110.234655,0.000000,0.000000,0.000000,0.000000,0.000000,0.000000
62.399999,1.481802,7.408513,1.518198,-7.408513,109.772141,0.000000,0.000000,0.000000,0.000000,0.000000,0.000000
62.499999,1.481819,7.392868,1.518181,-7.392868,109.309006,0.000000,0.000000,0.000000,0.000000,0.000000,0.000000
62.599999,1.481835,7.377170,1.518165,-7.377170,108.845281,0.000000,0.000000,0.000000,0.000000,0.000000,0.000000
62.699999,1.481852,7.361420,1.518148,-7.361420,108.380999,0.000000,0.000000,0.000000,0.000000,0.000000,0.000000
62.799999,1.481867,7.345617,1.518133,-7.345617,107.916192,0.000000,0.000000,0.000000,0.000000,0.000000,0.000000
62.899999,1.481883,7.329764,1.518117,-7.329764,107.450890,0.000000,0.000000,0.000000,0.000000,0.000000,0.000000
62.999999,1.481899,7.313861,1.518101,-7.313861,106.985125,0.000000,0.000000,0.000000,0.000000,0.000000,0.000000
63.099999,1.481914,7.297908,1.518086,-7.297908,106.518928,0.000000,0.000000,0.000000,0.000000,0.000000,0.000000
63.199999,1.481929,7.281907,1.518071,-7.281907,106.052330,0.000000,0.000000,0.000000,0.000000,0.000000,0.000000
63.299999,1.481944,7.265857,1.518056,-7.265857,105.585362,0.000000,0.000000,0.000000,0.000000,0.000000,0.000000
63.399999,1.481958,7.249760,1.518042,-7.249760,105.118053,0.000000,0.000000,0.000000,0.000000,0.000000,0.000000
63.499999,1.481972,7.233617,1.518028,-7.233617,104.650435,0.000000,0.000000,0.000000,0.000000,0.000000,0.000000
63.599999,1.481987,7.217428,1.518013,-7.217428,104.182537,0.000000,0.000000,0.000000,0.000000,0.000000,0.000000
63.699999,1.482000,7.201194,1.518000,-7.201194,103.714388,0.000000,0.000000,0.000000,0.000000,0.000000,0.000000
63.799999,1.482014,7.184915,1.517986,-7.184915,103.246019,0.000000,0.000000,0.000000,0.000000,0.000000,0.000000
63.899999,1.482028,7.168593,1.517972,-7.168593,102.777458,0.000000,0.000000,0.000000,0.000000,0.000000,0.000000
63.999999,1.482041,7.152228,1.517959,-7.152228,102.308734,0.000000,0.000000,0.000000,0.000000,0.000000,0.000000
64.099999,1.482054,7.135821,1.517946,-7.135821,101.839877,0.000000,0.000000,0.000000,0.000000,0.000000,0.000000
64.199999,1.482067,7.119372,1.517933,-7.119372,101.370914,0.000000,0.000000,0.000000,0.000000,0.000000,0.000000
64.299999,1.482079,7.102882,1.517921,-7.102882,100.901874,0.000000,0.000000,0.000000,0.000000,0.000000,0.000000
64.399999,1.482092,7.086353,1.517908,-7.086353,100.432785,0.000000,0.000000,0.000000,0.000000,0.000000,0.000000
64.499999,1.482104,7.069783,1.517896,-7.069783,99.963675,0.000000,0.000000,0.000000,0.000000,0.000000,0.000000
64.599999,1.482116,7.053176,1.517884,-7.053176,99.494571,0.000000,0.000000,0.000000,0.000000,0.000000,0.000000
64.699999,1.482128,7.036530,1.517872,-7.036530,99.025500,0.000000,0.000000,0.000000,0.000000,0.000000,0.000000
64.799999,1.482139,7.019847,1.517861,-7.019847,98.556491,0.000000,0.000000,0.000000,0.000000,0.000000,0.000000
64.899999,1.482150,7.003127,1.517850,-7.003127,98.087568,0.000000,0.000000,0.000000,0.000000,0.000000,0.000000
64.999999,1.482162,6.986371,1.517838,-6.986371,97.618760,0.000000,0.000000,0.000000,0.000000,0.000000,0.000000
65.099999,1.482173,6.969580,1.517827,-6.969580,97.150092,0.000000,0.000000,0.000000,0.000000,0.000000,0.000000
65.199999,1.482183,6.952754,1.517817,-6.952754,96.681590,0.000000,0.000000,0.000000,0.000000,0.000000,0.000000
65.299999,1.482194,6.935895,1.517806,-6.935895,96.213281,0.000000,0.000000,0.000000,0.000000,0.000000,0.000000
65.399999,1.482204,6.919002,1.517796,-6.919002,95.745189,0.000000,0.000000,0.000000,0.000000,0.000000,0.000000
65.499999,1.482214,6.902077,1.517786,-6.902077,95.277340,0.000000,0.000000,0.000000,0.000000,0.000000,0.000000
65.599999,1.482224,6.885120,1.517776,-6.885120,94.809759,0.000000,0.000000,0.000000,0.000000,0.000000,0.000000
65.699999,1.482234,6.868132,1.517766,-6.868132,94.342471,0.000000,0.000000,0.000000,0.000000,0.000000,0.000000
65.799999,1.482243,6.851113,1.517757,-6.851113,93.875501,0.000000,0.000000,0.000000,0.000000,0.000000,0.000000
65.899999,1.482253,6.834064,1.517747,-6.834064,93.408872,0.000000,0.000000,0.000000,0.000000,0.000000,0.000000
65.999999,1.482262,6.816986,1.517738,-6.816986,92.942609,0.000000,0.000000,0.000000,0.000000,0.000000,0.000000
66.099999,1.482271,6.799880,1.517729,-6.799880,92.476735,0.000000,0.000000,0.000000,0.000000,0.000000,0.000000
66.199999,1.482280,6.782746,1.517720,-6.782746,92.011274,0.000000,0.000000,0.000000,0.000000,0.000000,0.000000
66.299999,1.482288,6.765584,1.517712,-6.765584,91.546249,0.000000,0.000000,0.000000,0.000000,0.000000,0.000000
66.399999,1.482296,6.748396,1.517704,-6.748396,91.081684,0.000000,0.000000,0.000000,0.000000,0.000000,0.000000
66.499999,1.482305,6.731181,1.517695,-6.731181,90.617601,0.000000,0.000000,0.000000,0.000000,0.000000,0.000000
66.599999,1.482313,6.713942,1.517687,-6.713942,90.154022,0.000000,0.000000,0.000000,0.000000,0.000000,0.000000
66.699999,1.482320,6.696677,1.517680,-6.696677,89.690970,0.000000,0.000000,0.000000,0.000000,0.000000,0.000000
66.799999,1.482328,6.679389,1.517672,-6.679389,89.228467,0.000000,0.000000,0.000000,0.000000,0.000000,0.000000
66.899999,1.482335,6.662077,1.517665,-6.662077,88.766534,0.000000,0.000000,0.000000,0.000000,0.000000,0.000000
66.999999,1.482343,6.644742,1.517657,-6.644742,88.305194,0.000000,0.000000,0.000000,0.000000,0.000000,0.000000
67.099999,1.482350,6.627385,1.517650,-6.627385,87.844466,0.000000,0.000000,0.000000,0.000000,0.000000,0.000000
67.199998,1.482356,6.610007,1.517644,-6.610007,87.384373,0.000000,0.000000,0.000000,0.000000,0.000000,0.000000
67.299998,1.482363,6.592607,1.517637,-6.592607,86.924934,0.000000,0.000000,0.000000,0.000000,0.000000,0.000000
67.399998,1.482370,6.575187,1.517630,-6.575187,86.466171,0.000000,0.000000,0.000000,0.000000,0.000000,0.000000
67.499998,1.482376,6.557747,1.517624,-6.557747,86.008103,0.000000,0.000000,0.000000,0.000000,0.000000,0.000000
67.599998,1.482382,6.540289,1.517618,-6.540289,85.550751,0.000000,0.000000,0.000000,0.000000,0.000000,0.000000
67.699998,1.482388,6.522811,1.517612,-6.522811,85.094134,0.000000,0.000000,0.000000,0.000000,0.000000,0.000000
67.799998,1.482394,6.505316,1.517606,-6.505316,84.638272,0.000000,0.000000,0.000000,0.000000,0.000000,0.000000
67.899998,1.482399,6.487803,1.517601,-6.487803,84.183183,0.000000,0.000000,0.000000,0.000000,0.000000,0.000000
67.999998,1.482405,6.470274,1.517595,-6.470274,83.728888,0.000000,0.000000,0.000000,0.000000,0.000000,0.000000
68.099998,1.482410,6.452728,1.517590,-6.452728,83.275403,0.000000,0.000000,0.000000,0.000000,0.000000,0.000000
68.199998,1.482415,6.435167,1.517585,-6.435167,82.822749,0.000000,0.000000,0.000000,0.000000,0.000000,0.000000
68.299998,1.482420,6.417591,1.517580,-6.417591,82.370943,0.000000,0.000000,0.000000,0.000000,0.000000,0.000000
68.399998,1.482424,6.400000,1.517576,-6.400000,81.920003,0.000000,0.000000,0.000000,0.000000,0.000000,0.000000
68.499998,1.482429,6.382396,1.517571,-6.382396,81.469947,0.000000,0.000000,0.000000,0.000000,0.000000,0.000000
68.599998,1.482433,6.364778,1.517567,-6.364778,81.020792,0.000000,0.000000,0.000000,0.000000,0.000000,0.000000
68.699998,1.482437,6.347147,1.517563,-6.347147,80.572555,0.000000,0.000000,0.000000,0.000000,0.000000,0.000000
68.799998,1.482441,6.329504,1.517559,-6.329504,80.125254,0.000000,0.000000,0.000000,0.000000,0.000000,0.000000
68.899998,1.482445,6.311850,1.517555,-6.311850,79.678905,0.000000,0.000000,0.000000,0.000000,0.000000,0.000000
68.999998,1.482449,6.294185,1.517551,-6.294185,79.233525,0.000000,0.000000,0.000000,0.000000,0.000000,0.000000
69.099998,1.482452,6.276509,1.517548,-6.276509,78.789129,0.000000,0.000000,0.000000,0.000000,0.000000,0.000000
69.199998,1.482456,6.258823,1.517544,-6.258823,78.345734,0.000000,0.000000,0.000000,0.000000,0.000000,0.000000
69.299998,1.482459,6.241128,1.517541,-6.241128,77.903356,0.000000,0.000000,0.000000,0.000000,0.000000,0.000000
69.399998,1.482462,6.223424,1.517538,-6.223424,77.462010,0.000000,0.000000,0.000000,0.000000,0.000000,0.000000
69.499998,1.482465,6.205712,1.517535,-6.205712,77.021711,0.000000,0.000000,0.000000,0.000000,0.000000,0.000000
69.599998,1.482467,6.187991,1.517533,-6.187991,76.582474,0.000000,0.000000,0.000000,0.000000,0.000000,0.000000
69.699998,1.482470,6.170264,1.517530,-6.170264,76.144315,0.000000,0.000000,0.000000,0.000000,0.000000,0.000000
69.799998,1.482472,6.152530,1.517528,-6.152530,75.707247,0.000000,0.000000,0.000000,0.000000,0.000000,0.000000
69.899998,1.482474,6.134790,1.517526,-6.134790,75.271285,0.000000,0.000000,0.000000,0.000000,0.000000,0.000000
69.999998,1.482476,6.117044,1.517524,-6.117044,74.836444,0.000000,0.000000,0.000000,0.000000,0.000000,0.000000
70.099998,1.482478,6.099292,1.517522,-6.099292,74.402736,0.000000,0.000000,0.000000,0.000000,0.000000,0.000000
70.199998,1.482479,6.081537,1.517521,-6.081537,73.970176,0.000000,0.000000,0.000000,0.000000,0.000000,0.000000
70.299998,1.482481,6.063777,1.517519,-6.063777,73.538777,0.000000,0.000000,0.000000,0.000000,0.000000,0.000000
70.399998,1.482482,6.046013,1.517518,-6.046013,73.108552,0.000000,0.000000,0.000000,0.000000,0.000000,0.000000
70.499998,1.482483,6.028247,1.517517,-6.028247,72.679514,0.000000,0.000000,0.000000,0.000000,0.000000,0.000000
70.599998,1.482484,6.010477,1.517516,-6.010477,72.251676,0.000000,0.000000,0.000000,0.000000,0.000000,0.000000
70.699998,1.482485,5.992706,1.517515,-5.992706,71.825050,0.000000,0.000000,0.000000,0.000000,0.000000,0.000000
70.799998,1.482486,5.974933,1.517514,-5.974933,71.399649,0.000000,0.000000,0.000000,0.000000,0.000000,0.000000
70.899998,1.482486,5.957159,1.517514,-5.957159,70.975484,0.000000,0.000000,0.000000,0.000000,0.000000,0.000000
70.999998,1.482487,5.939384,1.517513,-5.939384,70.552567,0.000000,0.000000,0.000000,0.000000,0.000000,0.000000
71.099998,1.482487,5.921609,1.517513,-5.921609,70.130911,0.000000,0.000000,0.000000,0.000000,0.000000,0.000000
71.199998,1.482487,5.903835,1.517513,-5.903835,69.710525,0.000000,0.000000,0.000000,0.000000,0.000000,0.000000
71.299998,1.482487,5.886061,1.517513,-5.886061,69.291423,0.000000,0.000000,0.000000,0.000000,0.000000,0.000000
71.399998,1.482486,5.868288,1.517514,-5.868288,68.873613,0.000000,0.000000,0.000000,0.000000,0.000000,0.000000
71.499998,1.482486,5.850517,1.517514,-5.850517,68.457108,0.000000,0.000000,0.000000,0.000000,0.000000,0.000000
71.599998,1.482485,5.832749,1.517515,-5.832749,68.041917,0.000000,0.000000,0.000000,0.000000,0.000000,0.000000
71.699998,1.482485,5.814983,1.517515,-5.814983,67.628052,0.000000,0.000000,0.000000,0.000000,0.000000,0.000000
71.799998,1.482484,5.797220,1.517516,-5.797220,67.215521,0.000000,0.000000,0.000000,0.000000,0.000000,0.000000
71.899998,1.482483,5.779461,1.517517,-5.779461,66.804335,0.000000,0.000000,0.000000,0.000000,0.000000,0.000000
71.999998,1.482481,5.761706,1.517519,-5.761706,66.394504,0.000000,0.000000,0.000000,0.000000,0.000000,0.000000
72.099998,1.482480,5.743955,1.517520,-5.743955,65.986037,0.000000,0.000000,0.000000,0.000000,0.000000,0.000000
72.199998,1.482478,5.726209,1.517522,-5.726209,65.578943,0.000000,0.000000,0.000000,0.000000,0.000000,0.000000
72.299998,1.482477,5.708469,1.517523,-5.708469,65.173231,0.000000,0.000000,0.000000,0.000000,0.000000,0.000000
72.399998,1.482475,5.690734,1.517525,-5.690734,64.768910,0.000000,0.000000,0.000000,0.000000,0.000000,0.000000
72.499998,1.482473,5.673006,1.517527,-5.673006,64.365989,0.000000,0.000000,0.000000,0.000000,0.000000,0.000000
72.599998,1.482471,5.655284,1.517529,-5.655284,63.964477,0.000000,0.000000,0.000000,0.000000,0.000000,0.000000
72.699998,1.482469,5.637570,1.517531,-5.637570,63.564381,0.000000,0.000000,0.000000,0.000000,0.000000,0.000000
72.799998,1.482466,5.619863,1.517534,-5.619863,63.165709,0.000000,0.000000,0.000000,0.000000,0.000000,0.000000
72.899998,1.482464,5.602163,1.517536,-5.602163,62.768470,0.000000,0.000000,0.000000,0.000000,0.000000,0.000000
72.999998,1.482461,5.584473,1.517539,-5.584473,62.372671,0.000000,0.000000,0.000000,0.000000,0.000000,0.000000
73.099998,1.482458,5.566791,1.517542,-5.566791,61.978319,0.000000,0.000000,0.000000,0.000000,0.000000,0.000000
73.199998,1.482455,5.549118,1.517545,-5.549118,61.585422,0.000000,0.000000,0.000000,0.000000,0.000000,0.000000
73.299998,1.482452,5.531455,1.517548,-5.531455,61.193987,0.000000,0.000000,0.000000,0.000000,0.000000,0.000000
73.399998,1.482448,5.513802,1.517552,-5.513802,60.804021,0.000000,0.000000,0.000000,0.000000,0.000000,0.000000
73.499998,1.482445,5.496159,1.517555,-5.496159,60.415530,0.000000,0.000000,0.000000,0.000000,0.000000,0.000000
73.599998,1.482441,5.478527,1.517559,-5.478527,60.028521,0.000000,0.000000,0.000000,0.000000,0.000000,0.000000
73.699998,1.482438,5.460907,1.517562,-5.460907,59.643001,0.000000,0.000000,0.000000,0.000000,0.000000,0.000000
73.799998,1.482434,5.443297,1.517566,-5.443297,59.258975,0.000000,0.000000,0.000000,0.000000,0.000000,0.000000
73.899998,1.482430,5.425700,1.517570,-5.425700,58.876449,0.000000,0.000000,0.000000,0.000000,0.000000,0.000000
73.999998,1.482425,5.408116,1.517575,-5.408116,58.495430,0.000000,0.000000,0.000000,0.000000,0.000000,0.000000
74.099998,1.482421,5.390544,1.517579,-5.390544,58.115922,0.000000,0.000000,0.000000,0.000000,0.000000,0.000000
74.199998,1.482417,5.372985,1.517583,-5.372985,57.737932,0.000000,0.000000,0.000000,0.000000,0.000000,0.000000
74.299998,1.482412,5.355440,1.517588,-5.355440,57.361465,0.000000,0.000000,0.000000,0.000000,0.000000,0.000000
74.399998,1.482407,5.337908,1.517593,-5.337908,56.986525,0.000000,0.000000,0.000000,0.000000,0.000000,0.000000
74.499998,1.482402,5.320391,1.517598,-5.320391,56.613118,0.000000,0.000000,0.000000,0.000000,0.000000,0.000000
74.599998,1.482397,5.302888,1.517603,-5.302888,56.241249,0.000000,0.000000,0.000000,0.000000,0.000000,0.000000
74.699998,1.482392,5.285401,1.517608,-5.285401,55.870921,0.000000,0.000000,0.000000,0.000000,0.000000,0.000000
74.799998,1.482387,5.267928,1.517613,-5.267928,55.502140,0.000000,0.000000,0.000000,0.000000,0.000000,0.000000
74.899998,1.482381,5.250472,1.517619,-5.250472,55.134910,0.000000,0.000000,0.000000,0.000000,0.000000,0.000000
74.999998,1.482376,5.233031,1.517624,-5.233031,54.769234,0.000000,0.000000,0.000000,0.000000,0.000000,0.000000
75.099998,1.482370,5.215607,1.517630,-5.215607,54.405117,0.000000,0.000000,0.000000,0.000000,0.000000,0.000000
75.199998,1.482364,5.198200,1.517636,-5.198200,54.042563,0.000000,0.000000,0.000000,0.000000,0.000000,0.000000
75.299998,1.482358,5.180810,1.517642,-5.180810,53.681574,0.000000,0.000000,0.000000,0.000000,0.000000,0.000000
75.399998,1.482352,5.163437,1.517648,-5.163437,53.322156,0.000000,0.000000,0.000000,0.000000,0.000000,0.000000
75.499998,1.482345,5.146082,1.517655,-5.146082,52.964310,0.000000,0.000000,0.000000,0.000000,0.000000,0.000000
75.599998,1.482339,5.128744,1.517661,-5.128744,52.608040,0.000000,0.000000,0.000000,0.000000,0.000000,0.000000
75.699998,1.482332,5.111426,1.517668,-5.111426,52.253349,0.000000,0.000000,0.000000,0.000000,0.000000,0.000000
75.799998,1.482326,5.094126,1.517674,-5.094126,51.900240,0.000000,0.000000,0.000000,0.000000,0.000000,0.000000
75.899998,1.482319,5.076845,1.517681,-5.076845,51.548716,0.000000,0.000000,0.000000,0.000000,0.000000,0.000000
75.999998,1.482312,5.059584,1.517688,-5.059584,51.198778,0.000000,0.000000,0.000000,0.000000,0.000000,0.000000
76.099998,1.482305,5.042342,1.517695,-5.042342,50.850431,0.000000,0.000000,0.000000,0.000000,0.000000,0.000000
76.199998,1.482297,5.025121,1.517703,-5.025121,50.503675,0.000000,0.000000,0.000000,0.000000,0.000000,0.000000
76.299998,1.482290,5.007919,1.517710,-5.007919,50.158512,0.000000,0.000000,0.000000,0.000000,0.000000,0.000000
76.399998,1.482282,4.990739,1.517718,-4.990739,49.814946,0.000000,0.000000,0.000000,0.000000,0.000000,0.000000
76.499998,1.482275,4.973579,1.517725,-4.973579,49.472978,0.000000,0.000000,0.000000,0.000000,0.000000,0.000000
76.599998,1.482267,4.956441,1.517733,-4.956441,49.132608,0.000000,0.000000,0.000000,0.000000,0.000000,0.000000
76.699998,1.482259,4.939324,1.517741,-4.939324,48.793840,0.000000,0.000000,0.000000,0.000000,0.000000,0.000000
76.799998,1.482251,4.922229,1.517749,-4.922229,48.456674,0.000000,0.000000,0.000000,0.000000,0.000000,0.000000
76.899998,1.482242,4.905156,1.517758,-4.905156,48.121111,0.000000,0.000000,0.000000,0.000000,0.000000,0.000000
76.999998,1.482234,4.888106,1.517766,-4.888106,47.787154,0.000000,0.000000,0.000000,0.000000,0.000000,0.000000
77.099998,1.482225,4.871078,1.517775,-4.871078,47.454802,0.000000,0.000000,0.000000,0.000000,0.000000,0.000000
77.199998,1.482217,4.854073,1.517783,-4.854073,47.124057,0.000000,0.000000,0.000000,0.000000,0.000000,0.000000
77.299998,1.482208,4.837092,1.517792,-4.837092,46.794919,0.000000,0.000000,0.000000,0.000000,0.000000,0.000000
77.399998,1.482199,4.820134,1.517801,-4.820134,46.467389,0.000000,0.000000,0.000000,0.000000,0.000000,0.000000
77.499998,1.482190,4.803200,1.517810,-4.803200,46.141468,0.000000,0.000000,0.000000,0.000000,0.000000,0.000000
77.599998,1.482181,4.786291,1.517819,-4.786291,45.817156,0.000000,0.000000,0.000000,0.000000,0.000000,0.000000
77.699998,1.482171,4.769405,1.517829,-4.769405,45.494453,0.000000,0.000000,0.000000,0.000000,0.000000,0.000000
77.799998,1.482162,4.752545,1.517838,-4.752545,45.173359,0.000000,0.000000,0.000000,0.000000,0.000000,0.000000
77.899998,1.482152,4.735709,1.517848,-4.735709,44.853875,0.000000,0.000000,0.000000,0.000000,0.000000,0.000000
77.999998,1.482143,4.718898,1.517857,-4.718898,44.536000,0.000000,0.000000,0.000000,0.000000,0.000000,0.000000
78.099998,1.482133,4.702113,1.517867,-4.702113,44.219734,0.000000,0.000000,0.000000,0.000000,0.000000,0.000000
78.199998,1.482123,4.685354,1.517877,-4.685354,43.905077,0.000000,0.000000,0.000000,0.000000,0.000000,0.000000
78.299998,1.482113,4.668620,1.517887,-4.668620,43.592028,0.000000,0.000000,0.000000,0.000000,0.000000,0.000000
78.399998,1.482102,4.651913,1.517898,-4.651913,43.280586,0.000000,0.000000,0.000000,0.000000,0.000000,0.000000
78.499998,1.482092,4.635232,1.517908,-4.635232,42.970752,0.000000,0.000000,0.000000,0.000000,0.000000,0.000000
78.599998,1.482081,4.618578,1.517919,-4.618578,42.662524,0.000000,0.000000,0.000000,0.000000,0.000000,0.000000
78.699998,1.482071,4.601951,1.517929,-4.601951,42.355902,0.000000,0.000000,0.000000,0.000000,0.000000,0.000000
78.799998,1.482060,4.585351,1.517940,-4.585351,42.050884,0.000000,0.000000,0.000000,0.000000,0.000000,0.000000
78.899998,1.482049,4.568778,1.517951,-4.568778,41.747469,0.000000,0.000000,0.000000,0.000000,0.000000,0.000000
78.999998,1.482038,4.552233,1.517962,-4.552233,41.445656,0.000000,0.000000,0.000000,0.000000,0.000000,0.000000
79.099998,1.482027,4.535716,1.517973,-4.535716,41.145444,0.000000,0.000000,0.000000,0.000000,0.000000,0.000000
79.199998,1.482015,4.519227,1.517985,-4.519227,40.846832,0.000000,0.000000,0.000000,0.000000,0.000000,0.000000
79.299998,1.482004,4.502767,1.517996,-4.502767,40.549817,0.000000,0.000000,0.000000,0.000000,0.000000,0.000000
79.399998,1.481992,4.486335,1.518008,-4.486335,40.254399,0.000000,0.000000,0.000000,0.000000,0.000000,0.000000
79.499998,1.481980,4.469931,1.518020,-4.469931,39.960575,0.000000,0.000000,0.000000,0.000000,0.000000,0.000000
79.599998,1.481968,4.453557,1.518032,-4.453557,39.668344,0.000000,0.000000,0.000000,0.000000,0.000000,0.000000
79.699998,1.481956,4.437212,1.518044,-4.437212,39.377704,0.000000,0.000000,0.000000,0.000000,0.000000,0.000000
79.799998,1.481944,4.420897,1.518056,-4.420897,39.088653,0.000000,0.000000,0.000000,0.000000,0.000000,0.000000
79.899998,1.481932,4.404611,1.518068,-4.404611,38.801189,0.000000,0.000000,0.000000,0.000000,0.000000,0.000000
79.999998,1.481920,4.388354,1.518080,-4.388354,38.515309,0.000000,0.000000,0.000000,0.000000,0.000000,0.000000
80.099998,1.481907,4.372128,1.518093,-4.372128,38.231012,0.000000,0.000000,0.000000,0.000000,0.000000,0.000000
80.199998,1.481894,4.355932,1.518106,-4.355932,37.948295,0.000000,0.000000,0.000000,0.000000,0.000000,0.000000
80.299998,1.481882,4.339767,1.518118,-4.339767,37.667155,0.000000,0.000000,0.000000,0.000000,0.000000,0.000000
80.399998,1.481869,4.323632,1.518131,-4.323632,37.387591,0.000000,0.000000,0.000000,0.000000,0.000000,0.000000
80.499998,1.481856,4.307528,1.518144,-4.307528,37.109599,0.000000,0.000000,0.000000,0.000000,0.000000,0.000000
80.599998,1.481842,4.291455,1.518158,-4.291455,36.833177,0.000000,0.000000,0.000000,0.000000,0.000000,0.000000
80.699998,1.481829,4.275414,1.518171,-4.275414,36.558323,0.000000,0.000000,0.000000,0.000000,0.000000,0.000000
80.799998,1.481816,4.259403,1.518184,-4.259403,36.285032,0.000000,0.000000,0.000000,0.000000,0.000000,0.000000
80.899998,1.481802,4.243424,1.518198,-4.243424,36.013303,0.000000,0.000000,0.000000,0.000000,0.000000,0.000000
80.999998,1.481788,4.227478,1.518212,-4.227478,35.743132,0.000000,0.000000,0.000000,0.000000,0.000000,0.000000
81.099998,1.481774,4.211562,1.518226,-4.211562,35.474517,0.000000,0.000000,0.000000,0.000000,0.000000,0.000000
81.199998,1.481760,4.195680,1.518240,-4.195680,35.207453,0.000000,0.000000,0.000000,0.000000,0.000000,0.000000
81.299998,1.481746,4.179829,1.518254,-4.179829,34.941939,0.000000,0.000000,0.000000,0.000000,0.000000,0.000000
81.399998,1.481732,4.164011,1.518268,-4.164011,34.677970,0.000000,0.000000,0.000000,0.000000,0.000000,0.000000
81.499998,1.481717,4.148225,1.518283,-4.148225,34.415543,0.000000,0.000000,0.000000,0.000000,0.000000,0.000000
81.599998,1.481703,4.132472,1.518297,-4.132472,34.154655,0.000000,0.000000,0.000000,0.000000,0.000000,0.000000
81.699998,1.481688,4.116753,1.518312,-4.116753,33.895303,0.000000,0.000000,0.000000,0.000000,0.000000,0.000000
81.799998,1.481673,4.101066,1.518327,-4.101066,33.637482,0.000000,0.000000,0.000000,0.000000,0.000000,0.000000
81.899998,1.481659,4.085412,1.518341,-4.085412,33.381190,0.000000,0.000000,0.000000,0.000000,0.000000,0.000000
81.999998,1.481643,4.069792,1.518357,-4.069792,33.126421,0.000000,0.000000,0.000000,0.000000,0.000000,0.000000
82.099998,1.481628,4.054206,1.518372,-4.054206,32.873174,0.000000,0.000000,0.000000,0.000000,0.000000,0.000000
82.199998,1.481613,4.038653,1.518387,-4.038653,32.621443,0.000000,0.000000,0.000000,0.000000,0.000000,0.000000
82.299998,1.481597,4.023135,1.518403,-4.023135,32.371225,0.000000,0.000000,0.000000,0.000000,0.000000,0.000000
82.399998,1.481582,4.007650,1.518418,-4.007650,32.122516,0.000000,0.000000,0.000000,0.000000,0.000000,0.000000
82.499998,1.481566,3.992199,1.518434,-3.992199,31.875313,0.000000,0.000000,0.000000,0.000000,0.000000,0.000000
82.599998,1.481550,3.976783,1.518450,-3.976783,31.629609,0.000000,0.000000,0.000000,0.000000,0.000000,0.000000
82.699998,1.481534,3.961401,1.518466,-3.961401,31.385403,0.000000,0.000000,0.000000,0.000000,0.000000,0.000000
82.799998,1.481518,3.946054,1.518482,-3.946054,31.142689,0.000000,0.000000,0.000000,0.000000,0.000000,0.000000
82.899998,1.481502,3.930742,1.518498,-3.930742,30.901464,0.000000,0.000000,0.000000,0.000000,0.000000,0.000000
82.999998,1.481485,3.915464,1.518515,-3.915464,30.661723,0.000000,0.000000,0.000000,0.000000,0.000000,0.000000
83.099998,1.481469,3.900222,1.518531,-3.900222,30.423461,0.000000,0.000000,0.000000,0.000000,0.000000,0.000000
83.199998,1.481452,3.885014,1.518548,-3.885014,30.186675,0.000000,0.000000,0.000000,0.000000,0.000000,0.000000
83.299998,1.481435,3.869842,1.518565,-3.869842,29.951359,0.000000,0.000000,0.000000,0.000000,0.000000,0.000000
83.399998,1.481419,3.854706,1.518581,-3.854706,29.717510,0.000000,0.000000,0.000000,0.000000,0.000000,0.000000
83.499998,1.481401,3.839604,1.518599,-3.839604,29.485122,0.000000,0.000000,0.000000,0.000000,0.000000,0.000000
83.599998,1.481384,3.824539,1.518616,-3.824539,29.254192,0.000000,0.000000,0.000000,0.000000,0.000000,0.000000
83.699998,1.481367,3.809509,1.518633,-3.809509,29.024715,0.000000,0.000000,0.000000,0.000000,0.000000,0.000000
83.799998,1.481349,3.794515,1.518651,-3.794515,28.796685,0.000000,0.000000,0.000000,0.000000,0.000000,0.000000
83.899998,1.481332,3.779557,1.518668,-3.779557,28.570098,0.000000,0.000000,0.000000,0.000000,0.000000,0.000000
83.999998,1.481314,3.764635,1.518686,-3.764635,28.344950,0.000000,0.000000,0.000000,0.000000,0.000000,0.000000
84.099998,1.481296,3.749749,1.518704,-3.749749,28.121235,0.000000,0.000000,0.000000,0.000000,0.000000,0.000000
84.199998,1.481278,3.734900,1.518722,-3.734900,27.898949,0.000000,0.000000,0.000000,0.000000,0.000000,0.000000
84.299998,1.481260,3.720086,1.518740,-3.720086,27.678086,0.000000,0.000000,0.000000,0.000000,0.000000,0.000000
84.399998,1.481242,3.705310,1.518758,-3.705310,27.458643,0.000000,0.000000,0.000000,0.000000,0.000000,0.000000
84.499998,1.481223,3.690570,1.518777,-3.690570,27.240613,0.000000,0.000000,0.000000,0.000000,0.000000,0.000000
84.599998,1.481205,3.675867,1.518795,-3.675867,27.023992,0.000000,0.000000,0.000000,0.000000,0.000000,0.000000
84.699998,1.481186,3.661200,1.518814,-3.661200,26.808775,0.000000,0.000000,0.000000,0.000000,0.000000,0.000000
84.799998,1.481167,3.646571,1.518833,-3.646571,26.594957,0.000000,0.000000,0.000000,0.000000,0.000000,0.000000
84.899998,1.481148,3.631978,1.518852,-3.631978,26.382532,0.000000,0.000000,0.000000,0.000000,0.000000,0.000000
84.999998,1.481129,3.617423,1.518871,-3.617423,26.171495,0.000000,0.000000,0.000000,0.000000,0.000000,0.000000
85.099998,1.481110,3.602905,1.518890,-3.602905,25.961842,0.000000,0.000000,0.000000,0.000000,0.000000,0.000000
85.199998,1.481091,3.588424,1.518909,-3.588424,25.753567,0.000000,0.000000,0.000000,0.000000,0.000000,0.000000
85.299998,1.481071,3.573980,1.518929,-3.573980,25.546664,0.000000,0.000000,0.000000,0.000000,0.000000,0.000000
85.399998,1.481052,3.559574,1.518948,-3.559574,25.341129,0.000000,0.000000,0.000000,0.000000,0.000000,0.000000
85.499998,1.481032,3.545205,1.518968,-3.545205,25.136956,0.000000,0.000000,0.000000,0.000000,0.000000,0.000000
85.599998,1.481012,3.530874,1.518988,-3.530874,24.934140,0.000000,0.000000,0.000000,0.000000,0.000000,0.000000
85.699998,1.480992,3.516580,1.519008,-3.516580,24.732675,0.000000,0.000000,0.000000,0.000000,0.000000,0.000000
85.799998,1.480972,3.502325,1.519028,-3.502325,24.532556,0.000000,0.000000,0.000000,0.000000,0.000000,0.000000
85.899998,1.480951,3.488107,1.519049,-3.488107,24.333778,0.000000,0.000000,0.000000,0.000000,0.000000,0.000000
85.999998,1.480931,3.473927,1.519069,-3.473927,24.136334,0.000000,0.000000,0.000000,0.000000,0.000000,0.000000
86.099998,1.480910,3.459785,1.519090,-3.459785,23.940221,0.000000,0.000000,0.000000,0.000000,0.000000,0.000000
86.199998,1.480890,3.445681,1.519110,-3.445681,23.745431,0.000000,0.000000,0.000000,0.000000,0.000000,0.000000
86.299998,1.480869,3.431615,1.519131,-3.431615,23.551960,0.000000,0.000000,0.000000,0.000000,0.000000,0.000000
86.399998,1.480848,3.417587,1.519152,-3.417587,23.359802,0.000000,0.000000,0.000000,0.000000,0.000000,0.000000
86.499998,1.480827,3.403597,1.519173,-3.403597,23.168952,0.000000,0.000000,0.000000,0.000000,0.000000,0.000000
86.599998,1.480805,3.389646,1.519195,-3.389646,22.979403,0.000000,0.000000,0.000000,0.000000,0.000000,0.000000
86.699998,1.480784,3.375733,1.519216,-3.375733,22.791151,0.000000,0.000000,0.000000,0.000000,0.000000,0.000000
86.799998,1.480762,3.361859,1.519238,-3.361859,22.604189,0.000000,0.000000,0.000000,0.000000,0.000000,0.000000
86.899998,1.480741,3.348023,1.519259,-3.348023,22.418512,0.000000,0.000000,0.000000,0.000000,0.000000,0.000000
86.999998,1.480719,3.334225,1.519281,-3.334225,22.234115,0.000000,0.000000,0.000000,0.000000,0.000000,0.000000
87.099998,1.480697,3.320466,1.519303,-3.320466,22.050991,0.000000,0.000000,0.000000,0.000000,0.000000,0.000000
87.199998,1.480675,3.306746,1.519325,-3.306746,21.869135,0.000000,0.000000,0.000000,0.000000,0.000000,0.000000
87.299998,1.480652,3.293064,1.519348,-3.293064,21.688541,0.000000,0.000000,0.000000,0.000000,0.000000,0.000000
87.399998,1.480630,3.279421,1.519370,-3.279421,21.509204,0.000000,0.000000,0.000000,0.000000,0.000000,0.000000
87.499998,1.480607,3.265817,1.519393,-3.265817,21.331118,0.000000,0.000000,0.000000,0.000000,0.000000,0.000000
87.599998,1.480585,3.252251,1.519415,-3.252251,21.154276,0.000000,0.000000,0.000000,0.000000,0.000000,0.000000
87.699998,1.480562,3.238725,1.519438,-3.238725,20.978674,0.000000,0.000000,0.000000,0.000000,0.000000,0.000000
87.799998,1.480539,3.225237,1.519461,-3.225237,20.804305,0.000000,0.000000,0.000000,0.000000,0.000000,0.000000
87.899998,1.480516,3.211788,1.519484,-3.211788,20.631164,0.000000,0.000000,0.000000,0.000000,0.000000,0.000000
87.999998,1.480492,3.198378,1.519508,-3.198378,20.459245,0.000000,0.000000,0.000000,0.000000,0.000000,0.000000
88.099998,1.480469,3.185007,1.519531,-3.185007,20.288541,0.000000,0.000000,0.000000,0.000000,0.000000,0.000000
88.199998,1.480446,3.171675,1.519554,-3.171675,20.119048,0.000000,0.000000,0.000000,0.000000,0.000000,0.000000
88.299998,1.480422,3.158382,1.519578,-3.158382,19.950759,0.000000,0.000000,0.000000,0.000000,0.000000,0.000000
88.399998,1.480398,3.145129,1.519602,-3.145129,19.783668,0.000000,0.000000,0.000000,0.000000,0.000000,0.000000
88.499998,1.480374,3.131914,1.519626,-3.131914,19.617769,0.000000,0.000000,0.000000,0.000000,0.000000,0.000000
88.599998,1.480350,3.118738,1.519650,-3.118738,19.453057,0.000000,0.000000,0.000000,0.000000,0.000000,0.000000
88.699998,1.480326,3.105602,1.519674,-3.105602,19.289525,0.000000,0.000000,0.000000,0.000000,0.000000,0.000000
88.799998,1.480302,3.092504,1.519698,-3.092504,19.127167,0.000000,0.000000,0.000000,0.000000,0.000000,0.000000
88.899998,1.480277,3.079446,1.519723,-3.079446,18.965978,0.000000,0.000000,0.000000,0.000000,0.000000,0.000000
88.999998,1.480253,3.066427,1.519747,-3.066427,18.805952,0.000000,0.000000,0.000000,0.000000,0.000000,0.000000
89.099998,1.480228,3.053447,1.519772,-3.053447,18.647082,0.000000,0.000000,0.000000,0.000000,0.000000,0.000000
89.199998,1.480203,3.040507,1.519797,-3.040507,18.489363,0.000000,0.000000,0.000000,0.000000,0.000000,0.000000
89.299998,1.480178,3.027605,1.519822,-3.027605,18.332790,0.000000,0.000000,0.000000,0.000000,0.000000,0.000000
89.399998,1.480153,3.014743,1.519847,-3.014743,18.177354,0.000000,0.000000,0.000000,0.000000,0.000000,0.000000
89.499998,1.480128,3.001920,1.519872,-3.001920,18.023052,0.000000,0.000000,0.000000,0.000000,0.000000,0.000000
89.599998,1.480103,2.989137,1.519897,-2.989137,17.869877,0.000000,0.000000,0.000000,0.000000,0.000000,0.000000
89.699998,1.480078,2.976392,1.519922,-2.976392,17.717823,0.000000,0.000000,0.000000,0.000000,0.000000,0.000000
89.799998,1.480052,2.963687,1.519948,-2.963687,17.566885,0.000000,0.000000,0.000000,0.000000,0.000000,0.000000
89.899998,1.480026,2.951021,1.519974,-2.951021,17.417055,0.000000,0.000000,0.000000,0.000000,0.000000,0.000000
89.999998,1.480001,2.938395,1.519999,-2.938395,17.268329,0.000000,0.000000,0.000000,0.000000,0.000000,0.000000
90.099998,1.479975,2.925808,1.520025,-2.925808,17.120701,0.000000,0.000000,0.000000,0.000000,0.000000,0.000000
90.199998,1.479949,2.913260,1.520051,-2.913260,16.974164,0.000000,0.000000,0.000000,0.000000,0.000000,0.000000
90.299998,1.479922,2.900751,1.520078,-2.900751,16.828712,0.000000,0.000000,0.000000,0.000000,0.000000,0.000000
90.399998,1.479896,2.888282,1.520104,-2.888282,16.684340,0.000000,0.000000,0.000000,0.000000,0.000000,0.000000
90.499998,1.479870,2.875851,1.520130,-2.875851,16.541043,0.000000,0.000000,0.000000,0.000000,0.000000,0.000000
90.599998,1.479843,2.863461,1.520157,-2.863461,16.398813,0.000000,0.000000,0.000000,0.000000,0.000000,0.000000
90.699998,1.479816,2.851109,1.520184,-2.851109,16.257645,0.000000,0.000000,0.000000,0.000000,0.000000,0.000000
90.799998,1.479790,2.838797,1.520210,-2.838797,16.117533,0.000000,0.000000,0.000000,0.000000,0.000000,0.000000
90.899998,1.479763,2.826524,1.520237,-2.826524,15.978471,0.000000,0.000000,0.000000,0.000000,0.000000,0.000000
90.999998,1.479736,2.814290,1.520264,-2.814290,15.840454,0.000000,0.000000,0.000000,0.000000,0.000000,0.000000
91.099998,1.479708,2.802095,1.520292,-2.802095,15.703475,0.000000,0.000000,0.000000,0.000000,0.000000,0.000000
91.199998,1.479681,2.789940,1.520319,-2.789940,15.567529,0.000000,0.000000,0.000000,0.000000,0.000000,0.000000
91.299998,1.479653,2.777824,1.520347,-2.777824,15.432610,0.000000,0.000000,0.000000,0.000000,0.000000,0.000000
91.399998,1.479626,2.765747,1.520374,-2.765747,15.298712,0.000000,0.000000,0.000000,0.000000,0.000000,0.000000
91.499998,1.479598,2.753709,1.520402,-2.753709,15.165829,0.000000,0.000000,0.000000,0.000000,0.000000,0.000000
91.599998,1.479570,2.741711,1.520430,-2.741711,15.033956,0.000000,0.000000,0.000000,0.000000,0.000000,0.000000
91.699998,1.479542,2.729751,1.520458,-2.729751,14.903086,0.000000,0.000000,0.000000,0.000000,0.000000,0.000000
91.799998,1.479514,2.717831,1.520486,-2.717831,14.773213,0.000000,0.000000,0.000000,0.000000,0.000000,0.000000
91.899998,1.479486,2.705950,1.520514,-2.705950,14.644333,0.000000,0.000000,0.000000,0.000000,0.000000,0.000000
91.999998,1.479457,2.694108,1.520543,-2.694108,14.516439,0.000000,0.000000,0.000000,0.000000,0.000000,0.000000
92.099998,1.479429,2.682305,1.520571,-2.682305,14.389525,0.000000,0.000000,0.000000,0.000000,0.000000,0.000000
92.199998,1.479400,2.670542,1.520600,-2.670542,14.263586,0.000000,0.000000,0.000000,0.000000,0.000000,0.000000
92.299998,1.479371,2.658817,1.520629,-2.658817,14.138616,0.000000,0.000000,0.000000,0.000000,0.000000,0.000000
92.399998,1.479342,2.647131,1.520658,-2.647131,14.014609,0.000000,0.000000,0.000000,0.000000,0.000000,0.000000
92.499998,1.479313,2.635485,1.520687,-2.635485,13.891559,0.000000,0.000000,0.000000,0.000000,0.000000,0.000000
92.599998,1.479284,2.623877,1.520716,-2.623877,13.769461,0.000000,0.000000,0.000000,0.000000,0.000000,0.000000
92.699998,1.479254,2.612308,1.520746,-2.612308,13.648309,0.000000,0.000000,0.000000,0.000000,0.000000,0.000000
92.799998,1.479225,2.600778,1.520775,-2.600778,13.528097,0.000000,0.000000,0.000000,0.000000,0.000000,0.000000
92.899998,1.479195,2.589288,1.520805,-2.589288,13.408820,0.000000,0.000000,0.000000,0.000000,0.000000,0.000000
92.999998,1.479165,2.577836,1.520835,-2.577836,13.290472,0.000000,0.000000,0.000000,0.000000,0.000000,0.000000
93.099998,1.479135,2.566422,1.520865,-2.566422,13.173048,0.000000,0.000000,0.000000,0.000000,0.000000,0.000000
93.199998,1.479105,2.555048,1.520895,-2.555048,13.056541,0.000000,0.000000,0.000000,0.000000,0.000000,0.000000
93.299998,1.479075,2.543712,1.520925,-2.543712,12.940946,0.000000,0.000000,0.000000,0.000000,0.000000,0.000000
93.399998,1.479045,2.532416,1.520955,-2.532416,12.826258,0.000000,0.000000,0.000000,0.000000,0.000000,0.000000
93.499998,1.479014,2.521157,1.520986,-2.521157,12.712470,0.000000,0.000000,0.000000,0.000000,0.000000,0.000000
93.599998,1.478983,2.509938,1.521017,-2.509938,12.599578,0.000000,0.000000,0.000000,0.000000,0.000000,0.000000
93.699998,1.478952,2.498757,1.521048,-2.498757,12.487575,0.000000,0.000000,0.000000,0.000000,0.000000,0.000000
93.799998,1.478922,2.487615,1.521078,-2.487615,12.376457,0.000000,0.000000,0.000000,0.000000,0.000000,0.000000
93.899998,1.478890,2.476511,1.521110,-2.476511,12.266218,0.000000,0.000000,0.000000,0.000000,0.000000,0.000000
93.999998,1.478859,2.465446,1.521141,-2.465446,12.156851,0.000000,0.000000,0.000000,0.000000,0.000000,0.000000
94.099998,1.478828,2.454420,1.521172,-2.454420,12.048353,0.000000,0.000000,0.000000,0.000000,0.000000,0.000000
94.199998,1.478796,2.443432,1.521204,-2.443432,11.940716,0.000000,0.000000,0.000000,0.000000,0.000000,0.000000
94.299998,1.478764,2.432482,1.521236,-2.432482,11.833936,0.000000,0.000000,0.000000,0.000000,0.000000,0.000000
94.399998,1.478733,2.421571,1.521267,-2.421571,11.728008,0.000000,0.000000,0.000000,0.000000,0.000000,0.000000
94.499998,1.478701,2.410698,1.521299,-2.410698,11.622925,0.000000,0.000000,0.000000,0.000000,0.000000,0.000000
94.599998,1.478669,2.399863,1.521331,-2.399863,11.518683,0.000000,0.000000,0.000000,0.000000,0.000000,0.000000
94.699998,1.478636,2.389066,1.521364,-2.389066,11.415276,0.000000,0.000000,0.000000,0.000000,0.000000,0.000000
94.799998,1.478604,2.378308,1.521396,-2.378308,11.312698,0.000000,0.000000,0.000000,0.000000,0.000000,0.000000
94.899998,1.478571,2.367588,1.521429,-2.367588,11.210945,0.000000,0.000000,0.000000,0.000000,0.000000,0.000000
94.999998,1.478538,2.356906,1.521462,-2.356906,11.110011,0.000000,0.000000,0.000000,0.000000,0.000000,0.000000
95.099998,1.478506,2.346262,1.521494,-2.346262,11.009890,0.000000,0.000000,0.000000,0.000000,0.000000,0.000000
95.199998,1.478473,2.335656,1.521527,-2.335656,10.910577,0.000000,0.000000,0.000000,0.000000,0.000000,0.000000
95.299998,1.478439,2.325088,1.521561,-2.325088,10.812068,0.000000,0.000000,0.000000,0.000000,0.000000,0.000000
95.399998,1.478406,2.314558,1.521594,-2.314558,10.714356,0.000000,0.000000,0.000000,0.000000,0.000000,0.000000
95.499998,1.478373,2.304066,1.521627,-2.304066,10.617437,0.000000,0.000000,0.000000,0.000000,0.000000,0.000000
95.599998,1.478339,2.293611,1.521661,-2.293611,10.521305,0.000000,0.000000,0.000000,0.000000,0.000000,0.000000
95.699998,1.478305,2.283195,1.521695,-2.283195,10.425955,0.000000,0.000000,0.000000,0.000000,0.000000,0.000000
95.799998,1.478271,2.272816,1.521729,-2.272816,10.331382,0.000000,0.000000,0.000000,0.000000,0.000000,0.000000
95.899998,1.478237,2.262474,1.521763,-2.262474,10.237581,0.000000,0.000000,0.000000,0.000000,0.000000,0.000000
95.999998,1.478203,2.252171,1.521797,-2.252171,10.144546,0.000000,0.000000,0.000000,0.000000,0.000000,0.000000
96.099998,1.478168,2.241905,1.521832,-2.241905,10.052272,0.000000,0.000000,0.000000,0.000000,0.000000,0.000000
96.199998,1.478134,2.231676,1.521866,-2.231676,9.960755,0.000000,0.000000,0.000000,0.000000,0.000000,0.000000
96.299998,1.478099,2.221485,1.521901,-2.221485,9.869989,0.000000,0.000000,0.000000,0.000000,0.000000,0.000000
96.399998,1.478064,2.211331,1.521936,-2.211331,9.779969,0.000000,0.000000,0.000000,0.000000,0.000000,0.000000
96.499998,1.478029,2.201214,1.521971,-2.201214,9.690690,0.000000,0.000000,0.000000,0.000000,0.000000,0.000000
96.599998,1.477994,2.191135,1.522006,-2.191135,9.602146,0.000000,0.000000,0.000000,0.000000,0.000000,0.000000
96.699998,1.477959,2.181093,1.522041,-2.181093,9.514334,0.000000,0.000000,0.000000,0.000000,0.000000,0.000000
96.799998,1.477923,2.171088,1.522077,-2.171088,9.427247,0.000000,0.000000,0.000000,0.000000,0.000000,0.000000
96.899998,1.477888,2.161120,1.522112,-2.161120,9.340882,0.000000,0.000000,0.000000,0.000000,0.000000,0.000000
96.999998,1.477852,2.151189,1.522148,-2.151189,9.255232,0.000000,0.000000,0.000000,0.000000,0.000000,0.000000
97.099998,1.477816,2.141295,1.522184,-2.141295,9.170293,0.000000,0.000000,0.000000,0.000000,0.000000,0.000000
97.199998,1.477780,2.131438,1.522220,-2.131438,9.086060,0.000000,0.000000,0.000000,0.000000,0.000000,0.000000
97.299998,1.477744,2.121618,1.522256,-2.121618,9.002528,0.000000,0.000000,0.000000,0.000000,0.000000,0.000000
97.399998,1.477707,2.111835,1.522293,-2.111835,8.919692,0.000000,0.000000,0.000000,0.000000,0.000000,0.000000
97.499998,1.477671,2.102088,1.522329,-2.102088,8.837547,0.000000,0.000000,0.000000,0.000000,0.000000,0.000000
97.599998,1.477634,2.092378,1.522366,-2.092378,8.756089,0.000000,0.000000,0.000000,0.000000,0.000000,0.000000
97.699998,1.477598,2.082704,1.522402,-2.082704,8.675312,0.000000,0.000000,0.000000,0.000000,0.000000,0.000000
97.799998,1.477561,2.073067,1.522439,-2.073067,8.595212,0.000000,0.000000,0.000000,0.000000,0.000000,0.000000
97.899998,1.477524,2.063466,1.522476,-2.063466,8.515785,0.000000,0.000000,0.000000,0.000000,0.000000,0.000000
97.999998,1.477487,2.053902,1.522513,-2.053902,8.437024,0.000000,0.000000,0.000000,0.000000,0.000000,0.000000
98.099998,1.477449,2.044374,1.522551,-2.044374,8.358926,0.000000,0.000000,0.000000,0.000000,0.000000,0.000000
98.199998,1.477412,2.034882,1.522588,-2.034882,8.281486,0.000000,0.000000,0.000000,0.000000,0.000000,0.000000
98.299998,1.477374,2.025426,1.522626,-2.025426,8.204699,0.000000,0.000000,0.000000,0.000000,0.000000,0.000000
98.399998,1.477337,2.016006,1.522663,-2.016006,8.128561,0.000000,0.000000,0.000000,0.000000,0.000000,0.000000
98.499998,1.477299,2.006622,1.522701,-2.006622,8.053066,0.000000,0.000000,0.000000,0.000000,0.000000,0.000000
98.599998,1.477261,1.997274,1.522739,-1.997274,7.978211,0.000000,0.000000,0.000000,0.000000,0.000000,0.000000
98.699998,1.477222,1.987962,1.522778,-1.987962,7.903990,0.000000,0.000000,0.000000,0.000000,0.000000,0.000000
98.799998,1.477184,1.978686,1.522816,-1.978686,7.830399,0.000000,0.000000,0.000000,0.000000,0.000000,0.000000
98.899998,1.477146,1.969446,1.522854,-1.969446,7.757434,0.000000,0.000000,0.000000,0.000000,0.000000,0.000000
98.999998,1.477107,1.960241,1.522893,-1.960241,7.685090,0.000000,0.000000,0.000000,0.000000,0.000000,0.000000
99.099998,1.477068,1.951072,1.522932,-1.951072,7.613362,0.000000,0.000000,0.000000,0.000000,0.000000,0.000000
99.199998,1.477029,1.941938,1.522971,-1.941938,7.542246,0.000000,0.000000,0.000000,0.000000,0.000000,0.000000
99.299998,1.476990,1.932840,1.523010,-1.932840,7.471738,0.000000,0.000000,0.000000,0.000000,0.000000,0.000000
99.399998,1.476951,1.923777,1.523049,-1.923777,7.401832,0.000000,0.000000,0.000000,0.000000,0.000000,0.000000
99.499998,1.476911,1.914749,1.523089,-1.914749,7.332526,0.000000,0.000000,0.000000,0.000000,0.000000,0.000000
99.599998,1.476872,1.905756,1.523128,-1.905756,7.263814,0.000000,0.000000,0.000000,0.000000,0.000000,0.000000
99.699998,1.476832,1.896799,1.523168,-1.896799,7.195691,0.000000,0.000000,0.000000,0.000000,0.000000,0.000000
99.799998,1.476792,1.887876,1.523208,-1.887876,7.128154,0.000000,0.000000,0.000000,0.000000,0.000000,0.000000
99.899998,1.476752,1.878989,1.523248,-1.878989,7.061199,0.000000,0.000000,0.000000,0.000000,0.000000,0.000000
99.999998,1.476712,1.870136,1.523288,-1.870136,6.994820,0.000000,0.000000,0.000000,0.000000,0.000000,0.000000
